customer_id,name,email,age,gender,location,subscription_plan,signup_date,tenure_months,monthly_spend,previous_month_spend,total_spend,login_frequency_per_week,sessions_per_week,avg_session_duration_mins,days_since_last_login,feature_usage_score,usage_change_30d_pct,marketing_emails_opened_pct,support_tickets,complaints,avg_resolution_time_hours,payment_failures_last_3m,discount_received,customer_satisfaction_score,churn,actual_ltv
CUST-1000,Rahul Reddy,rahul.reddy.1000@example.com,22,Female,Chennai,Standard,2026-02-07,5,4847.49,5040.25,23988.28,0.8,1.8,29.4,5,1,-27.0,21.6,3,1,48.2,0,1,4,0,126097.39
CUST-1001,Tanvi Iyer,tanvi.iyer.1001@example.com,57,Female,Chennai,Premium,2026-05-19,2,11061.08,11500.92,21894.73,4.9,10.9,31.9,2,9,-42.6,17.2,2,0,25.8,1,0,4,0,558597.03
CUST-1002,Harsh Sharma,harsh.sharma.1002@example.com,45,Female,Hyderabad,Basic,2026-01-20,6,1583.7,1646.68,9404.51,3.3,7.3,19.4,1,9,32.6,0.0,2,1,19.9,0,0,4,0,80361.22
CUST-1003,Siddharth Bose,siddharth.bose.1003@example.com,48,Female,Pune,Standard,2025-09-18,10,4517.78,4697.43,44713.35,4.2,9.4,25.6,39,7,-22.2,77.3,1,0,18.3,2,1,4,0,201574.02
CUST-1004,Karan Chopra,karan.chopra.1004@example.com,23,Male,Mumbai,Standard,2025-06-22,13,4145.63,4310.48,53339.14,8.1,18.0,24.8,17,1,9.3,43.0,1,0,11.2,0,0,5,0,161139.86
CUST-1005,Sneha Agarwal,sneha.agarwal.1005@example.com,52,Male,Delhi NCR,Standard,2026-06-12,1,4089.98,4252.62,4047.93,0.5,1.1,12.6,7,10,-5.5,87.2,1,0,7.2,0,0,4,0,188086.2
CUST-1006,Harsh Bose,harsh.bose.1006@example.com,35,Other,Delhi NCR,Premium,2025-04-24,15,9458.47,9834.58,140418.48,3.0,6.7,25.5,16,2,75.0,37.4,1,1,1.0,1,1,3,0,401727.33
CUST-1007,Varun Chopra,varun.chopra.1007@example.com,23,Male,Pune,Basic,2025-09-12,10,1738.95,1808.1,17210.73,2.6,5.8,35.6,20,8,10.4,48.8,5,3,37.3,0,1,2,0,60315.06
CUST-1008,Rahul Chopra,rahul.chopra.1008@example.com,50,Male,Pune,Basic,2025-08-25,11,1612.18,1676.29,17551.67,3.0,6.7,18.3,8,8,-54.1,63.4,1,0,19.3,2,0,4,0,72648.97
CUST-1009,Shreya Agarwal,shreya.agarwal.1009@example.com,36,Female,Chennai,Premium,2024-05-22,26,10663.1,11087.12,274390.43,0.2,0.5,23.7,5,5,30.9,81.3,1,0,23.3,0,0,5,0,621691.57
CUST-1010,Nikhil Iyer,nikhil.iyer.1010@example.com,33,Male,Pune,Basic,2026-01-29,6,1740.08,1809.27,10333.15,6.9,15.4,24.3,16,2,-12.8,54.0,0,0,17.4,2,0,3,0,41258.52
CUST-1011,Deepak Bose,deepak.bose.1011@example.com,58,Female,Chennai,Standard,2026-04-12,3,3627.76,3772.02,10771.39,7.0,15.6,18.9,6,3,-7.6,42.1,0,0,7.7,0,0,4,0,150811.65
CUST-1012,Karan Mehta,karan.mehta.1012@example.com,49,Female,Ahmedabad,Basic,2025-07-19,12,1679.75,1746.54,19949.78,5.4,12.0,29.4,1,5,-20.8,42.7,5,2,26.0,0,1,3,1,68463.13
CUST-1013,Karan Kapoor,karan.kapoor.1013@example.com,41,Male,Mumbai,Basic,2023-02-25,41,1578.15,1640.9,64038.96,1.4,3.1,14.5,3,3,3.5,16.9,5,2,43.1,0,0,3,0,79160.89
CUST-1014,Meera Patel,meera.patel.1014@example.com,45,Female,Hyderabad,Standard,2025-08-26,11,4238.22,4406.75,46141.14,4.8,10.7,36.7,4,10,3.1,32.8,4,1,3.5,0,1,5,0,234928.25
CUST-1015,Varun Kapoor,varun.kapoor.1015@example.com,42,Male,Chennai,Premium,2024-06-16,25,10676.69,11101.25,264173.2,6.0,13.4,28.9,20,1,-20.1,43.2,1,1,17.9,0,1,4,0,460695.87
CUST-1016,Priya Kumar,priya.kumar.1016@example.com,31,Male,Pune,Basic,2024-11-20,20,1636.4,1701.47,32391.54,5.0,11.1,11.7,8,6,-16.2,75.2,1,0,16.3,0,0,4,0,91671.66
CUST-1017,Sneha Chopra,sneha.chopra.1017@example.com,35,Female,Bengaluru,Basic,2025-08-13,11,1813.74,1885.86,19746.03,4.1,9.1,40.7,15,5,0.8,31.7,2,1,19.1,0,0,4,0,87157.82
CUST-1018,Meera Saxena,meera.saxena.1018@example.com,58,Female,Jaipur,Basic,2025-04-15,15,1723.07,1791.59,25580.34,7.2,16.0,23.8,10,3,-67.6,67.5,1,0,1.0,0,0,4,0,68697.18
CUST-1019,Rohan Deshmukh,rohan.deshmukh.1019@example.com,39,Female,Delhi NCR,Standard,2025-11-14,8,4372.88,4546.77,34623.4,2.7,6.0,14.0,2,9,-42.4,40.0,2,0,27.2,0,0,5,0,262924.43
CUST-1020,Isha Chopra,isha.chopra.1020@example.com,45,Male,Mumbai,Basic,2025-08-18,11,1744.97,1814.36,18997.34,3.8,8.5,34.2,9,10,44.8,71.8,3,1,38.0,1,0,4,0,95767.39
CUST-1021,Varun Mehta,varun.mehta.1021@example.com,35,Female,Jaipur,Standard,2025-09-09,10,3652.78,3798.03,36152.28,5.5,12.2,27.4,1,8,7.2,58.2,0,0,4.2,0,0,4,0,196717.6
CUST-1022,Aditi Verma,aditi.verma.1022@example.com,55,Male,Kolkata,Premium,2025-01-29,18,8184.4,8509.85,145804.68,4.9,10.9,2.5,3,7,-16.7,56.6,2,0,1.0,0,0,4,0,471827.3
CUST-1023,Meera Saxena,meera.saxena.1023@example.com,33,Female,Pune,Standard,2025-11-13,8,3715.76,3863.52,29420.48,5.4,12.0,16.2,12,2,-49.5,65.5,2,0,40.0,0,1,4,0,145199.09
CUST-1024,Neha Malhotra,neha.malhotra.1024@example.com,43,Male,Chennai,Basic,2026-05-19,2,1578.67,1641.45,3124.88,5.3,11.8,25.1,7,10,-3.6,62.0,0,0,11.0,0,1,5,0,87265.68
CUST-1025,Simran Agarwal,simran.agarwal.1025@example.com,27,Female,Hyderabad,Standard,2024-09-17,22,3928.65,4084.87,85541.75,5.3,11.8,2.0,13,5,25.6,67.5,1,0,4.3,0,0,4,0,204164.64
CUST-1026,Ananya Chauhan,ananya.chauhan.1026@example.com,57,Male,Bengaluru,Enterprise,2025-02-10,17,31111.04,32348.17,523450.45,3.4,7.6,22.9,2,5,71.9,93.2,0,0,14.7,2,0,4,0,1200000.0
CUST-1027,Aditi Patel,aditi.patel.1027@example.com,57,Male,Hyderabad,Basic,2023-01-12,42,1633.61,1698.57,67906.26,2.7,6.0,23.7,10,6,51.0,80.8,2,2,35.8,0,1,2,0,97939.32
CUST-1028,Swati Gupta,swati.gupta.1028@example.com,43,Male,Jaipur,Basic,2025-11-15,8,1696.64,1764.11,13433.58,4.5,10.0,9.0,1,6,-26.8,53.2,1,1,16.5,0,0,3,0,72216.98
CUST-1029,Tara Saxena,tara.saxena.1029@example.com,35,Female,Bengaluru,Standard,2026-06-02,2,3989.35,4147.99,7896.67,7.4,16.5,25.0,5,3,-15.9,31.4,4,1,25.6,1,0,3,1,108151.53
CUST-1030,Varun Nair,varun.nair.1030@example.com,37,Female,Chandigarh,Basic,2026-05-23,2,1517.93,1578.29,3004.65,4.1,9.1,22.1,4,4,-43.2,50.8,2,0,14.6,2,1,3,1,40200.79
CUST-1031,Aarav Singh,aarav.singh.1031@example.com,57,Female,Delhi NCR,Standard,2024-10-27,21,4068.63,4230.42,84562.85,5.5,12.2,8.9,6,1,-25.6,0.0,1,0,7.7,2,1,4,1,138819.36
CUST-1032,Neha Chopra,neha.chopra.1032@example.com,46,Male,Pune,Premium,2026-06-10,1,10299.87,10709.44,10193.98,4.4,9.8,32.1,1,1,-8.0,61.9,1,0,1.0,1,0,4,0,332306.55
CUST-1033,Shreya Singh,shreya.singh.1033@example.com,53,Male,Kolkata,Standard,2023-09-25,34,4262.12,4431.6,143422.31,8.5,18.9,31.2,3,5,-12.3,16.6,3,0,32.0,0,1,4,0,259770.92
CUST-1034,Isha Bose,isha.bose.1034@example.com,54,Male,Jaipur,Standard,2026-02-11,5,4323.68,4495.61,21396.15,3.9,8.7,18.8,8,4,55.5,68.9,2,0,22.8,0,1,5,0,182548.73
CUST-1035,Harsh Kapoor,harsh.kapoor.1035@example.com,57,Female,Chennai,Standard,2023-10-18,33,4427.7,4603.77,144611.97,5.5,12.2,19.8,6,7,-38.8,89.5,1,0,6.8,0,1,5,0,271720.67
CUST-1036,Neha Gupta,neha.gupta.1036@example.com,41,Male,Delhi NCR,Basic,2024-10-27,21,1752.46,1822.15,36423.32,2.7,6.0,30.0,5,7,-3.3,7.2,1,1,28.9,0,0,3,0,89450.53
CUST-1037,Sanjay Kapoor,sanjay.kapoor.1037@example.com,39,Female,Kolkata,Basic,2024-02-21,29,1396.51,1452.04,40082.44,1.8,4.0,19.8,5,4,-59.8,40.8,0,0,5.6,0,0,4,0,75194.95
CUST-1038,Manish Pandey,manish.pandey.1038@example.com,59,Female,Hyderabad,Premium,2026-03-15,4,10545.98,10965.34,41750.25,4.2,9.4,2.0,21,10,7.3,16.5,1,0,15.5,2,1,2,0,446706.21
CUST-1039,Aditya Gupta,aditya.gupta.1039@example.com,24,Female,Delhi NCR,Enterprise,2025-06-20,13,27427.21,28517.85,352888.18,6.7,14.9,27.4,20,2,-39.6,0.5,1,1,31.1,0,0,3,0,630658.33
CUST-1040,Aditya Gupta,aditya.gupta.1040@example.com,44,Female,Kolkata,Premium,2026-05-21,2,10206.52,10612.38,20203.18,5.5,12.2,13.1,3,10,28.9,39.4,1,0,21.6,0,0,5,0,500031.77
CUST-1041,Rajesh Sharma,rajesh.sharma.1041@example.com,53,Female,Kolkata,Enterprise,2026-03-30,4,25365.06,26373.7,100417.18,0.2,0.5,17.7,3,4,-10.1,57.2,2,2,27.1,0,0,2,1,1066144.94
CUST-1042,Pooja Verma,pooja.verma.1042@example.com,37,Female,Hyderabad,Basic,2026-01-23,6,1563.88,1626.07,9286.82,5.7,12.7,38.0,6,8,-41.3,60.1,1,0,25.8,0,1,5,0,82773.05
CUST-1043,Swati Malhotra,swati.malhotra.1043@example.com,26,Male,Kolkata,Basic,2024-12-19,19,1470.38,1528.85,27650.01,1.0,2.2,20.5,0,2,-60.9,45.7,1,0,16.1,0,0,3,0,51873.39
CUST-1044,Tara Sharma,tara.sharma.1044@example.com,25,Female,Mumbai,Standard,2026-06-19,1,4969.78,5167.4,4918.69,6.0,13.4,22.0,2,5,-29.4,2.1,6,4,41.7,2,1,1,1,13894.95
CUST-1045,Tara Singh,tara.singh.1045@example.com,42,Male,Bengaluru,Basic,2023-10-17,33,1609.85,1673.87,52578.9,5.3,11.8,27.6,1,7,4.7,45.0,1,0,36.1,1,0,3,0,94557.14
CUST-1046,Divya Agarwal,divya.agarwal.1046@example.com,35,Male,Mumbai,Premium,2026-05-29,2,11236.39,11683.2,22241.75,3.9,8.7,27.6,1,10,9.8,6.2,1,0,2.5,0,1,4,0,558852.78
CUST-1047,Siddharth Chauhan,siddharth.chauhan.1047@example.com,52,Male,Hyderabad,Enterprise,2025-12-10,7,26784.56,27849.64,185564.41,5.7,12.7,11.9,7,6,-16.0,7.8,1,0,20.8,0,0,4,0,1200000.0
CUST-1048,Simran Chopra,simran.chopra.1048@example.com,35,Male,Ahmedabad,Premium,2026-05-15,2,8791.24,9140.82,17401.72,3.6,8.0,21.3,3,9,23.9,18.1,3,0,33.0,0,0,5,0,345200.39
CUST-1049,Simran Kumar,simran.kumar.1049@example.com,27,Male,Delhi NCR,Standard,2024-10-31,21,4309.36,4480.72,89566.21,4.5,10.0,22.4,1,2,-33.8,67.2,2,2,11.6,0,1,2,0,155297.88
CUST-1050,Siddharth Deshmukh,siddharth.deshmukh.1050@example.com,33,Male,Chandigarh,Basic,2026-04-20,3,1369.87,1424.34,4067.36,1.2,2.7,25.0,16,4,-84.0,55.1,0,0,35.6,1,0,3,1,12391.25
CUST-1051,Simran Verma,simran.verma.1051@example.com,37,Female,Chennai,Basic,2023-12-23,31,1823.79,1896.31,55956.26,3.7,8.2,25.2,15,7,5.9,49.7,3,1,44.3,0,0,3,0,109533.44
CUST-1052,Nikhil Chauhan,nikhil.chauhan.1052@example.com,38,Male,Chennai,Standard,2025-08-31,11,4744.78,4933.46,51656.01,6.1,13.6,50.5,14,8,34.1,21.3,1,1,18.4,0,0,3,0,257912.16
CUST-1053,Neha Mishra,neha.mishra.1053@example.com,44,Male,Jaipur,Standard,2023-02-02,42,4614.99,4798.5,191836.91,1.4,3.1,9.1,3,5,34.4,32.7,3,1,27.5,1,0,4,0,264188.76
CUST-1054,Deepak Chauhan,deepak.chauhan.1054@example.com,35,Male,Jaipur,Standard,2026-02-10,5,4452.64,4629.7,22034.32,5.9,13.1,32.8,0,5,-38.4,9.1,0,0,7.2,1,1,4,0,176792.51
CUST-1055,Tanvi Kapoor,tanvi.kapoor.1055@example.com,28,Female,Hyderabad,Enterprise,2025-10-30,9,27572.45,28668.86,245600.92,0.2,0.5,35.0,0,4,-17.3,74.7,0,0,6.1,0,1,5,0,1200000.0
CUST-1056,Swati Rao,swati.rao.1056@example.com,53,Female,Jaipur,Premium,2025-02-20,17,11238.45,11685.35,189089.52,1.7,3.8,27.4,2,9,18.3,94.7,2,0,2.4,1,0,5,0,630865.45
CUST-1057,Sanjay Kapoor,sanjay.kapoor.1057@example.com,36,Female,Chennai,Basic,2024-06-26,25,1494.95,1554.4,36989.53,3.5,7.8,14.8,1,10,-19.6,55.4,0,0,36.3,0,1,4,0,105606.16
CUST-1058,Rohan Deshmukh,rohan.deshmukh.1058@example.com,38,Female,Mumbai,Basic,2025-12-01,8,1758.16,1828.07,13920.68,4.5,10.0,40.3,15,4,1.0,59.6,1,0,13.2,2,1,4,0,74901.89
CUST-1059,Vikram Pandey,vikram.pandey.1059@example.com,55,Male,Chandigarh,Standard,2023-11-25,32,4412.86,4588.34,139759.79,3.0,6.7,2.0,32,3,-22.1,38.2,1,0,1.0,1,0,4,0,182209.02
CUST-1060,Nikhil Bose,nikhil.bose.1060@example.com,26,Female,Chennai,Basic,2026-05-16,2,1861.1,1935.11,3683.93,2.9,6.5,14.5,12,9,-32.5,3.1,0,0,28.5,0,0,4,0,84624.71
CUST-1061,Rahul Bhatia,rahul.bhatia.1061@example.com,48,Male,Mumbai,Premium,2025-01-08,18,10706.39,11132.13,190733.81,6.5,14.5,34.9,9,7,-27.1,21.7,2,0,24.1,1,0,4,0,468529.7
CUST-1062,Varun Iyer,varun.iyer.1062@example.com,44,Male,Ahmedabad,Standard,2026-01-12,6,4996.69,5195.38,29671.93,6.7,14.9,17.9,6,9,24.8,30.8,2,1,28.5,0,0,4,0,270154.57
CUST-1063,Amit Joshi,amit.joshi.1063@example.com,35,Female,Hyderabad,Basic,2026-05-28,2,1657.76,1723.68,3281.43,3.3,7.3,39.6,11,4,-1.6,32.8,2,0,8.1,2,0,3,1,57669.08
CUST-1064,Rahul Sharma,rahul.sharma.1064@example.com,36,Male,Pune,Standard,2025-12-24,7,3885.39,4039.89,26918.12,3.4,7.6,5.4,22,3,33.6,27.2,1,1,19.2,0,0,3,0,139853.25
CUST-1065,Rhea Deshmukh,rhea.deshmukh.1065@example.com,54,Female,Ahmedabad,Standard,2024-01-10,30,4304.09,4475.24,127795.25,3.6,8.0,9.8,6,10,12.6,43.1,1,1,48.9,0,0,3,0,252056.28
CUST-1066,Priya Iyer,priya.iyer.1066@example.com,52,Female,Ahmedabad,Premium,2022-07-27,48,10338.85,10749.97,491162.95,8.9,19.8,16.2,1,8,43.0,21.6,3,1,28.6,0,1,4,0,669833.57
CUST-1067,Sanjay Chauhan,sanjay.chauhan.1067@example.com,56,Male,Chennai,Basic,2025-12-10,7,1755.37,1825.17,12161.27,4.2,9.4,26.6,1,4,20.9,94.0,2,1,17.7,0,0,4,0,75208.57
CUST-1068,Tara Bose,tara.bose.1068@example.com,38,Male,Hyderabad,Premium,2023-12-16,31,8100.71,8422.83,248540.35,7.5,16.7,19.6,6,10,19.3,9.2,0,0,24.9,0,1,4,0,524813.08
CUST-1069,Kavya Chauhan,kavya.chauhan.1069@example.com,49,Male,Bengaluru,Standard,2025-09-07,10,4305.96,4477.19,42616.93,5.7,12.7,16.6,3,3,-5.4,63.3,1,1,34.1,0,0,4,0,187816.26
CUST-1070,Rhea Deshmukh,rhea.deshmukh.1070@example.com,40,Female,Kolkata,Premium,2025-01-17,18,8840.01,9191.53,157484.34,4.0,8.9,37.6,18,4,75.0,35.7,2,1,45.8,0,0,3,0,426118.74
CUST-1071,Shreya Kumar,shreya.kumar.1071@example.com,44,Female,Ahmedabad,Basic,2026-07-02,1,1808.12,1880.02,1789.53,2.8,6.2,38.6,7,2,1.2,53.1,2,0,16.8,0,0,4,0,66286.44
CUST-1072,Amit Sharma,amit.sharma.1072@example.com,53,Male,Jaipur,Standard,2025-07-20,12,3813.11,3964.74,45286.91,5.8,12.9,17.4,8,4,-57.3,54.2,1,0,24.8,1,0,3,0,116942.27
CUST-1073,Shreya Bose,shreya.bose.1073@example.com,34,Male,Mumbai,Standard,2026-05-16,2,4531.91,4712.12,8970.64,2.5,5.6,3.2,0,7,5.5,45.8,2,1,30.4,0,0,4,0,220178.3
CUST-1074,Varun Bhatia,varun.bhatia.1074@example.com,41,Female,Bengaluru,Standard,2026-02-12,5,3971.49,4129.42,19653.31,3.4,7.6,2.0,5,3,-29.5,14.8,2,0,7.4,0,0,4,0,144949.39
CUST-1075,Aditi Pandey,aditi.pandey.1075@example.com,56,Female,Hyderabad,Premium,2025-07-15,12,9222.08,9588.79,109527.27,5.6,12.5,24.6,4,1,26.5,34.0,5,1,7.6,0,0,4,0,335448.78
CUST-1076,Tanvi Patel,tanvi.patel.1076@example.com,26,Male,Pune,Standard,2024-07-24,24,4915.55,5111.02,116760.38,3.7,8.2,29.2,9,10,18.3,46.1,0,0,23.5,0,0,5,0,309380.79
CUST-1077,Tara Pandey,tara.pandey.1077@example.com,30,Male,Chandigarh,Premium,2025-07-14,12,8856.43,9208.6,105184.58,3.4,7.6,22.7,3,8,-7.4,44.6,3,0,24.3,1,0,4,0,449423.96
CUST-1078,Siddharth Kapoor,siddharth.kapoor.1078@example.com,50,Female,Bengaluru,Basic,2023-04-14,39,1398.94,1454.57,53997.77,3.6,8.0,21.2,28,6,-26.9,17.4,3,1,1.0,0,0,4,0,71486.62
CUST-1079,Tara Iyer,tara.iyer.1079@example.com,27,Male,Pune,Premium,2024-07-28,24,8317.32,8648.06,197563.53,2.8,6.2,13.2,8,3,2.1,73.0,1,0,22.4,0,1,5,0,464440.29
CUST-1080,Rahul Saxena,rahul.saxena.1080@example.com,46,Male,Chennai,Basic,2026-04-16,3,1613.85,1678.02,4791.78,5.1,11.4,29.2,8,8,-20.0,0.0,2,0,15.1,0,1,5,0,79556.1
CUST-1081,Neha Chopra,neha.chopra.1081@example.com,52,Female,Delhi NCR,Premium,2025-12-19,7,10120.27,10522.7,70113.6,4.3,9.6,40.5,18,6,20.1,36.0,2,0,21.2,0,0,3,0,492331.51
CUST-1082,Harsh Chauhan,harsh.chauhan.1082@example.com,43,Female,Kolkata,Enterprise,2025-03-21,16,25362.8,26371.35,401632.92,1.4,3.1,2.0,40,1,13.6,19.9,0,0,10.2,0,1,5,0,1127505.44
CUST-1083,Sneha Das,sneha.das.1083@example.com,23,Male,Chennai,Basic,2023-03-27,40,1711.24,1779.29,67745.9,3.2,7.1,21.1,1,9,75.0,46.4,3,0,33.5,0,0,4,0,106762.12
CUST-1084,Siddharth Mehta,siddharth.mehta.1084@example.com,26,Male,Hyderabad,Standard,2022-07-13,48,3684.53,3831.04,175039.26,3.4,7.6,11.3,12,9,-14.5,66.4,2,0,28.4,0,0,3,0,271204.36
CUST-1085,Rohan Kumar,rohan.kumar.1085@example.com,48,Male,Delhi NCR,Standard,2024-10-23,21,4799.07,4989.9,99744.4,3.4,7.6,5.6,1,9,-10.5,8.2,3,1,7.3,0,0,3,0,317426.59
CUST-1086,Kavya Saxena,kavya.saxena.1086@example.com,46,Male,Pune,Basic,2025-07-25,12,1777.51,1848.19,21110.84,5.5,12.2,9.6,4,6,-6.3,98.5,3,2,20.2,0,0,2,0,86955.96
CUST-1087,Manish Rao,manish.rao.1087@example.com,29,Female,Delhi NCR,Standard,2024-11-27,20,4978.45,5176.42,98545.38,2.7,6.0,26.2,0,6,-5.1,46.8,4,1,24.7,2,0,3,0,202441.48
CUST-1088,Priya Bhatia,priya.bhatia.1088@example.com,22,Male,Chandigarh,Standard,2026-02-08,5,4909.88,5105.12,24297.02,9.9,22.0,26.5,7,4,26.8,51.2,2,0,8.6,0,0,4,0,199793.76
CUST-1089,Rhea Reddy,rhea.reddy.1089@example.com,41,Female,Jaipur,Premium,2026-02-27,5,9221.0,9587.67,45631.02,7.1,15.8,38.1,4,8,-9.7,7.4,6,1,37.0,0,1,4,0,446358.67
CUST-1090,Sneha Bhatia,sneha.bhatia.1090@example.com,44,Female,Jaipur,Premium,2025-04-27,15,9356.68,9728.75,138907.33,7.1,15.8,22.1,7,9,53.2,40.9,3,2,19.9,0,1,2,0,505428.78
CUST-1091,Priya Bhatia,priya.bhatia.1091@example.com,53,Male,Chennai,Premium,2024-02-27,29,10448.63,10864.12,299895.17,2.0,4.5,2.7,8,7,14.3,65.3,2,1,36.9,0,1,4,0,594333.77
CUST-1092,Aditi Kumar,aditi.kumar.1092@example.com,32,Male,Chennai,Standard,2022-07-22,48,3786.77,3937.35,179896.32,0.2,0.5,19.4,7,7,-15.6,47.0,0,0,1.0,2,0,2,0,220347.81
CUST-1093,Simran Iyer,simran.iyer.1093@example.com,45,Male,Hyderabad,Premium,2026-01-28,6,9088.14,9449.53,53968.26,3.5,7.8,6.7,2,2,-22.8,45.4,1,0,11.1,3,0,3,1,329353.17
CUST-1094,Ananya Iyer,ananya.iyer.1094@example.com,32,Female,Hyderabad,Standard,2024-08-11,23,3765.02,3914.74,85705.21,4.8,10.7,8.7,13,2,27.1,40.8,2,1,40.7,0,0,3,0,179145.3
CUST-1095,Isha Mishra,isha.mishra.1095@example.com,50,Female,Mumbai,Standard,2024-04-26,27,4235.78,4404.22,113190.32,3.9,8.7,28.4,6,10,-1.2,8.9,1,0,15.3,0,0,4,0,244338.02
CUST-1096,Pooja Chauhan,pooja.chauhan.1096@example.com,47,Male,Chandigarh,Standard,2025-05-29,14,4371.71,4545.55,60574.73,3.1,6.9,24.1,5,2,-1.7,8.8,2,0,16.3,0,0,4,0,175905.0
CUST-1097,Priya Singh,priya.singh.1097@example.com,37,Female,Hyderabad,Enterprise,2026-01-30,6,24346.68,25314.82,144578.3,0.5,1.1,28.5,32,4,-18.8,70.1,2,0,25.3,0,0,3,0,1078085.47
CUST-1098,Isha Nair,isha.nair.1098@example.com,56,Female,Ahmedabad,Premium,2025-05-25,14,8182.98,8508.37,113383.97,2.8,6.2,18.1,2,9,-3.7,63.2,1,0,22.3,0,0,4,0,436754.25
CUST-1099,Harsh Rao,harsh.rao.1099@example.com,41,Female,Chandigarh,Standard,2025-06-22,13,4605.95,4789.1,59261.78,3.7,8.2,30.7,5,5,-19.9,66.7,0,0,14.7,1,0,3,0,213574.19
CUST-1100,Rajesh Malhotra,rajesh.malhotra.1100@example.com,24,Male,Mumbai,Premium,2025-05-14,14,8162.11,8486.67,113094.79,3.2,7.1,17.5,8,2,36.1,22.3,1,0,31.8,1,0,3,0,363130.99
CUST-1101,Rhea Kapoor,rhea.kapoor.1101@example.com,22,Female,Jaipur,Standard,2025-05-14,14,4961.52,5158.81,68747.18,3.1,6.9,34.3,1,4,18.1,38.2,0,0,17.6,0,0,4,0,224238.63
CUST-1102,Shreya Chauhan,shreya.chauhan.1102@example.com,22,Female,Bengaluru,Premium,2024-04-23,27,8797.09,9146.9,235079.59,2.5,5.6,25.8,3,7,-6.9,71.6,2,1,30.5,0,0,3,0,554826.22
CUST-1103,Neha Chauhan,neha.chauhan.1103@example.com,38,Male,Mumbai,Standard,2026-04-26,3,4528.33,4708.4,13445.33,7.7,17.1,19.7,12,5,-7.3,12.5,1,1,35.3,0,0,4,0,135051.33
CUST-1104,Aditi Gupta,aditi.gupta.1104@example.com,23,Male,Mumbai,Basic,2025-12-19,7,1577.19,1639.91,10926.83,5.7,12.7,24.3,2,8,0.6,69.1,3,1,1.0,2,1,3,0,72098.97
CUST-1105,Pooja Verma,pooja.verma.1105@example.com,50,Male,Chennai,Standard,2025-06-27,13,3682.62,3829.06,47381.89,6.2,13.8,21.8,5,1,-2.2,27.9,1,0,7.4,0,0,3,0,150678.8
CUST-1106,Simran Rao,simran.rao.1106@example.com,41,Male,Kolkata,Standard,2026-02-27,5,4259.99,4429.39,21080.98,4.8,10.7,39.6,7,5,-28.8,21.5,1,0,8.9,0,0,3,1,151778.16
CUST-1107,Priya Agarwal,priya.agarwal.1107@example.com,27,Male,Delhi NCR,Standard,2022-07-29,48,4322.38,4494.26,205341.3,1.4,3.1,24.7,8,4,-55.2,41.2,4,1,31.9,0,1,4,0,252722.88
CUST-1108,Kavya Patel,kavya.patel.1108@example.com,29,Female,Jaipur,Standard,2026-02-28,5,4795.36,4986.05,23730.31,5.8,12.9,22.0,9,3,-24.3,15.2,1,0,36.9,0,0,4,1,192098.73
CUST-1109,Rajesh Kapoor,rajesh.kapoor.1109@example.com,50,Male,Pune,Standard,2025-10-10,9,4624.13,4808.01,41189.32,7.0,15.6,19.4,15,7,-5.6,0.0,1,1,1.6,0,1,5,0,231102.36
CUST-1110,Divya Mehta,divya.mehta.1110@example.com,54,Male,Pune,Premium,2024-01-27,30,8348.88,8680.87,247891.48,7.3,16.3,31.3,3,10,-22.7,43.8,1,1,19.0,0,0,2,0,517446.93
CUST-1111,Siddharth Mehta,siddharth.mehta.1111@example.com,24,Female,Hyderabad,Premium,2026-05-31,2,8757.89,9106.15,17335.71,5.5,12.2,29.8,9,1,20.9,54.8,1,0,29.1,1,1,4,0,358608.01
CUST-1112,Sneha Das,sneha.das.1112@example.com,56,Male,Jaipur,Standard,2024-07-02,25,4035.63,4196.11,99853.54,4.2,9.4,19.0,9,6,-8.4,71.2,1,0,1.0,0,0,4,0,210263.83
CUST-1113,Kavya Gupta,kavya.gupta.1113@example.com,26,Male,Ahmedabad,Enterprise,2025-07-13,12,23517.63,24452.8,279310.28,4.2,9.4,9.3,2,8,50.5,56.6,0,0,20.6,0,0,4,0,1200000.0
CUST-1114,Deepak Gupta,deepak.gupta.1114@example.com,48,Female,Hyderabad,Standard,2026-06-15,1,4238.6,4407.15,4195.03,5.3,11.8,12.1,25,2,-17.7,89.2,3,0,21.5,2,1,3,0,108030.81
CUST-1115,Tara Deshmukh,tara.deshmukh.1115@example.com,33,Female,Hyderabad,Premium,2023-10-11,33,11199.33,11644.67,365778.44,0.8,1.8,20.0,15,6,1.9,74.7,1,1,30.5,2,0,4,0,589993.39
CUST-1116,Sanjay Agarwal,sanjay.agarwal.1116@example.com,41,Female,Mumbai,Standard,2026-06-10,1,4319.38,4491.14,4274.97,5.5,12.2,36.8,2,1,-10.1,59.7,2,2,18.5,0,0,2,1,72944.42
CUST-1117,Simran Singh,simran.singh.1117@example.com,41,Female,Jaipur,Basic,2025-08-29,11,1738.33,1807.45,18925.05,3.2,7.1,19.2,8,6,10.3,53.2,2,1,23.5,0,0,2,0,67607.42
CUST-1118,Sneha Chopra,sneha.chopra.1118@example.com,30,Male,Delhi NCR,Basic,2026-06-27,1,1707.4,1775.29,1689.85,8.8,19.6,15.5,9,6,27.8,71.5,1,0,1.6,0,0,5,0,78322.76
CUST-1119,Varun Mehta,varun.mehta.1119@example.com,25,Female,Hyderabad,Premium,2026-05-17,2,10776.02,11204.53,21330.47,3.6,8.0,2.6,4,5,15.0,0.0,2,2,45.3,0,0,4,0,491964.41
CUST-1120,Divya Joshi,divya.joshi.1120@example.com,40,Male,Kolkata,Standard,2023-12-16,31,3901.04,4056.16,119689.0,4.6,10.2,38.6,14,7,-58.9,30.5,3,0,3.2,3,1,3,1,168827.15
CUST-1121,Arjun Chauhan,arjun.chauhan.1121@example.com,59,Female,Chandigarh,Premium,2024-10-27,21,10473.39,10889.86,217680.08,4.5,10.0,28.3,8,5,12.0,0.0,1,0,16.4,0,0,5,0,448054.62
CUST-1122,Rhea Verma,rhea.verma.1122@example.com,48,Male,Ahmedabad,Standard,2026-04-01,4,4832.69,5024.86,19132.03,2.7,6.0,30.8,8,8,-30.3,57.9,0,0,41.1,1,0,4,0,227373.27
CUST-1123,Siddharth Mishra,siddharth.mishra.1123@example.com,34,Female,Ahmedabad,Basic,2025-05-22,14,1439.08,1496.3,19940.0,5.2,11.6,32.6,1,2,-10.7,24.2,1,0,29.5,0,0,4,0,66081.97
CUST-1124,Varun Bose,varun.bose.1124@example.com,34,Female,Hyderabad,Basic,2024-08-21,23,1531.05,1591.93,34852.13,4.9,10.9,20.2,3,6,17.3,100.0,0,0,1.0,0,0,4,0,80169.81
CUST-1125,Meera Chopra,meera.chopra.1125@example.com,43,Female,Kolkata,Premium,2023-12-30,31,11154.58,11598.14,342237.06,6.3,14.0,22.9,4,5,-33.4,29.6,2,1,20.4,0,1,4,0,630314.57
CUST-1126,Shreya Malhotra,shreya.malhotra.1126@example.com,49,Male,Chandigarh,Basic,2025-10-17,9,1758.74,1828.68,15665.93,5.7,12.7,38.4,9,10,30.4,44.6,0,0,16.8,0,0,5,0,78433.88
CUST-1127,Sanjay Verma,sanjay.verma.1127@example.com,43,Male,Bengaluru,Premium,2023-11-14,32,8989.16,9346.61,284695.9,4.6,10.2,24.0,7,2,-11.9,32.3,0,0,13.7,0,0,5,0,476488.07
CUST-1128,Tara Kumar,tara.kumar.1128@example.com,40,Female,Chennai,Standard,2025-09-22,10,4388.42,4562.92,43433.05,2.5,5.6,28.5,0,7,58.8,30.3,0,0,20.7,0,0,4,0,245155.54
CUST-1129,Tara Singh,tara.singh.1129@example.com,29,Female,Chennai,Premium,2025-02-07,17,9372.59,9745.29,157696.0,2.5,5.6,31.6,2,4,-0.1,12.1,0,0,23.4,0,0,3,0,503315.99
CUST-1130,Tara Rao,tara.rao.1130@example.com,29,Male,Chennai,Basic,2022-07-25,48,1606.16,1670.03,76303.1,7.7,17.1,29.1,4,6,45.7,11.3,1,1,46.0,0,0,3,0,107882.15
CUST-1131,Arjun Kapoor,arjun.kapoor.1131@example.com,47,Female,Mumbai,Basic,2026-03-27,4,1535.44,1596.5,6078.62,4.4,9.8,20.6,10,5,31.5,0.0,3,2,26.4,0,0,2,1,62062.23
CUST-1132,Amit Chauhan,amit.chauhan.1132@example.com,47,Female,Ahmedabad,Standard,2026-04-19,3,3990.07,4148.73,11847.15,8.6,19.1,21.6,10,4,-19.1,55.1,3,2,40.9,0,0,3,0,127347.1
CUST-1133,Harsh Agarwal,harsh.agarwal.1133@example.com,44,Male,Pune,Standard,2026-01-25,6,4543.53,4724.2,26980.92,2.5,5.6,30.6,5,2,-38.4,31.8,1,0,13.8,0,1,5,0,174724.52
CUST-1134,Siddharth Deshmukh,siddharth.deshmukh.1134@example.com,34,Female,Pune,Basic,2026-04-21,3,1757.56,1827.45,5218.47,8.8,19.6,30.5,0,7,1.2,88.4,2,1,42.8,2,0,3,0,76182.33
CUST-1135,Arjun Gupta,arjun.gupta.1135@example.com,49,Male,Mumbai,Enterprise,2026-02-20,5,30145.92,31344.67,149180.02,2.2,4.9,34.9,2,5,-18.3,12.1,2,0,20.7,0,0,4,0,1200000.0
CUST-1136,Aarav Chauhan,aarav.chauhan.1136@example.com,30,Male,Hyderabad,Basic,2024-11-15,20,1430.59,1487.48,28317.66,3.3,7.3,28.1,2,3,42.2,77.4,3,1,24.5,0,0,4,0,65671.25
CUST-1137,Sanjay Das,sanjay.das.1137@example.com,41,Male,Jaipur,Standard,2025-09-21,10,4750.81,4939.73,47019.69,5.1,11.4,28.6,11,6,-8.9,79.7,2,0,12.9,0,0,4,0,208567.18
CUST-1138,Rahul Agarwal,rahul.agarwal.1138@example.com,40,Female,Jaipur,Basic,2025-12-12,7,1482.78,1541.74,10272.75,6.3,14.0,17.1,1,8,-10.4,72.6,1,1,13.6,0,0,3,0,77392.99
CUST-1139,Amit Mishra,amit.mishra.1139@example.com,33,Female,Chennai,Standard,2025-12-30,7,4197.22,4364.12,29078.49,5.6,12.5,15.6,4,10,-41.1,47.6,2,2,42.4,0,0,4,0,190182.55
CUST-1140,Meera Saxena,meera.saxena.1140@example.com,36,Male,Jaipur,Standard,2026-03-15,4,4860.81,5054.1,19243.35,0.2,0.5,30.6,8,10,9.7,33.9,2,0,6.2,0,0,4,0,230280.02
CUST-1141,Aarav Saxena,aarav.saxena.1141@example.com,52,Female,Hyderabad,Basic,2025-10-11,9,1587.56,1650.69,14141.15,3.0,6.7,15.7,25,2,-34.9,72.6,3,1,1.6,0,1,4,0,49370.44
CUST-1142,Neha Chopra,neha.chopra.1142@example.com,35,Female,Bengaluru,Premium,2025-05-30,14,8719.78,9066.52,120821.91,1.8,4.0,21.8,53,10,10.4,23.0,1,0,4.5,0,0,3,0,404894.33
CUST-1143,Sneha Joshi,sneha.joshi.1143@example.com,32,Female,Mumbai,Standard,2026-04-25,3,3822.86,3974.88,11350.68,1.3,2.9,37.2,22,4,14.2,48.5,2,0,17.8,1,0,3,1,150303.49
CUST-1144,Meera Bhatia,meera.bhatia.1144@example.com,47,Male,Bengaluru,Premium,2022-07-21,48,9588.83,9970.13,455532.09,4.2,9.4,35.4,9,3,-23.0,41.0,4,1,9.3,1,0,3,0,601326.72
CUST-1145,Rajesh Das,rajesh.das.1145@example.com,48,Female,Ahmedabad,Basic,2025-10-13,9,1749.24,1818.8,15581.31,0.2,0.5,25.3,10,7,24.8,20.6,0,0,6.3,0,0,5,0,80125.83
CUST-1146,Karan Kapoor,karan.kapoor.1146@example.com,32,Male,Jaipur,Standard,2023-01-10,42,4994.84,5193.46,207626.6,6.3,14.0,18.7,10,10,-9.7,48.7,1,0,1.0,1,0,3,0,339962.52
CUST-1147,Nikhil Pandey,nikhil.pandey.1147@example.com,59,Male,Chandigarh,Basic,2026-04-19,3,1762.21,1832.28,5232.28,5.8,12.9,20.6,14,8,-43.2,59.8,0,0,6.1,0,0,4,0,99482.7
CUST-1148,Manish Chopra,manish.chopra.1148@example.com,55,Male,Chennai,Premium,2024-10-17,21,10861.38,11293.28,225744.11,7.6,16.9,31.5,22,8,41.3,19.7,4,1,44.5,1,0,3,0,623388.21
CUST-1149,Sneha Patel,sneha.patel.1149@example.com,40,Male,Mumbai,Standard,2025-05-19,14,4645.8,4830.54,64372.54,2.0,4.5,21.6,4,4,-27.9,53.0,1,0,8.4,0,1,5,0,232597.42
CUST-1150,Rohan Deshmukh,rohan.deshmukh.1150@example.com,27,Female,Chennai,Premium,2024-06-21,25,10919.41,11353.62,270178.82,2.2,4.9,15.9,4,10,12.2,0.0,1,0,14.7,0,0,4,0,651884.2
CUST-1151,Rohan Reddy,rohan.reddy.1151@example.com,59,Male,Jaipur,Standard,2025-06-17,13,3705.88,3853.24,47681.16,6.4,14.2,35.4,4,2,9.9,16.8,1,0,42.9,0,1,5,0,163787.83
CUST-1152,Aarav Kapoor,aarav.kapoor.1152@example.com,49,Female,Delhi NCR,Premium,2022-08-15,47,11028.06,11466.59,512990.24,6.6,14.7,24.0,8,6,8.9,31.0,0,0,20.0,0,0,4,0,728766.07
CUST-1153,Aditya Joshi,aditya.joshi.1153@example.com,22,Male,Jaipur,Standard,2025-05-15,14,4153.93,4319.11,57557.16,7.0,15.6,15.7,11,3,8.4,50.6,2,0,19.5,0,0,4,0,170085.73
CUST-1154,Vikram Gupta,vikram.gupta.1154@example.com,56,Male,Mumbai,Basic,2024-09-28,22,1832.62,1905.49,39903.15,6.6,14.7,27.3,15,8,-29.2,62.9,0,0,4.5,0,0,4,0,91343.08
CUST-1155,Pooja Rao,pooja.rao.1155@example.com,29,Other,Pune,Basic,2024-01-21,30,1388.83,1444.06,41236.56,4.7,10.5,32.7,4,3,45.4,44.0,1,1,26.7,1,1,5,0,74214.91
CUST-1156,Rahul Agarwal,rahul.agarwal.1156@example.com,28,Female,Mumbai,Standard,2025-01-27,18,4600.19,4783.12,81952.16,3.2,7.1,10.9,3,2,24.8,55.6,1,0,36.8,0,0,4,0,206771.7
CUST-1157,Shreya Chopra,shreya.chopra.1157@example.com,32,Male,Kolkata,Standard,2025-08-23,11,4628.81,4812.87,50393.46,5.7,12.7,19.8,30,9,11.3,38.1,3,1,9.5,0,1,3,0,208787.11
CUST-1158,Amit Bose,amit.bose.1158@example.com,25,Male,Chandigarh,Basic,2026-02-14,5,1872.13,1946.57,9264.42,3.3,7.3,19.3,1,9,-39.3,51.7,0,0,13.8,0,0,4,0,81489.07
CUST-1159,Tara Chopra,tara.chopra.1159@example.com,46,Male,Jaipur,Premium,2024-04-19,27,10520.73,10939.09,281139.43,4.4,9.8,27.0,1,9,-29.4,50.4,4,0,1.9,0,1,4,0,670975.38
CUST-1160,Rahul Chauhan,rahul.chauhan.1160@example.com,33,Male,Kolkata,Standard,2025-09-24,10,4134.57,4298.98,40920.65,3.4,7.6,29.0,9,3,16.4,29.8,4,1,43.4,0,0,3,0,166323.17
CUST-1161,Amit Das,amit.das.1161@example.com,47,Female,Pune,Standard,2025-05-26,14,4379.05,4553.18,60676.44,4.8,10.7,15.9,1,2,-58.1,33.5,3,3,25.8,0,1,2,1,52863.18
CUST-1162,Sneha Chauhan,sneha.chauhan.1162@example.com,59,Female,Hyderabad,Basic,2026-05-26,2,1541.41,1602.7,3051.13,6.8,15.1,5.6,3,4,7.5,56.4,1,0,7.6,0,0,4,0,64087.27
CUST-1163,Neha Das,neha.das.1163@example.com,33,Male,Hyderabad,Standard,2025-09-22,10,3873.46,4027.49,38336.39,3.5,7.8,33.3,2,2,-39.3,85.5,0,0,2.1,0,0,3,0,151013.1
CUST-1164,Aditi Reddy,aditi.reddy.1164@example.com,58,Female,Chandigarh,Basic,2025-02-12,17,1479.48,1538.31,24892.59,3.1,6.9,9.7,1,8,-26.3,71.0,0,0,1.0,0,1,5,0,78845.07
CUST-1165,Aarav Deshmukh,aarav.deshmukh.1165@example.com,45,Female,Ahmedabad,Basic,2025-06-20,13,1465.58,1523.86,18856.67,4.0,8.9,25.0,6,10,-41.5,14.9,4,1,25.1,0,0,4,0,66399.98
CUST-1166,Divya Joshi,divya.joshi.1166@example.com,37,Male,Chandigarh,Premium,2025-10-17,9,9827.68,10218.48,87539.82,1.7,3.8,20.5,3,1,4.9,15.0,2,1,19.8,0,1,3,0,379795.74
CUST-1167,Deepak Kumar,deepak.kumar.1167@example.com,34,Male,Chandigarh,Basic,2026-03-25,4,1824.52,1897.07,7223.05,5.6,12.5,23.8,4,2,29.3,29.1,1,0,20.2,0,1,4,0,66706.29
CUST-1168,Deepak Mishra,deepak.mishra.1168@example.com,46,Female,Chandigarh,Basic,2026-01-16,6,1827.96,1900.65,10855.01,4.4,9.8,40.2,1,6,7.7,44.4,1,0,23.5,1,0,3,0,80414.5
CUST-1169,Simran Mishra,simran.mishra.1169@example.com,25,Female,Chandigarh,Basic,2025-02-22,17,1377.83,1432.62,23182.31,4.1,9.1,55.4,10,9,10.8,43.2,2,0,1.0,0,0,4,0,78896.17
CUST-1170,Meera Kumar,meera.kumar.1170@example.com,32,Male,Chandigarh,Standard,2026-03-31,4,3710.93,3858.49,14691.12,4.9,10.9,4.0,2,10,2.7,71.8,1,0,19.6,0,0,4,0,204585.79
CUST-1171,Vikram Mishra,vikram.mishra.1171@example.com,53,Male,Bengaluru,Basic,2025-05-11,14,1477.7,1536.46,20475.12,1.1,2.4,32.8,3,5,17.1,73.1,0,0,5.0,0,0,4,0,73390.89
CUST-1172,Rohan Bose,rohan.bose.1172@example.com,28,Male,Pune,Basic,2025-06-11,13,1482.92,1541.89,19079.77,7.1,15.8,20.3,2,5,11.1,42.1,9,2,33.7,1,0,2,0,59462.19
CUST-1173,Neha Agarwal,neha.agarwal.1173@example.com,32,Female,Mumbai,Standard,2022-07-10,48,3731.91,3880.31,177290.12,3.1,6.9,33.5,4,3,-78.0,36.5,3,0,20.0,0,0,4,0,221038.74
CUST-1174,Sneha Verma,sneha.verma.1174@example.com,49,Female,Jaipur,Standard,2026-06-19,1,4142.81,4307.55,4100.22,3.4,7.6,32.5,4,8,23.4,54.4,1,0,12.9,0,0,4,1,204876.46
CUST-1175,Isha Chopra,isha.chopra.1175@example.com,44,Male,Kolkata,Enterprise,2026-05-21,2,27641.49,28740.65,54714.64,6.0,13.4,37.5,5,6,20.4,67.5,2,1,39.8,0,1,3,0,1200000.0
CUST-1176,Aditya Rao,aditya.rao.1176@example.com,44,Female,Chandigarh,Standard,2025-09-28,10,4408.32,4583.62,43630.0,5.5,12.2,25.1,25,10,-12.1,55.3,2,2,14.8,0,0,2,0,200514.03
CUST-1177,Rohan Saxena,rohan.saxena.1177@example.com,49,Female,Ahmedabad,Standard,2025-08-29,11,4359.71,4533.07,47463.79,8.4,18.7,12.2,17,2,-57.3,31.6,1,0,2.5,0,1,4,0,141718.44
CUST-1178,Aarav Agarwal,aarav.agarwal.1178@example.com,47,Female,Chennai,Standard,2026-06-27,1,4073.12,4235.09,4031.25,2.2,4.9,32.2,7,5,4.8,27.3,6,2,34.9,0,0,4,0,161329.69
CUST-1179,Rohan Rao,rohan.rao.1179@example.com,46,Male,Jaipur,Basic,2024-06-09,25,1719.74,1788.13,42551.5,2.2,4.9,23.3,0,4,7.1,15.3,3,2,57.3,0,0,3,1,86184.21
CUST-1180,Vikram Bhatia,vikram.bhatia.1180@example.com,50,Male,Chennai,Premium,2025-09-13,10,10702.24,11127.81,105922.16,1.7,3.8,19.4,7,10,-14.3,46.6,0,0,4.7,0,0,4,0,590183.14
CUST-1181,Siddharth Deshmukh,siddharth.deshmukh.1181@example.com,40,Male,Kolkata,Standard,2026-01-21,6,4083.76,4246.15,24250.66,4.5,10.0,16.8,0,9,3.2,57.0,1,0,15.2,0,0,3,0,153915.28
CUST-1182,Kavya Pandey,kavya.pandey.1182@example.com,54,Male,Kolkata,Basic,2026-01-24,6,1393.98,1449.41,8277.9,3.6,8.0,33.1,9,4,28.0,59.6,1,0,30.3,0,0,5,0,59203.4
CUST-1183,Rohan Joshi,rohan.joshi.1183@example.com,57,Female,Jaipur,Premium,2024-03-20,28,9032.44,9391.61,250308.29,2.7,6.0,39.6,3,8,65.1,69.6,1,0,27.0,0,0,5,0,523561.38
CUST-1184,Aarav Bose,aarav.bose.1184@example.com,35,Male,Ahmedabad,Basic,2026-03-26,4,1421.17,1477.68,5626.24,4.1,9.1,8.9,13,1,2.1,77.5,6,3,47.4,0,0,2,0,17389.87
CUST-1185,Vikram Mishra,vikram.mishra.1185@example.com,35,Male,Bengaluru,Enterprise,2026-04-19,3,26588.33,27645.61,78944.97,2.0,4.5,28.8,21,5,7.3,9.0,2,1,15.4,0,0,3,0,1083799.67
CUST-1186,Shreya Kumar,shreya.kumar.1186@example.com,56,Male,Hyderabad,Premium,2026-03-11,4,8590.24,8931.83,34007.71,7.4,16.5,17.9,4,9,-25.1,51.7,3,3,39.7,0,0,2,0,346688.13
CUST-1187,Deepak Iyer,deepak.iyer.1187@example.com,51,Male,Kolkata,Standard,2025-05-27,14,4246.92,4415.8,58845.63,2.7,6.0,5.9,4,3,-16.0,52.5,2,1,24.4,0,0,4,0,195488.85
CUST-1188,Rajesh Sharma,rajesh.sharma.1188@example.com,49,Female,Ahmedabad,Basic,2024-07-13,24,1465.05,1523.31,34799.72,3.0,6.7,23.6,6,6,-5.8,40.2,4,1,36.5,1,0,3,0,76058.29
CUST-1189,Kavya Pandey,kavya.pandey.1189@example.com,38,Male,Kolkata,Basic,2026-01-14,6,1736.68,1805.74,10312.96,0.2,0.5,12.8,1,10,31.0,22.1,5,2,30.4,1,0,2,0,85702.96
CUST-1190,Rahul Patel,rahul.patel.1190@example.com,24,Male,Delhi NCR,Basic,2026-04-21,3,1363.56,1417.78,4048.63,0.7,1.6,4.6,19,6,20.9,76.7,1,0,32.3,0,0,4,0,51660.41
CUST-1191,Aditya Mishra,aditya.mishra.1191@example.com,37,Male,Hyderabad,Basic,2026-03-20,4,1640.15,1705.37,6493.15,3.0,6.7,13.4,4,6,52.0,27.9,3,0,15.3,0,0,3,0,81657.83
CUST-1192,Amit Bhatia,amit.bhatia.1192@example.com,51,Male,Kolkata,Standard,2025-05-19,14,3836.32,3988.87,53156.33,3.6,8.0,10.7,1,4,-43.7,0.0,0,0,17.7,0,1,5,0,168549.12
CUST-1193,Siddharth Deshmukh,siddharth.deshmukh.1193@example.com,50,Male,Ahmedabad,Enterprise,2026-03-16,4,22507.78,23402.8,89105.55,5.7,12.7,14.9,10,7,-39.1,42.5,1,0,14.5,1,1,4,0,1200000.0
CUST-1194,Siddharth Reddy,siddharth.reddy.1194@example.com,36,Female,Kolkata,Standard,2024-01-21,30,4815.68,5007.17,142985.17,1.1,2.4,7.4,1,3,28.9,36.3,1,1,21.9,1,0,4,0,235143.76
CUST-1195,Shreya Joshi,shreya.joshi.1195@example.com,46,Female,Chennai,Standard,2026-05-24,2,4539.0,4719.49,8984.67,5.1,11.4,17.7,1,6,38.6,86.6,0,0,15.1,2,1,4,0,217772.15
CUST-1196,Pooja Rao,pooja.rao.1196@example.com,59,Female,Jaipur,Standard,2026-06-21,1,3737.59,3886.21,3699.17,5.5,12.2,14.2,6,10,-1.1,53.8,2,1,24.4,0,0,4,0,185770.67
CUST-1197,Tara Iyer,tara.iyer.1197@example.com,59,Female,Jaipur,Premium,2026-05-26,2,10190.7,10595.93,20171.87,5.6,12.5,26.1,8,5,-85.0,34.7,1,0,1.0,0,0,4,0,267639.05
CUST-1198,Arjun Rao,arjun.rao.1198@example.com,44,Female,Kolkata,Basic,2024-04-28,27,1670.0,1736.41,44626.45,6.4,14.2,28.5,6,3,-22.8,37.3,4,1,20.6,0,1,5,0,88545.78
CUST-1199,Nikhil Chauhan,nikhil.chauhan.1199@example.com,46,Female,Ahmedabad,Standard,2025-04-09,15,4261.63,4431.09,63267.27,1.8,4.0,24.9,8,2,7.4,37.0,2,0,36.3,0,1,5,0,166989.45
CUST-1200,Rajesh Singh,rajesh.singh.1200@example.com,28,Male,Chennai,Premium,2022-10-15,45,9419.62,9794.19,419525.17,5.3,11.8,19.4,0,1,-27.2,95.2,1,0,1.0,0,0,4,0,523740.42
CUST-1201,Swati Malhotra,swati.malhotra.1201@example.com,43,Male,Bengaluru,Premium,2026-01-31,6,10893.06,11326.22,64686.44,7.9,17.6,19.1,4,8,3.2,58.2,7,5,53.1,0,1,1,0,379256.49
CUST-1202,Rahul Chauhan,rahul.chauhan.1202@example.com,38,Male,Bengaluru,Enterprise,2026-03-21,4,24644.06,25624.03,97562.83,7.1,15.8,12.8,3,1,51.2,8.2,1,1,17.3,0,0,4,0,1016023.06
CUST-1203,Manish Sharma,manish.sharma.1203@example.com,39,Female,Chennai,Premium,2025-07-12,12,9353.64,9725.59,111089.76,8.2,18.3,13.1,27,5,37.9,36.1,1,1,27.9,0,1,4,0,481305.79
CUST-1204,Tanvi Joshi,tanvi.joshi.1204@example.com,31,Female,Mumbai,Basic,2025-08-17,11,1521.77,1582.28,16567.38,4.7,10.5,29.7,0,5,20.6,41.4,3,2,38.1,0,0,3,0,70235.73
CUST-1205,Harsh Iyer,harsh.iyer.1205@example.com,31,Female,Ahmedabad,Standard,2025-06-15,13,4678.51,4864.55,60195.36,3.0,6.7,2.6,2,1,-3.8,15.4,2,1,25.8,0,0,3,1,188998.33
CUST-1206,Swati Patel,swati.patel.1206@example.com,28,Male,Bengaluru,Basic,2026-01-20,6,1829.92,1902.69,10866.64,0.2,0.5,21.1,21,9,-15.9,0.0,3,1,1.0,2,1,2,0,44723.42
CUST-1207,Priya Sharma,priya.sharma.1207@example.com,59,Female,Mumbai,Standard,2026-06-08,1,4788.5,4978.91,4739.27,1.6,3.6,18.4,30,5,19.2,56.3,4,1,1.0,0,1,5,0,210242.62
CUST-1208,Simran Mehta,simran.mehta.1208@example.com,48,Male,Ahmedabad,Standard,2026-06-28,1,4715.61,4903.13,4667.13,3.1,6.9,28.6,13,9,-1.3,22.7,1,0,1.0,2,0,2,0,149660.25
CUST-1209,Vikram Chauhan,vikram.chauhan.1209@example.com,54,Male,Chennai,Standard,2025-03-13,16,4980.26,5178.3,78864.97,3.5,7.8,6.3,0,6,-0.3,72.0,1,1,22.4,0,1,3,0,264575.51
CUST-1210,Deepak Patel,deepak.patel.1210@example.com,22,Male,Chandigarh,Enterprise,2025-08-20,11,28598.87,29736.1,311353.45,2.5,5.6,22.1,6,7,-45.4,42.2,4,1,4.3,0,0,4,0,1200000.0
CUST-1211,Rahul Singh,rahul.singh.1211@example.com,55,Male,Mumbai,Standard,2024-06-25,25,4650.31,4835.23,115062.56,4.9,10.9,25.8,3,7,-22.0,30.6,1,1,1.0,0,0,4,0,246801.67
CUST-1212,Arjun Verma,arjun.verma.1212@example.com,25,Female,Mumbai,Basic,2026-01-26,6,1864.73,1938.88,11073.36,4.6,10.2,2.0,12,2,19.1,0.0,1,1,13.0,0,1,4,1,63475.3
CUST-1213,Siddharth Kumar,siddharth.kumar.1213@example.com,38,Male,Kolkata,Basic,2024-07-31,24,1352.77,1406.56,32132.71,4.3,9.6,10.2,0,5,-32.8,71.3,3,2,23.8,0,1,3,0,66239.52
CUST-1214,Karan Singh,karan.singh.1214@example.com,25,Male,Pune,Premium,2025-11-07,8,10096.13,10497.6,79938.69,5.8,12.9,21.0,1,2,5.4,49.0,3,0,15.0,0,1,4,0,448915.44
CUST-1215,Harsh Chopra,harsh.chopra.1215@example.com,47,Female,Pune,Basic,2026-05-14,2,1736.8,1805.86,3437.89,3.2,7.1,27.7,5,4,9.6,31.2,4,0,16.1,2,1,4,0,62857.48
CUST-1216,Priya Das,priya.das.1216@example.com,25,Female,Ahmedabad,Basic,2022-07-31,48,1830.64,1903.44,86967.36,6.5,14.5,24.0,1,3,11.2,20.6,1,0,16.7,1,0,4,0,100033.2
CUST-1217,Arjun Reddy,arjun.reddy.1217@example.com,22,Female,Kolkata,Basic,2025-08-21,11,1812.81,1884.9,19735.91,1.7,3.8,28.2,8,6,13.7,80.4,1,1,33.8,0,0,4,0,93270.44
CUST-1218,Swati Verma,swati.verma.1218@example.com,28,Male,Jaipur,Standard,2025-05-21,14,4777.55,4967.53,66198.08,3.6,8.0,10.1,12,5,15.6,16.5,3,2,28.5,0,1,4,0,215843.51
CUST-1219,Rahul Gupta,rahul.gupta.1219@example.com,51,Female,Hyderabad,Basic,2025-04-01,16,1845.31,1918.69,29221.43,4.9,10.9,4.5,9,1,-19.5,33.2,2,0,25.0,0,0,5,0,74663.39
CUST-1220,Aditya Malhotra,aditya.malhotra.1220@example.com,30,Female,Chandigarh,Enterprise,2025-12-14,7,27200.98,28282.62,188449.38,0.2,0.5,22.9,4,2,-43.1,55.7,1,0,11.8,0,1,3,0,1181696.97
CUST-1221,Nikhil Bose,nikhil.bose.1221@example.com,56,Male,Hyderabad,Enterprise,2024-11-28,20,22559.65,23456.73,446554.51,3.1,6.9,8.5,15,7,-26.5,76.8,0,0,11.2,0,1,5,0,1200000.0
CUST-1222,Isha Gupta,isha.gupta.1222@example.com,29,Female,Mumbai,Enterprise,2024-02-10,29,22595.82,23494.34,648542.18,5.7,12.7,12.5,1,9,18.4,36.8,3,2,25.1,0,0,3,0,1200000.0
CUST-1223,Tara Saxena,tara.saxena.1223@example.com,45,Male,Delhi NCR,Basic,2025-12-20,7,1634.84,1699.85,11326.23,3.3,7.3,32.3,2,1,-35.6,24.4,3,0,15.6,0,0,5,0,52270.37
CUST-1224,Aditi Mehta,aditi.mehta.1224@example.com,40,Male,Bengaluru,Enterprise,2025-04-14,15,26307.58,27353.7,390556.87,0.4,0.9,24.1,5,4,-31.1,39.4,2,2,39.9,0,0,2,0,1129300.34
CUST-1225,Pooja Mishra,pooja.mishra.1225@example.com,57,Female,Bengaluru,Enterprise,2024-11-24,20,26447.34,27499.01,523508.96,2.3,5.1,15.8,0,3,-31.3,63.7,2,1,31.7,0,0,3,0,1200000.0
CUST-1226,Arjun Singh,arjun.singh.1226@example.com,48,Female,Kolkata,Enterprise,2026-04-25,3,26002.5,27036.49,77205.54,1.4,3.1,14.3,0,5,-53.7,69.1,3,2,39.3,2,1,2,0,849732.23
CUST-1227,Simran Mishra,simran.mishra.1227@example.com,53,Male,Pune,Standard,2026-01-16,6,4883.59,5077.79,29000.31,5.2,11.6,28.8,3,5,-34.1,9.0,1,0,19.7,1,1,3,0,225365.86
CUST-1228,Sanjay Joshi,sanjay.joshi.1228@example.com,35,Female,Delhi NCR,Premium,2026-05-23,2,9230.36,9597.4,18270.93,4.4,9.8,24.3,21,10,26.0,44.8,6,2,18.2,0,0,4,0,416230.37
CUST-1229,Varun Kapoor,varun.kapoor.1229@example.com,39,Female,Kolkata,Basic,2025-06-15,13,1798.32,1869.83,23137.82,0.9,2.0,8.6,17,10,-22.1,7.6,0,0,49.1,0,0,5,0,102342.59
CUST-1230,Ananya Das,ananya.das.1230@example.com,49,Female,Mumbai,Premium,2024-08-29,23,10942.81,11377.95,249097.18,0.8,1.8,2.0,4,2,-51.0,63.2,3,1,8.0,0,0,3,1,489450.18
CUST-1231,Tara Das,tara.das.1231@example.com,50,Male,Delhi NCR,Basic,2025-05-10,14,1611.16,1675.23,22324.35,2.7,6.0,42.7,1,5,-16.3,52.1,2,2,33.5,1,0,3,0,59201.3
CUST-1232,Tara Verma,tara.verma.1232@example.com,37,Female,Bengaluru,Basic,2026-05-02,3,1583.59,1646.56,4701.93,4.3,9.6,8.6,1,4,12.3,19.9,4,1,60.0,1,0,3,1,56606.16
CUST-1233,Neha Chopra,neha.chopra.1233@example.com,56,Male,Ahmedabad,Enterprise,2025-08-02,12,29157.76,30317.21,346296.04,2.8,6.2,27.8,3,1,-53.3,78.8,4,2,42.6,0,0,2,0,770869.73
CUST-1234,Neha Saxena,neha.saxena.1234@example.com,52,Female,Mumbai,Standard,2024-05-20,26,4590.01,4772.53,118113.38,4.9,10.9,38.6,1,1,24.7,50.0,1,0,7.6,0,0,3,0,236924.63
CUST-1235,Tanvi Kumar,tanvi.kumar.1235@example.com,25,Male,Kolkata,Basic,2026-01-28,6,1521.47,1581.97,9034.97,4.9,10.9,23.6,0,1,-42.3,47.4,1,1,38.6,0,0,3,0,33859.08
CUST-1236,Simran Malhotra,simran.malhotra.1236@example.com,58,Male,Jaipur,Enterprise,2024-05-23,26,23396.36,24326.71,602051.67,5.3,11.8,15.4,8,8,-13.1,37.7,2,0,18.3,0,0,4,0,1200000.0
CUST-1237,Simran Bhatia,simran.bhatia.1237@example.com,38,Female,Chennai,Enterprise,2024-09-15,22,24816.47,25803.29,540349.57,1.2,2.7,6.3,6,3,-13.4,41.8,1,0,6.2,1,1,5,0,1200000.0
CUST-1238,Karan Deshmukh,karan.deshmukh.1238@example.com,47,Male,Mumbai,Basic,2026-06-17,1,1417.84,1474.22,1403.26,3.6,8.0,6.2,2,9,-17.7,32.8,1,0,18.6,0,0,5,0,78948.92
CUST-1239,Swati Nair,swati.nair.1239@example.com,25,Male,Mumbai,Premium,2026-03-17,4,9027.4,9386.37,35738.37,6.5,14.5,26.1,11,10,-3.8,24.2,6,2,27.6,0,0,4,0,490061.71
CUST-1240,Shreya Pandey,shreya.pandey.1240@example.com,51,Male,Jaipur,Standard,2025-08-09,11,3965.56,4123.25,43172.71,2.8,6.2,38.0,11,2,19.8,71.5,0,0,13.4,0,0,4,0,166114.75
CUST-1241,Deepak Bhatia,deepak.bhatia.1241@example.com,51,Female,Chandigarh,Standard,2025-01-30,18,4491.67,4670.28,80018.88,2.5,5.6,17.6,5,9,-3.1,30.2,0,0,16.5,0,0,3,0,229453.3
CUST-1242,Tara Iyer,tara.iyer.1242@example.com,43,Male,Ahmedabad,Basic,2024-01-29,30,1849.88,1923.44,54925.87,3.2,7.1,15.9,0,9,-19.0,29.4,1,0,24.4,0,0,4,0,110177.86
CUST-1243,Sanjay Mehta,sanjay.mehta.1243@example.com,32,Female,Jaipur,Basic,2025-04-30,15,1708.88,1776.83,25369.68,3.1,6.9,29.7,18,4,10.8,38.9,7,1,34.8,0,1,4,0,83213.72
CUST-1244,Rahul Rao,rahul.rao.1244@example.com,23,Male,Hyderabad,Basic,2025-12-18,7,1835.27,1908.25,12714.82,4.5,10.0,14.5,8,4,3.8,76.2,6,3,31.3,0,0,2,0,52279.2
CUST-1245,Simran Mehta,simran.mehta.1245@example.com,33,Male,Hyderabad,Basic,2026-05-01,3,1760.49,1830.5,5227.17,3.0,6.7,25.0,2,4,-20.7,69.1,4,1,28.3,0,0,4,0,66733.6
CUST-1246,Aarav Saxena,aarav.saxena.1246@example.com,51,Male,Mumbai,Enterprise,2024-11-08,20,28867.77,30015.69,571419.89,0.2,0.5,22.5,7,1,-0.8,32.5,1,0,12.8,0,0,4,0,1200000.0
CUST-1247,Aarav Singh,aarav.singh.1247@example.com,57,Male,Chandigarh,Standard,2026-03-15,4,4178.64,4344.8,16542.73,6.7,14.9,17.5,3,5,-23.1,71.4,2,0,25.2,2,1,3,0,159979.83
CUST-1248,Sanjay Pandey,sanjay.pandey.1248@example.com,39,Male,Bengaluru,Premium,2025-02-23,17,9122.09,9484.83,153481.27,5.3,11.8,21.8,7,6,-26.2,44.6,0,0,3.7,0,0,4,0,414766.67
CUST-1249,Aditya Mishra,aditya.mishra.1249@example.com,47,Male,Chandigarh,Premium,2026-04-23,3,10764.58,11192.63,31961.74,4.5,10.0,41.4,4,4,20.6,21.8,0,0,15.8,0,0,5,0,463850.73
CUST-1250,Simran Patel,simran.patel.1250@example.com,28,Female,Hyderabad,Basic,2026-05-13,2,1824.11,1896.65,3610.71,4.0,8.9,28.6,4,8,10.5,30.6,2,1,2.1,0,0,3,0,90413.54
CUST-1251,Sanjay Iyer,sanjay.iyer.1251@example.com,22,Female,Chandigarh,Enterprise,2026-02-06,5,26452.91,27504.81,130904.8,3.5,7.8,34.0,9,3,19.6,75.0,3,0,24.5,0,1,5,0,1131061.39
CUST-1252,Tanvi Nair,tanvi.nair.1252@example.com,47,Male,Chandigarh,Premium,2026-02-12,5,8127.65,8450.84,40220.47,2.5,5.6,11.9,7,9,15.8,92.0,3,2,53.6,2,1,3,0,353078.3
CUST-1253,Arjun Chopra,arjun.chopra.1253@example.com,44,Male,Ahmedabad,Basic,2025-04-28,15,1764.9,1835.08,26201.34,0.3,0.7,34.1,0,7,-26.8,49.7,4,1,42.6,0,0,3,0,87159.56
CUST-1254,Amit Mishra,amit.mishra.1254@example.com,47,Female,Mumbai,Basic,2026-04-19,3,1498.66,1558.25,4449.76,7.6,16.9,29.0,0,8,26.0,28.4,2,1,34.1,2,1,2,0,67729.52
CUST-1255,Rohan Chauhan,rohan.chauhan.1255@example.com,27,Male,Ahmedabad,Premium,2023-05-25,38,8130.24,8453.54,305772.97,4.2,9.4,5.5,2,7,-10.3,39.0,2,0,22.9,1,0,4,0,506204.63
CUST-1256,Rahul Reddy,rahul.reddy.1256@example.com,27,Male,Bengaluru,Premium,2025-07-18,12,10634.53,11057.41,126302.42,0.8,1.8,27.9,4,9,24.0,23.7,1,0,40.8,0,0,4,0,505142.85
CUST-1257,Ananya Chopra,ananya.chopra.1257@example.com,29,Female,Bengaluru,Premium,2025-09-26,10,9728.77,10115.63,96287.53,2.0,4.5,16.4,2,2,-5.5,27.2,2,2,25.3,1,0,2,0,287601.68
CUST-1258,Sneha Singh,sneha.singh.1258@example.com,45,Female,Hyderabad,Basic,2025-11-07,8,1708.6,1776.54,13528.28,4.8,10.7,5.0,7,4,6.8,24.8,2,0,13.0,1,0,4,0,74914.46
CUST-1259,Aditya Nair,aditya.nair.1259@example.com,43,Female,Kolkata,Basic,2025-07-26,12,1828.99,1901.72,21722.24,4.8,10.7,23.4,1,2,7.6,40.1,0,0,33.0,1,0,3,0,80658.85
CUST-1260,Amit Das,amit.das.1260@example.com,40,Male,Jaipur,Standard,2026-07-01,1,4356.55,4529.79,4311.76,2.6,5.8,27.9,9,8,20.8,44.9,0,0,14.3,0,1,4,0,199828.73
CUST-1261,Simran Mehta,simran.mehta.1261@example.com,58,Male,Pune,Standard,2022-07-17,48,4303.4,4474.52,204439.63,1.9,4.2,23.7,11,2,-47.8,38.4,0,0,4.9,1,0,4,0,248201.73
CUST-1262,Vikram Bose,vikram.bose.1262@example.com,39,Female,Mumbai,Basic,2025-07-13,12,1501.6,1561.31,17833.95,3.0,6.7,20.8,0,8,-46.1,36.7,2,0,1.0,0,0,3,0,70524.16
CUST-1263,Aarav Saxena,aarav.saxena.1263@example.com,52,Male,Kolkata,Standard,2026-06-12,1,4026.26,4186.36,3984.87,0.2,0.5,18.4,7,6,16.8,60.3,1,0,5.9,1,1,5,0,195129.69
CUST-1264,Nikhil Kapoor,nikhil.kapoor.1264@example.com,58,Male,Mumbai,Standard,2025-06-12,13,4713.98,4901.43,60651.73,3.2,7.1,49.1,24,7,8.0,36.5,1,1,45.1,0,0,3,0,209809.03
CUST-1265,Pooja Deshmukh,pooja.deshmukh.1265@example.com,51,Female,Jaipur,Premium,2025-10-13,9,9513.38,9891.68,84740.2,3.2,7.1,9.0,1,6,-23.7,38.0,2,0,14.8,0,0,5,0,387592.94
CUST-1266,Neha Reddy,neha.reddy.1266@example.com,54,Male,Jaipur,Basic,2026-06-25,1,1434.89,1491.95,1420.14,7.4,16.5,31.6,18,9,8.2,37.8,5,4,38.9,0,0,2,1,35946.26
CUST-1267,Meera Mehta,meera.mehta.1267@example.com,31,Female,Delhi NCR,Standard,2023-06-30,37,3731.41,3879.79,136642.82,3.3,7.3,22.2,6,4,-41.4,79.0,2,0,14.9,0,0,4,0,200067.68
CUST-1268,Siddharth Das,siddharth.das.1268@example.com,58,Female,Ahmedabad,Premium,2026-06-16,1,9588.63,9969.92,9490.05,4.7,10.5,12.6,6,1,75.0,30.2,0,0,19.9,1,0,4,0,388338.22
CUST-1269,Aditya Patel,aditya.patel.1269@example.com,33,Female,Hyderabad,Enterprise,2025-06-17,13,26567.29,27623.73,341824.14,7.6,16.9,21.5,0,9,34.7,56.3,3,1,1.7,2,0,4,0,1200000.0
CUST-1270,Isha Pandey,isha.pandey.1270@example.com,51,Male,Delhi NCR,Basic,2022-09-29,46,1691.94,1759.22,77029.12,2.0,4.5,6.7,10,10,15.4,24.0,2,1,13.3,0,0,3,0,103046.83
CUST-1271,Swati Iyer,swati.iyer.1271@example.com,48,Male,Bengaluru,Basic,2026-03-17,4,1596.25,1659.72,6319.36,2.9,6.5,15.4,4,8,0.1,50.4,3,0,1.0,0,1,4,0,75305.45
CUST-1272,Swati Malhotra,swati.malhotra.1272@example.com,30,Male,Pune,Enterprise,2026-02-27,5,23754.46,24699.05,117551.26,3.1,6.9,21.5,9,1,-19.3,55.1,4,1,41.6,0,0,3,0,887132.49
CUST-1273,Meera Deshmukh,meera.deshmukh.1273@example.com,42,Male,Hyderabad,Standard,2026-07-02,1,4309.85,4481.23,4265.54,0.7,1.6,4.9,12,10,-38.7,68.0,0,0,14.6,0,0,4,0,182014.1
CUST-1274,Amit Saxena,amit.saxena.1274@example.com,33,Female,Bengaluru,Premium,2026-06-11,1,10955.17,11390.8,10842.55,3.7,8.2,27.6,5,6,-5.2,32.8,1,1,21.9,0,0,4,0,451990.71
CUST-1275,Tanvi Mehta,tanvi.mehta.1275@example.com,50,Male,Chandigarh,Standard,2026-06-27,1,3822.26,3974.25,3782.97,6.6,14.7,11.4,2,10,-26.1,15.3,1,1,21.8,1,1,4,0,168606.47
CUST-1276,Manish Pandey,manish.pandey.1276@example.com,54,Male,Ahmedabad,Basic,2024-07-02,25,1710.98,1779.02,42334.76,6.0,13.4,6.0,1,4,-24.4,23.2,2,1,10.6,1,1,4,0,84144.18
CUST-1277,Simran Pandey,simran.pandey.1277@example.com,36,Male,Ahmedabad,Standard,2024-05-10,26,4430.3,4606.47,114003.61,6.7,14.9,10.1,1,2,-41.7,65.1,3,2,38.2,0,0,3,0,210484.75
CUST-1278,Manish Verma,manish.verma.1278@example.com,23,Female,Ahmedabad,Standard,2024-12-29,19,4646.86,4831.64,87382.67,2.9,6.5,45.9,15,3,5.0,92.0,0,0,38.0,0,0,5,0,214163.52
CUST-1279,Shreya Agarwal,shreya.agarwal.1279@example.com,39,Male,Delhi NCR,Standard,2025-12-31,7,3809.89,3961.39,26395.06,1.8,4.0,2.0,0,9,-12.6,62.0,3,2,24.6,0,0,3,0,180895.88
CUST-1280,Tanvi Bhatia,tanvi.bhatia.1280@example.com,24,Male,Chennai,Basic,2024-06-20,25,1843.11,1916.4,45604.05,8.9,19.8,26.8,3,5,13.0,11.7,5,1,34.7,0,0,4,0,97061.37
CUST-1281,Neha Bhatia,neha.bhatia.1281@example.com,28,Male,Kolkata,Enterprise,2025-08-19,11,27932.34,29043.06,304096.99,4.7,10.5,13.7,3,7,10.8,61.2,0,0,14.7,2,1,4,0,1200000.0
CUST-1282,Simran Kapoor,simran.kapoor.1282@example.com,39,Female,Jaipur,Standard,2026-01-15,6,4784.7,4974.96,28413.07,0.8,1.8,18.1,15,2,4.4,19.3,2,0,6.8,0,0,4,0,159072.23
CUST-1283,Rahul Das,rahul.das.1283@example.com,59,Male,Pune,Standard,2025-10-22,9,3944.26,4101.1,35133.4,9.6,21.4,28.6,4,8,72.5,33.6,4,0,26.9,0,0,4,0,202041.53
CUST-1284,Aditi Bhatia,aditi.bhatia.1284@example.com,58,Female,Jaipur,Premium,2026-06-30,1,10427.99,10842.66,10320.78,4.0,8.9,28.1,42,3,21.1,46.5,0,0,1.0,0,0,4,1,439035.19
CUST-1285,Rohan Mishra,rohan.mishra.1285@example.com,54,Female,Chennai,Standard,2023-02-26,41,4692.27,4878.86,190405.27,0.2,0.5,14.5,10,1,-37.3,50.5,2,0,1.0,0,0,4,0,231959.91
CUST-1286,Manish Pandey,manish.pandey.1286@example.com,52,Male,Chandigarh,Premium,2025-05-24,14,9350.88,9722.72,129566.47,7.3,16.3,7.1,14,8,10.8,43.6,1,1,45.2,0,1,4,0,474270.61
CUST-1287,Vikram Bose,vikram.bose.1287@example.com,32,Female,Chandigarh,Enterprise,2024-12-22,19,25858.56,26886.82,486261.7,0.2,0.5,28.8,0,9,-3.5,27.6,1,0,11.2,0,0,4,0,1200000.0
CUST-1288,Manish Joshi,manish.joshi.1288@example.com,25,Male,Chandigarh,Standard,2025-03-24,16,4519.78,4699.51,71573.03,4.8,10.7,28.1,2,8,-39.6,67.4,0,0,30.3,1,0,4,0,271971.6
CUST-1289,Meera Nair,meera.nair.1289@example.com,39,Female,Hyderabad,Standard,2025-03-26,16,3729.84,3878.16,59063.93,6.0,13.4,18.9,1,1,-41.8,29.3,1,0,14.6,0,0,4,0,166688.79
CUST-1290,Manish Chopra,manish.chopra.1290@example.com,25,Female,Bengaluru,Enterprise,2026-06-28,1,28935.55,30086.17,28638.08,5.6,12.5,26.9,4,7,10.7,72.1,1,1,1.0,0,0,3,0,1200000.0
CUST-1291,Aditya Mehta,aditya.mehta.1291@example.com,55,Male,Bengaluru,Basic,2025-08-10,11,1371.6,1426.14,14932.49,7.5,16.7,17.1,9,7,17.5,9.4,0,0,24.2,2,0,2,0,55335.27
CUST-1292,Manish Bhatia,manish.bhatia.1292@example.com,50,Male,Chandigarh,Basic,2024-07-01,25,1449.09,1506.71,35854.82,6.3,14.0,12.9,1,4,-31.3,47.2,1,0,20.4,0,1,5,0,71121.77
CUST-1293,Aditi Malhotra,aditi.malhotra.1293@example.com,45,Male,Pune,Enterprise,2026-06-18,1,28310.13,29435.88,28019.09,8.1,18.0,22.0,1,8,25.2,12.6,2,0,7.0,1,1,4,0,1200000.0
CUST-1294,Aditi Bose,aditi.bose.1294@example.com,43,Other,Delhi NCR,Premium,2022-11-18,44,8408.79,8743.16,366183.11,4.0,8.9,27.7,7,5,6.0,22.0,0,0,29.2,0,1,5,0,511684.56
CUST-1295,Tara Mehta,tara.mehta.1295@example.com,23,Male,Pune,Enterprise,2025-11-28,8,31002.38,32235.18,245469.28,3.3,7.3,25.4,1,4,31.5,29.7,2,1,35.2,0,0,4,0,1200000.0
CUST-1296,Isha Deshmukh,isha.deshmukh.1296@example.com,27,Female,Pune,Basic,2026-02-09,5,1804.7,1876.46,8930.73,3.5,7.8,27.6,4,5,28.5,78.5,4,0,6.9,0,1,4,0,82556.88
CUST-1297,Deepak Kapoor,deepak.kapoor.1297@example.com,46,Male,Bengaluru,Basic,2025-08-17,11,1677.69,1744.4,18264.87,7.1,15.8,13.6,0,2,-6.4,73.4,3,2,45.0,1,0,3,0,55356.59
CUST-1298,Vikram Deshmukh,vikram.deshmukh.1298@example.com,42,Female,Ahmedabad,Basic,2024-08-21,23,1778.82,1849.55,40492.25,2.9,6.5,39.4,8,4,43.8,63.0,2,0,18.6,0,0,4,0,96105.84
CUST-1299,Swati Sharma,swati.sharma.1299@example.com,37,Male,Pune,Standard,2025-09-18,10,4841.4,5033.92,47916.28,6.0,13.4,18.2,5,10,-33.5,42.8,1,1,24.8,1,0,3,0,255902.31
CUST-1300,Aarav Agarwal,aarav.agarwal.1300@example.com,52,Female,Pune,Standard,2025-04-21,15,3962.28,4119.84,58823.19,2.4,5.3,20.7,7,8,64.9,46.5,5,5,47.2,0,1,1,0,204417.68
CUST-1301,Aarav Saxena,aarav.saxena.1301@example.com,35,Male,Jaipur,Standard,2025-09-11,10,4787.98,4978.37,47387.57,2.4,5.3,7.5,2,7,-26.6,72.4,1,0,5.0,0,0,3,0,249396.02
CUST-1302,Nikhil Kapoor,nikhil.kapoor.1302@example.com,49,Female,Ahmedabad,Basic,2025-05-18,14,1451.3,1509.01,20109.32,6.7,14.9,19.9,2,8,-3.3,58.8,2,0,33.0,0,0,5,0,78665.51
CUST-1303,Simran Rao,simran.rao.1303@example.com,53,Male,Bengaluru,Standard,2026-04-17,3,4177.63,4343.75,12404.05,5.1,11.4,27.9,12,7,-17.9,42.4,0,0,20.6,0,1,5,0,193124.55
CUST-1304,Aditi Kumar,aditi.kumar.1304@example.com,49,Male,Delhi NCR,Standard,2026-06-11,1,4380.47,4554.66,4335.44,0.2,0.5,30.4,9,7,-12.6,77.7,2,0,27.3,2,1,4,0,178228.0
CUST-1305,Varun Mishra,varun.mishra.1305@example.com,30,Male,Kolkata,Basic,2026-04-21,3,1723.64,1792.18,5117.76,2.4,5.3,39.2,6,7,75.0,61.5,2,0,10.2,2,1,4,0,79351.77
CUST-1306,Neha Bose,neha.bose.1306@example.com,43,Female,Bengaluru,Enterprise,2026-03-01,5,22762.83,23667.99,112644.08,0.2,0.5,27.7,7,2,-15.0,47.8,4,2,38.0,0,0,2,1,641188.98
CUST-1307,Shreya Sharma,shreya.sharma.1307@example.com,53,Male,Bengaluru,Basic,2026-02-08,5,1501.52,1561.23,7430.42,3.4,7.6,25.0,0,3,21.8,31.0,2,0,11.8,0,0,4,0,71243.65
CUST-1308,Swati Kapoor,swati.kapoor.1308@example.com,26,Female,Pune,Premium,2025-05-10,14,10015.72,10413.99,138778.55,3.6,8.0,17.1,14,1,-8.6,28.8,3,0,24.0,1,0,4,0,432673.47
CUST-1309,Ananya Nair,ananya.nair.1309@example.com,44,Male,Jaipur,Premium,2025-10-19,9,9224.69,9591.51,82168.7,3.2,7.1,14.7,11,2,24.2,33.9,3,1,7.2,1,0,3,0,393420.61
CUST-1310,Swati Mehta,swati.mehta.1310@example.com,26,Female,Chennai,Standard,2026-06-22,1,4683.86,4870.11,4635.71,6.7,14.9,32.7,6,10,-17.2,53.0,1,0,1.0,0,0,4,0,227628.29
CUST-1311,Deepak Saxena,deepak.saxena.1311@example.com,53,Female,Chandigarh,Basic,2026-06-24,1,1690.99,1758.23,1673.61,5.1,11.4,32.5,18,6,5.2,62.1,1,0,2.7,0,0,4,0,72507.76
CUST-1312,Priya Malhotra,priya.malhotra.1312@example.com,31,Male,Mumbai,Basic,2026-05-12,2,1472.08,1530.62,2913.89,9.4,20.9,10.2,1,2,15.6,7.3,2,0,15.9,1,1,3,0,49109.6
CUST-1313,Deepak Rao,deepak.rao.1313@example.com,36,Male,Jaipur,Premium,2025-12-26,7,8558.73,8899.07,59295.19,5.3,11.8,30.0,8,1,-22.2,0.0,3,1,1.0,0,0,4,1,214011.66
CUST-1314,Karan Rao,karan.rao.1314@example.com,28,Male,Chennai,Basic,2026-06-21,1,1679.13,1745.9,1661.87,5.4,12.0,29.2,24,8,75.0,19.2,1,0,21.5,0,0,3,0,84936.64
CUST-1315,Meera Nair,meera.nair.1315@example.com,50,Male,Pune,Premium,2025-09-15,10,9517.91,9896.39,94200.61,4.8,10.7,9.7,2,9,17.1,32.2,1,0,23.4,0,0,4,0,474230.94
CUST-1316,Aditya Rao,aditya.rao.1316@example.com,24,Male,Pune,Enterprise,2025-12-24,7,23977.41,24930.87,166116.37,3.6,8.0,27.9,0,7,-8.3,70.7,0,0,1.0,0,0,4,0,1200000.0
CUST-1317,Manish Das,manish.das.1317@example.com,40,Female,Delhi NCR,Enterprise,2025-07-28,12,25354.76,26362.99,301129.2,2.8,6.2,10.5,9,3,-21.5,35.3,0,0,11.1,0,0,5,0,1200000.0
CUST-1318,Rajesh Kumar,rajesh.kumar.1318@example.com,31,Female,Chennai,Standard,2025-01-20,18,4023.26,4183.24,71674.18,3.7,8.2,2.0,0,1,0.6,48.1,1,1,46.3,0,0,4,0,197050.41
CUST-1319,Ananya Reddy,ananya.reddy.1319@example.com,49,Female,Hyderabad,Premium,2026-02-11,5,8439.68,8775.28,41764.58,3.8,8.5,20.2,15,4,-36.0,52.0,0,0,10.7,0,0,5,0,351286.59
CUST-1320,Meera Gupta,meera.gupta.1320@example.com,50,Male,Chandigarh,Enterprise,2026-04-23,3,27284.36,28369.32,81011.59,4.0,8.9,24.8,0,10,47.9,17.4,3,0,3.9,0,1,4,0,1200000.0
CUST-1321,Vikram Malhotra,vikram.malhotra.1321@example.com,36,Female,Mumbai,Standard,2026-02-22,5,4667.94,4853.56,23099.76,5.5,12.2,20.7,7,3,10.1,77.0,2,0,11.5,0,1,5,0,190954.88
CUST-1322,Tanvi Iyer,tanvi.iyer.1322@example.com,56,Male,Delhi NCR,Basic,2026-06-21,1,1651.02,1716.67,1634.05,4.8,10.7,53.5,3,3,-4.5,26.0,4,1,38.1,0,0,3,0,47702.38
CUST-1323,Aditi Saxena,aditi.saxena.1323@example.com,27,Male,Jaipur,Basic,2026-06-02,2,1782.61,1853.5,3528.57,3.1,6.9,26.2,1,2,27.3,79.4,1,0,2.2,0,0,5,0,72666.67
CUST-1324,Ananya Singh,ananya.singh.1324@example.com,33,Male,Jaipur,Basic,2024-11-30,20,1416.03,1472.34,28029.45,2.6,5.8,23.6,17,10,-22.2,39.0,2,1,30.6,0,0,4,0,86093.93
CUST-1325,Isha Agarwal,isha.agarwal.1325@example.com,59,Male,Chennai,Premium,2026-03-15,4,9471.12,9847.74,37495.01,4.7,10.5,26.7,10,3,-34.4,33.9,3,1,29.1,0,1,3,0,279653.93
CUST-1326,Karan Patel,karan.patel.1326@example.com,34,Male,Chandigarh,Standard,2022-08-03,48,4452.07,4629.11,211502.42,2.3,5.1,17.1,3,5,-5.6,15.3,2,0,15.9,2,0,3,0,282851.8
CUST-1327,Rajesh Bose,rajesh.bose.1327@example.com,50,Female,Chandigarh,Premium,2026-04-17,3,10228.27,10635.0,30369.35,3.3,7.3,32.2,2,4,1.6,46.7,2,0,11.5,0,0,4,0,423714.46
CUST-1328,Divya Kumar,divya.kumar.1328@example.com,40,Female,Jaipur,Premium,2024-09-17,22,10290.58,10699.78,224065.33,3.1,6.9,26.0,9,1,12.9,96.1,4,1,35.1,0,1,3,0,414532.08
CUST-1329,Divya Kapoor,divya.kapoor.1329@example.com,24,Male,Hyderabad,Standard,2025-01-14,18,4619.4,4803.09,82294.38,9.3,20.7,25.5,13,1,-43.3,51.9,2,0,2.3,0,0,4,0,159870.97
CUST-1330,Aarav Mishra,aarav.mishra.1330@example.com,29,Male,Pune,Standard,2026-01-14,6,4510.87,4690.24,26786.98,1.5,3.3,15.1,9,1,-14.8,48.5,4,2,36.8,0,0,2,1,69380.42
CUST-1331,Amit Bose,amit.bose.1331@example.com,29,Male,Chandigarh,Basic,2026-01-09,6,1398.54,1454.15,8304.97,2.5,5.6,4.8,7,10,-85.0,26.0,2,1,5.4,1,1,3,0,44162.93
CUST-1332,Tara Nair,tara.nair.1332@example.com,41,Female,Chennai,Premium,2025-07-21,12,10289.07,10698.21,122199.52,3.0,6.7,16.5,1,9,-35.1,56.2,4,1,35.6,0,0,3,0,565946.24
CUST-1333,Aditya Kapoor,aditya.kapoor.1333@example.com,25,Male,Jaipur,Standard,2024-04-12,27,4613.54,4797.0,123284.98,3.3,7.3,25.1,14,9,18.0,45.8,1,0,25.1,0,1,5,0,303098.53
CUST-1334,Ananya Bose,ananya.bose.1334@example.com,42,Female,Pune,Standard,2025-12-21,7,4989.62,5188.03,34568.27,6.3,14.0,17.1,10,9,24.9,40.5,0,0,11.0,0,1,4,0,257537.09
CUST-1335,Divya Bhatia,divya.bhatia.1335@example.com,24,Other,Ahmedabad,Basic,2026-06-24,1,1712.87,1780.98,1695.26,3.7,8.2,25.2,5,10,-34.0,53.9,3,2,29.2,0,1,4,0,72347.01
CUST-1336,Harsh Chopra,harsh.chopra.1336@example.com,29,Female,Bengaluru,Enterprise,2025-12-28,7,28508.63,29642.27,197508.83,1.4,3.1,19.4,5,4,-11.1,0.0,2,0,21.7,0,1,5,0,1200000.0
CUST-1337,Rohan Bhatia,rohan.bhatia.1337@example.com,44,Male,Pune,Enterprise,2026-03-25,4,27003.54,28077.33,106903.72,7.2,16.0,26.7,6,4,-1.3,39.6,1,0,1.0,0,1,4,0,1200000.0
CUST-1338,Tanvi Singh,tanvi.singh.1338@example.com,37,Female,Chandigarh,Standard,2023-03-22,40,4813.89,5005.31,190576.03,4.8,10.7,11.3,13,10,28.2,13.3,2,1,20.4,0,0,5,0,297217.82
CUST-1339,Tara Patel,tara.patel.1339@example.com,34,Female,Bengaluru,Standard,2025-02-16,17,4994.32,5192.92,84030.59,5.1,11.4,24.1,10,7,40.8,42.7,5,2,32.0,0,0,3,0,260713.86
CUST-1340,Aditya Das,aditya.das.1340@example.com,24,Male,Chandigarh,Premium,2026-06-23,1,10552.82,10972.45,10444.33,5.6,12.5,14.9,14,3,2.3,24.6,1,0,1.0,0,0,4,0,424983.08
CUST-1341,Priya Bhatia,priya.bhatia.1341@example.com,30,Female,Chennai,Basic,2026-02-15,5,1670.45,1736.88,8266.38,1.6,3.6,5.1,5,10,-9.3,26.3,4,1,34.8,0,0,3,0,87743.66
CUST-1342,Nikhil Iyer,nikhil.iyer.1342@example.com,35,Female,Kolkata,Basic,2026-06-19,1,1390.52,1445.81,1376.22,4.2,9.4,20.2,7,3,-42.4,10.0,2,1,49.0,2,0,3,1,5554.08
CUST-1343,Shreya Iyer,shreya.iyer.1343@example.com,34,Male,Pune,Standard,2024-06-08,25,4616.28,4799.85,114220.56,5.9,13.1,38.9,14,4,1.0,68.8,2,1,52.9,0,1,4,0,254542.1
CUST-1344,Rohan Saxena,rohan.saxena.1344@example.com,28,Male,Bengaluru,Basic,2023-10-02,34,1720.85,1789.28,57907.4,2.9,6.5,6.0,1,6,56.1,25.7,4,2,8.6,0,0,3,0,103166.14
CUST-1345,Rajesh Kapoor,rajesh.kapoor.1345@example.com,36,Male,Chennai,Standard,2026-05-09,2,4684.62,4870.9,9272.92,4.8,10.7,23.3,4,1,34.1,27.0,0,0,29.9,0,0,4,0,198333.3
CUST-1346,Nikhil Chopra,nikhil.chopra.1346@example.com,28,Female,Chandigarh,Standard,2025-10-14,9,3773.43,3923.48,33611.73,5.3,11.8,30.8,7,3,2.9,78.7,1,1,16.4,0,0,3,0,182659.65
CUST-1347,Tanvi Singh,tanvi.singh.1347@example.com,59,Male,Pune,Standard,2023-05-24,38,4514.1,4693.6,169772.32,1.1,2.4,47.3,18,5,6.5,55.6,2,0,14.7,0,0,5,0,272104.09
CUST-1348,Swati Iyer,swati.iyer.1348@example.com,55,Female,Chennai,Basic,2026-04-14,3,1504.25,1564.07,4466.36,2.0,4.5,16.6,0,4,-21.3,0.0,1,0,4.2,0,0,4,0,63774.0
CUST-1349,Rahul Mehta,rahul.mehta.1349@example.com,43,Female,Chandigarh,Standard,2026-02-20,5,4663.21,4848.64,23076.35,0.2,0.5,15.0,1,8,-12.0,75.2,2,0,23.3,0,0,4,0,239203.37
CUST-1350,Tanvi Nair,tanvi.nair.1350@example.com,45,Female,Kolkata,Basic,2026-01-18,6,1475.21,1533.87,8760.26,4.7,10.5,9.2,2,9,2.1,81.5,3,2,2.0,1,0,3,0,63821.57
CUST-1351,Amit Mehta,amit.mehta.1351@example.com,58,Male,Kolkata,Standard,2026-06-18,1,4556.43,4737.62,4509.59,8.2,18.3,34.5,2,8,2.2,79.3,5,2,17.6,0,1,4,0,173944.5
CUST-1352,Aarav Reddy,aarav.reddy.1352@example.com,22,Female,Mumbai,Standard,2026-06-08,1,4011.99,4171.53,3970.74,2.7,6.0,12.5,2,9,26.3,58.0,1,1,1.0,0,0,3,1,187493.57
CUST-1353,Sneha Reddy,sneha.reddy.1353@example.com,31,Male,Delhi NCR,Enterprise,2022-12-27,43,22577.8,23475.6,960864.62,3.8,8.5,17.9,6,8,24.9,15.6,2,2,25.1,0,0,2,0,1200000.0
CUST-1354,Swati Agarwal,swati.agarwal.1354@example.com,37,Male,Chennai,Basic,2025-07-19,12,1681.39,1748.25,19969.25,6.3,14.0,2.0,16,10,12.6,40.8,2,1,20.2,0,1,5,0,81795.0
CUST-1355,Rahul Patel,rahul.patel.1355@example.com,29,Female,Delhi NCR,Premium,2026-01-08,6,8455.86,8792.11,50213.58,4.8,10.7,31.7,7,1,-30.0,7.2,2,1,5.1,0,1,5,0,293604.09
CUST-1356,Rhea Sharma,rhea.sharma.1356@example.com,46,Male,Mumbai,Basic,2025-12-10,7,1695.0,1762.4,11743.02,2.2,4.9,34.7,2,7,-28.9,21.2,2,1,30.3,0,0,4,1,81575.71
CUST-1357,Sneha Pandey,sneha.pandey.1357@example.com,33,Female,Hyderabad,Standard,2025-01-07,18,4894.63,5089.26,87197.59,7.4,16.5,31.3,14,9,-26.9,15.3,1,0,21.2,0,0,4,0,235785.36
CUST-1358,Aarav Mehta,aarav.mehta.1358@example.com,46,Male,Pune,Standard,2025-12-25,7,4955.71,5152.77,34333.34,4.6,10.2,4.3,7,1,4.6,27.0,3,3,50.4,0,1,2,0,106493.18
CUST-1359,Karan Nair,karan.nair.1359@example.com,38,Male,Chandigarh,Standard,2026-03-30,4,3929.31,4085.56,15555.66,3.7,8.2,28.7,1,10,-58.7,45.9,0,0,32.9,0,0,5,0,205757.92
CUST-1360,Tara Gupta,tara.gupta.1360@example.com,47,Male,Jaipur,Premium,2026-05-16,2,10647.96,11071.37,21076.99,3.9,8.7,3.6,3,1,-2.2,31.3,3,1,20.8,0,0,3,0,335887.97
CUST-1361,Sanjay Mishra,sanjay.mishra.1361@example.com,35,Other,Delhi NCR,Standard,2024-12-19,19,4093.95,4256.75,76985.38,5.4,12.0,22.6,11,10,37.4,30.3,4,1,26.7,0,0,3,0,214252.42
CUST-1362,Sanjay Das,sanjay.das.1362@example.com,57,Female,Delhi NCR,Basic,2026-04-12,3,1821.52,1893.95,5408.38,2.9,6.5,24.3,10,2,16.7,35.0,2,0,3.7,1,0,4,0,70340.93
CUST-1363,Rhea Joshi,rhea.joshi.1363@example.com,44,Female,Chennai,Premium,2026-05-16,2,10579.42,11000.11,20941.32,7.5,16.7,25.4,6,5,-11.8,78.0,1,1,24.8,0,1,4,0,463819.46
CUST-1364,Deepak Saxena,deepak.saxena.1364@example.com,27,Male,Pune,Basic,2025-11-28,8,1387.88,1443.07,10988.9,6.8,15.1,27.9,1,8,-21.6,93.9,4,1,25.4,0,0,3,0,57026.11
CUST-1365,Rajesh Pandey,rajesh.pandey.1365@example.com,26,Male,Chennai,Basic,2026-07-01,1,1562.7,1624.84,1546.63,4.2,9.4,21.9,12,8,20.6,31.2,2,0,34.3,1,0,3,0,72930.17
CUST-1366,Simran Mehta,simran.mehta.1366@example.com,46,Female,Kolkata,Basic,2022-08-14,47,1526.07,1586.75,70987.92,4.3,9.6,2.0,2,10,6.6,50.1,2,1,30.4,0,1,4,0,99123.36
CUST-1367,Pooja Chopra,pooja.chopra.1367@example.com,39,Male,Delhi NCR,Basic,2025-05-28,14,1761.05,1831.08,24401.24,2.4,5.3,27.9,11,4,-8.9,21.8,0,0,22.7,0,1,4,0,75541.65
CUST-1368,Rohan Pandey,rohan.pandey.1368@example.com,34,Male,Pune,Standard,2026-04-22,3,4173.36,4339.31,12391.37,2.9,6.5,23.1,7,7,-18.5,60.4,1,1,20.4,0,0,3,0,184426.49
CUST-1369,Rahul Joshi,rahul.joshi.1369@example.com,35,Female,Ahmedabad,Standard,2026-05-02,3,4557.28,4738.5,13531.29,1.8,4.0,12.1,2,7,0.1,30.6,1,0,1.0,0,0,4,0,220677.49
CUST-1370,Tara Singh,tara.singh.1370@example.com,49,Male,Hyderabad,Basic,2025-07-19,12,1665.17,1731.39,19776.61,3.8,8.5,4.7,1,9,-10.5,24.9,2,1,24.3,0,1,4,0,95691.7
CUST-1371,Divya Mishra,divya.mishra.1371@example.com,39,Female,Chandigarh,Basic,2025-12-21,7,1860.97,1934.97,12892.87,4.3,9.6,38.9,1,9,20.0,90.0,1,1,18.3,1,0,4,0,89435.35
CUST-1372,Shreya Reddy,shreya.reddy.1372@example.com,49,Female,Mumbai,Premium,2024-10-09,21,11052.79,11492.3,229722.4,0.9,2.0,35.5,2,3,32.8,9.5,0,0,2.7,0,1,5,0,538020.53
CUST-1373,Divya Patel,divya.patel.1373@example.com,48,Male,Hyderabad,Premium,2025-07-16,12,9446.2,9821.83,112189.06,5.6,12.5,29.8,1,8,-40.3,0.0,2,1,32.9,0,1,4,0,408938.34
CUST-1374,Sanjay Deshmukh,sanjay.deshmukh.1374@example.com,53,Male,Mumbai,Enterprise,2025-11-27,8,28830.16,29976.59,228270.17,2.4,5.3,14.6,7,5,-36.3,59.6,2,1,35.8,0,0,4,0,1200000.0
CUST-1375,Tanvi Das,tanvi.das.1375@example.com,30,Male,Delhi NCR,Enterprise,2022-08-24,47,29756.59,30939.86,1384181.82,5.1,11.4,2.0,6,5,35.7,33.2,4,2,19.9,0,0,3,0,1200000.0
CUST-1376,Tara Pandey,tara.pandey.1376@example.com,53,Female,Hyderabad,Enterprise,2025-12-09,7,30364.04,31571.46,210363.18,5.9,13.1,30.4,6,8,2.6,26.5,1,0,16.5,0,0,4,0,1200000.0
CUST-1377,Manish Singh,manish.singh.1377@example.com,41,Female,Hyderabad,Premium,2025-11-11,8,8313.7,8644.29,65825.85,6.9,15.4,26.0,7,6,-33.7,100.0,0,0,14.7,0,1,5,0,390267.21
CUST-1378,Aditi Malhotra,aditi.malhotra.1378@example.com,49,Male,Chandigarh,Standard,2025-03-15,16,4021.9,4181.83,63688.85,6.5,14.5,17.9,12,10,25.5,59.5,2,0,29.6,0,0,4,0,218767.87
CUST-1379,Aarav Malhotra,aarav.malhotra.1379@example.com,54,Male,Jaipur,Basic,2024-07-12,24,1517.11,1577.44,36036.32,7.7,17.1,34.4,18,10,7.6,40.6,1,0,21.2,3,1,4,0,88043.92
CUST-1380,Divya Mishra,divya.mishra.1380@example.com,25,Female,Chandigarh,Standard,2025-06-02,14,4207.17,4374.47,58294.85,5.9,13.1,31.3,1,1,59.7,25.0,1,0,24.6,0,0,4,0,151155.66
CUST-1381,Simran Singh,simran.singh.1381@example.com,55,Female,Chennai,Basic,2025-02-15,17,1437.9,1495.08,24193.0,4.6,10.2,23.9,6,4,-8.6,52.7,3,1,19.6,0,0,3,0,67836.7
CUST-1382,Neha Bose,neha.bose.1382@example.com,24,Male,Jaipur,Premium,2025-12-25,7,9661.97,10046.18,66938.48,3.2,7.1,22.4,0,9,29.0,0.4,5,0,21.0,0,0,5,0,531059.22
CUST-1383,Vikram Nair,vikram.nair.1383@example.com,47,Male,Hyderabad,Standard,2025-09-09,10,4527.37,4707.4,44808.26,3.9,8.7,22.6,0,5,-42.6,29.6,0,0,26.5,2,0,3,1,179725.94
CUST-1384,Vikram Joshi,vikram.joshi.1384@example.com,29,Male,Jaipur,Standard,2026-03-18,4,4295.24,4466.04,17004.33,7.6,16.9,29.5,7,4,37.1,41.1,4,0,43.8,0,0,4,0,182891.31
CUST-1385,Swati Gupta,swati.gupta.1385@example.com,27,Female,Jaipur,Basic,2025-03-23,16,1698.41,1765.95,26895.19,3.8,8.5,12.6,4,10,24.4,47.1,1,1,17.5,0,0,4,0,104247.83
CUST-1386,Aditya Bose,aditya.bose.1386@example.com,37,Female,Chennai,Standard,2026-03-15,4,3692.1,3838.92,14616.57,4.2,9.4,26.7,10,1,42.9,38.6,3,1,19.6,2,0,3,1,110832.99
CUST-1387,Deepak Mehta,deepak.mehta.1387@example.com,45,Male,Pune,Basic,2026-06-09,1,1808.69,1880.61,1790.1,7.3,16.3,11.9,4,9,29.1,25.4,6,2,23.1,2,0,4,0,78120.13
CUST-1388,Amit Pandey,amit.pandey.1388@example.com,51,Female,Delhi NCR,Basic,2023-04-24,39,1841.78,1915.02,71090.98,3.7,8.2,36.7,1,8,-4.8,64.1,2,0,10.6,0,0,5,0,121097.32
CUST-1389,Amit Kumar,amit.kumar.1389@example.com,34,Male,Pune,Standard,2026-01-17,6,4463.95,4641.46,26508.35,2.5,5.6,27.9,15,3,-34.8,2.4,2,0,32.6,0,1,3,0,110486.53
CUST-1390,Rohan Saxena,rohan.saxena.1390@example.com,26,Male,Delhi NCR,Basic,2026-03-26,4,1811.52,1883.55,7171.59,6.6,14.7,14.4,0,9,-18.9,35.3,1,0,6.1,2,1,4,0,101730.44
CUST-1391,Nikhil Agarwal,nikhil.agarwal.1391@example.com,46,Male,Pune,Standard,2026-02-17,5,3783.08,3933.51,18720.94,2.5,5.6,22.9,1,1,-51.3,29.6,1,0,20.7,0,0,3,0,103340.45
CUST-1392,Divya Kumar,divya.kumar.1392@example.com,41,Female,Pune,Standard,2026-01-31,6,4715.25,4902.75,28000.65,5.0,11.1,12.6,2,4,-27.8,66.3,4,2,44.0,0,0,3,0,166979.53
CUST-1393,Divya Chopra,divya.chopra.1393@example.com,39,Male,Mumbai,Premium,2025-09-22,10,8474.38,8811.36,83872.59,4.7,10.5,38.5,40,5,9.9,31.0,3,0,30.4,0,0,4,0,319770.43
CUST-1394,Rohan Mehta,rohan.mehta.1394@example.com,39,Female,Jaipur,Standard,2026-05-27,2,4170.17,4336.0,8254.6,4.9,10.9,39.9,4,4,-3.3,52.5,1,0,33.5,0,0,4,0,162656.85
CUST-1395,Tanvi Agarwal,tanvi.agarwal.1395@example.com,23,Male,Kolkata,Standard,2026-06-15,1,4052.33,4213.47,4010.67,0.2,0.5,29.7,5,4,-8.3,50.0,3,1,29.6,0,0,2,0,128987.7
CUST-1396,Meera Sharma,meera.sharma.1396@example.com,31,Male,Chennai,Enterprise,2026-02-19,5,27622.82,28721.24,136694.22,5.8,12.9,39.1,11,9,-24.2,0.0,4,1,28.5,0,0,4,0,1200000.0
CUST-1397,Isha Reddy,isha.reddy.1397@example.com,33,Male,Pune,Standard,2026-03-01,5,4021.11,4181.01,19898.85,4.1,9.1,23.7,7,5,-51.6,40.4,1,1,17.2,0,1,3,0,137447.71
CUST-1398,Meera Nair,meera.nair.1398@example.com,34,Female,Hyderabad,Standard,2026-05-16,2,4491.12,4669.71,8889.9,5.5,12.2,30.4,13,1,3.1,0.2,1,1,1.0,0,0,4,0,126083.6
CUST-1399,Aarav Rao,aarav.rao.1399@example.com,32,Male,Ahmedabad,Standard,2025-11-11,8,4113.31,4276.88,32568.18,5.3,11.8,35.5,4,7,8.6,50.4,2,0,8.9,0,0,3,0,187044.45
CUST-1400,Meera Agarwal,meera.agarwal.1400@example.com,40,Female,Mumbai,Premium,2026-02-24,5,10810.29,11240.16,53495.77,4.9,10.9,21.9,26,6,-29.8,24.5,2,1,25.9,0,0,3,1,296733.15
CUST-1401,Tanvi Pandey,tanvi.pandey.1401@example.com,56,Male,Ahmedabad,Basic,2026-06-13,1,1681.67,1748.54,1664.38,3.4,7.6,22.8,11,9,-16.9,70.5,1,1,36.2,1,1,4,0,74846.47
CUST-1402,Karan Kumar,karan.kumar.1402@example.com,47,Male,Bengaluru,Standard,2023-12-22,31,3900.44,4055.54,119670.59,3.4,7.6,32.3,3,4,41.2,37.7,1,1,42.0,0,0,2,0,200480.7
CUST-1403,Manish Saxena,manish.saxena.1403@example.com,35,Male,Chandigarh,Premium,2023-12-14,31,9157.79,9521.95,280972.94,4.1,9.1,29.1,3,10,30.5,23.5,1,0,16.1,0,0,4,0,504986.78
CUST-1404,Sneha Pandey,sneha.pandey.1404@example.com,45,Male,Bengaluru,Basic,2026-03-09,4,1793.7,1865.03,7101.04,4.6,10.2,13.7,19,6,-43.6,70.8,4,1,37.5,0,1,3,0,60732.64
CUST-1405,Priya Rao,priya.rao.1405@example.com,22,Male,Delhi NCR,Premium,2026-04-19,3,9316.38,9686.84,27661.81,3.3,7.3,2.0,8,10,-4.4,21.1,2,0,18.0,0,1,4,0,506384.07
CUST-1406,Ananya Malhotra,ananya.malhotra.1406@example.com,43,Male,Pune,Standard,2025-07-24,12,4349.03,4521.97,51651.84,6.2,13.8,20.1,7,7,38.7,63.5,1,1,26.5,0,0,3,0,194963.54
CUST-1407,Sneha Reddy,sneha.reddy.1407@example.com,44,Female,Chennai,Standard,2025-05-25,14,4507.39,4686.63,62454.72,3.5,7.8,2.0,10,4,-8.1,53.2,3,1,20.4,0,1,4,0,188064.31
CUST-1408,Tanvi Chopra,tanvi.chopra.1408@example.com,40,Female,Hyderabad,Premium,2022-10-11,45,9194.58,9560.2,409502.48,2.1,4.7,11.1,6,9,-9.5,33.2,0,0,10.3,1,0,3,0,557512.17
CUST-1409,Simran Singh,simran.singh.1409@example.com,39,Male,Kolkata,Basic,2025-12-18,7,1503.34,1563.12,10415.19,5.4,12.0,12.4,1,1,28.6,9.9,1,0,9.0,0,0,3,0,56407.13
CUST-1410,Rohan Joshi,rohan.joshi.1410@example.com,33,Male,Kolkata,Premium,2025-05-14,14,9595.99,9977.57,132962.74,8.2,18.3,15.7,2,1,25.6,71.8,1,1,17.4,0,1,4,0,408059.11
CUST-1411,Divya Pandey,divya.pandey.1411@example.com,49,Male,Mumbai,Enterprise,2024-01-09,30,24379.23,25348.67,723857.97,1.7,3.8,31.0,6,3,24.2,54.0,4,2,23.9,1,1,3,0,1200000.0
CUST-1412,Simran Das,simran.das.1412@example.com,49,Male,Mumbai,Standard,2025-10-23,9,3996.9,4155.84,35602.29,3.9,8.7,33.4,0,9,-9.3,23.5,1,0,26.2,0,0,4,0,189590.12
CUST-1413,Sanjay Iyer,sanjay.iyer.1413@example.com,54,Male,Mumbai,Enterprise,2026-05-15,2,23042.27,23958.54,45610.77,6.4,14.2,27.6,4,5,16.6,47.9,1,0,31.2,3,1,3,0,1078374.37
CUST-1414,Rohan Chopra,rohan.chopra.1414@example.com,40,Female,Mumbai,Basic,2025-12-14,7,1508.58,1568.57,10451.5,5.4,12.0,29.0,10,1,39.9,66.1,0,0,6.9,0,1,5,0,56725.71
CUST-1415,Sanjay Agarwal,sanjay.agarwal.1415@example.com,49,Male,Jaipur,Premium,2026-04-21,3,9109.21,9471.44,27046.69,5.5,12.2,29.2,1,5,-3.4,44.7,1,1,13.3,1,1,4,0,416614.16
CUST-1416,Harsh Iyer,harsh.iyer.1416@example.com,58,Male,Pune,Basic,2026-06-10,1,1853.73,1927.44,1834.67,4.3,9.6,2.0,0,6,-13.3,47.7,1,0,13.8,0,0,5,0,82317.11
CUST-1417,Rhea Patel,rhea.patel.1417@example.com,47,Male,Ahmedabad,Basic,2024-11-20,20,1658.5,1724.45,32829.0,0.2,0.5,22.1,13,4,32.4,66.8,2,1,13.5,0,0,4,0,78177.38
CUST-1418,Swati Deshmukh,swati.deshmukh.1418@example.com,56,Male,Pune,Basic,2026-03-25,4,1762.2,1832.27,6976.33,4.7,10.5,2.2,7,7,55.3,78.9,1,0,3.8,0,0,4,0,78468.66
CUST-1419,Kavya Iyer,kavya.iyer.1419@example.com,55,Female,Pune,Basic,2026-06-13,1,1372.91,1427.5,1358.8,5.0,11.1,27.6,1,3,57.2,39.1,4,3,35.8,1,0,3,0,50770.12
CUST-1420,Rhea Pandey,rhea.pandey.1420@example.com,56,Male,Bengaluru,Basic,2024-02-29,29,1404.99,1460.86,40325.83,6.6,14.7,2.0,12,5,-12.5,9.9,1,0,18.9,0,0,3,0,77312.48
CUST-1421,Aditi Kapoor,aditi.kapoor.1421@example.com,37,Male,Chennai,Enterprise,2025-11-01,9,29626.01,30804.08,263892.96,2.6,5.8,20.0,8,6,-9.7,10.7,0,0,18.8,0,0,4,0,1200000.0
CUST-1422,Isha Bhatia,isha.bhatia.1422@example.com,59,Female,Hyderabad,Premium,2026-03-18,4,10063.06,10463.22,39838.43,7.7,17.1,28.0,3,7,-30.8,25.4,2,0,12.2,0,0,4,0,453308.34
CUST-1423,Rohan Bhatia,rohan.bhatia.1423@example.com,34,Male,Delhi NCR,Basic,2026-03-02,5,1449.3,1506.93,7172.0,3.5,7.8,9.7,3,10,1.3,19.6,2,1,17.7,1,0,5,0,66531.15
CUST-1424,Divya Chopra,divya.chopra.1424@example.com,44,Female,Chennai,Basic,2026-03-21,4,1561.48,1623.57,6181.71,3.2,7.1,32.6,1,2,-32.1,1.6,1,1,31.3,0,0,4,1,46330.59
CUST-1425,Harsh Joshi,harsh.joshi.1425@example.com,43,Female,Mumbai,Premium,2026-03-31,4,9795.73,10185.26,38780.1,2.7,6.0,27.6,13,5,-16.7,86.3,1,0,20.7,0,0,4,0,429478.08
CUST-1426,Amit Gupta,amit.gupta.1426@example.com,37,Male,Ahmedabad,Standard,2024-05-22,26,4779.86,4969.93,122998.74,6.4,14.2,26.2,5,7,17.6,54.7,0,0,18.1,0,0,4,0,282406.18
CUST-1427,Priya Sharma,priya.sharma.1427@example.com,49,Female,Bengaluru,Basic,2026-04-10,3,1380.8,1435.71,4099.81,1.9,4.2,29.7,6,7,8.9,29.4,5,1,17.2,1,0,3,0,63020.2
CUST-1428,Aarav Agarwal,aarav.agarwal.1428@example.com,56,Male,Jaipur,Standard,2025-07-25,12,4434.3,4610.63,52664.56,5.5,12.2,18.0,16,3,-52.7,41.2,2,1,40.0,0,0,4,1,137842.96
CUST-1429,Priya Chopra,priya.chopra.1429@example.com,29,Female,Ahmedabad,Standard,2026-05-30,2,4602.7,4785.73,9110.76,2.5,5.6,23.7,0,8,42.0,0.0,6,3,24.3,0,0,2,0,230464.53
CUST-1430,Aarav Mehta,aarav.mehta.1430@example.com,43,Male,Bengaluru,Basic,2023-02-01,42,1862.15,1936.2,77406.26,4.1,9.1,22.1,0,1,-32.4,69.8,3,0,9.3,0,0,4,0,85788.95
CUST-1431,Kavya Singh,kavya.singh.1431@example.com,42,Male,Chandigarh,Premium,2025-06-11,13,10641.37,11064.52,136915.63,1.0,2.2,21.9,1,4,-28.9,0.0,1,0,4.2,0,1,5,0,497135.64
CUST-1432,Varun Reddy,varun.reddy.1432@example.com,47,Female,Jaipur,Standard,2023-10-12,33,3985.72,4144.21,130176.58,5.8,12.9,14.6,0,3,-36.7,54.2,1,0,16.0,0,0,5,0,226851.27
CUST-1433,Divya Mishra,divya.mishra.1433@example.com,42,Female,Mumbai,Basic,2025-11-23,8,1721.38,1789.83,13629.47,3.9,8.7,8.3,8,4,-20.5,0.0,2,0,8.0,1,0,3,0,51507.77
CUST-1434,Tanvi Deshmukh,tanvi.deshmukh.1434@example.com,46,Other,Delhi NCR,Enterprise,2024-07-14,24,29177.51,30337.75,693061.21,5.4,12.0,18.3,7,9,-27.1,32.1,2,0,17.1,0,1,4,0,1200000.0
CUST-1435,Meera Sharma,meera.sharma.1435@example.com,22,Female,Mumbai,Standard,2024-04-10,27,4620.47,4804.2,123470.17,3.8,8.5,17.7,1,8,-26.4,71.8,2,1,30.3,0,0,4,0,268126.94
CUST-1436,Swati Kapoor,swati.kapoor.1436@example.com,27,Male,Ahmedabad,Basic,2025-02-19,17,1779.39,1850.15,29938.65,5.3,11.8,13.9,1,4,-71.0,2.8,3,1,39.2,0,0,3,0,40215.95
CUST-1437,Sneha Pandey,sneha.pandey.1437@example.com,44,Male,Mumbai,Basic,2026-05-20,2,1823.24,1895.74,3608.99,4.1,9.1,31.4,1,8,1.6,38.4,2,1,26.6,2,1,3,0,74801.12
CUST-1438,Rahul Verma,rahul.verma.1438@example.com,44,Male,Chandigarh,Basic,2026-06-30,1,1400.74,1456.44,1386.34,5.8,12.9,9.1,22,1,4.5,57.1,0,0,18.4,1,1,4,0,40385.88
CUST-1439,Rohan Kumar,rohan.kumar.1439@example.com,44,Male,Mumbai,Standard,2026-04-15,3,3745.73,3894.68,11121.67,5.3,11.8,20.1,8,8,60.8,53.1,0,0,21.2,0,0,5,0,164815.93
CUST-1440,Manish Gupta,manish.gupta.1440@example.com,53,Male,Bengaluru,Basic,2026-05-25,2,1766.93,1837.19,3497.53,4.6,10.2,34.8,6,10,11.6,43.7,2,1,1.0,0,1,5,0,94274.55
CUST-1441,Swati Reddy,swati.reddy.1441@example.com,51,Female,Kolkata,Standard,2024-12-18,19,3952.33,4109.49,74322.26,2.3,5.1,32.0,2,2,-15.9,53.9,2,0,16.7,2,0,3,0,170245.8
CUST-1442,Aarav Mishra,aarav.mishra.1442@example.com,34,Male,Mumbai,Basic,2025-07-12,12,1379.81,1434.68,16387.5,3.3,7.3,35.4,4,6,-35.6,27.3,3,2,18.7,1,1,3,0,47621.97
CUST-1443,Divya Kapoor,divya.kapoor.1443@example.com,39,Male,Chandigarh,Standard,2025-08-09,11,4160.68,4326.13,45296.97,2.6,5.8,15.5,0,6,-4.7,88.4,0,0,8.2,0,0,4,0,166438.2
CUST-1444,Neha Kapoor,neha.kapoor.1444@example.com,44,Male,Pune,Premium,2026-02-21,5,10681.43,11106.18,52858.1,7.2,16.0,30.6,47,3,10.6,3.3,2,1,22.6,1,0,3,1,81842.67
CUST-1445,Aditya Verma,aditya.verma.1445@example.com,36,Female,Pune,Standard,2026-04-08,3,3776.25,3926.41,11212.28,5.8,12.9,10.3,10,5,-16.1,69.9,1,1,35.4,0,0,4,0,141469.4
CUST-1446,Nikhil Nair,nikhil.nair.1446@example.com,54,Female,Delhi NCR,Standard,2026-03-17,4,4539.44,4719.95,17971.09,4.3,9.6,19.0,7,2,-0.3,46.5,1,0,1.0,2,0,5,0,156933.06
CUST-1447,Isha Das,isha.das.1447@example.com,42,Female,Delhi NCR,Enterprise,2025-11-19,8,22530.74,23426.67,178392.9,3.0,6.7,20.0,6,8,51.1,56.8,2,0,18.9,1,1,3,0,1200000.0
CUST-1448,Deepak Nair,deepak.nair.1448@example.com,44,Male,Delhi NCR,Standard,2025-01-01,19,3752.69,3901.92,70568.1,2.5,5.6,15.7,5,8,-12.8,61.1,1,0,17.2,0,0,4,0,218851.76
CUST-1449,Isha Verma,isha.verma.1449@example.com,48,Female,Chennai,Standard,2026-02-20,5,4090.17,4252.81,20240.6,4.5,10.0,18.0,2,5,-54.8,55.3,1,0,21.2,2,1,4,0,182530.31
CUST-1450,Kavya Sharma,kavya.sharma.1450@example.com,39,Male,Hyderabad,Standard,2025-02-27,17,3716.11,3863.88,62524.41,8.1,18.0,16.6,1,7,22.5,22.5,3,3,66.8,0,0,2,0,185940.42
CUST-1451,Simran Singh,simran.singh.1451@example.com,45,Female,Delhi NCR,Premium,2025-09-23,10,10763.39,11191.39,106527.37,4.2,9.4,11.2,5,8,6.8,35.1,0,0,34.7,0,1,4,0,613990.84
CUST-1452,Ananya Chopra,ananya.chopra.1452@example.com,28,Male,Mumbai,Basic,2023-12-27,31,1802.43,1874.1,55300.9,6.7,14.9,31.4,0,4,-49.9,7.2,3,1,27.5,0,0,3,0,70389.9
CUST-1453,Ananya Iyer,ananya.iyer.1453@example.com,41,Male,Delhi NCR,Basic,2026-03-27,4,1745.51,1814.92,6910.26,4.8,10.7,20.0,0,2,10.0,34.8,2,1,30.7,1,0,3,0,53001.8
CUST-1454,Arjun Verma,arjun.verma.1454@example.com,48,Male,Hyderabad,Standard,2025-10-31,9,3938.49,4095.1,35082.0,5.4,12.0,24.2,6,5,-29.9,49.7,0,0,15.6,0,1,5,0,180457.91
CUST-1455,Nikhil Mishra,nikhil.mishra.1455@example.com,27,Female,Chennai,Standard,2026-05-15,2,4331.46,4503.7,8573.86,3.2,7.1,23.8,18,7,10.4,56.6,2,1,33.1,2,0,3,0,182522.99
CUST-1456,Isha Malhotra,isha.malhotra.1456@example.com,48,Male,Hyderabad,Premium,2026-01-12,6,8679.23,9024.36,51540.02,3.8,8.5,22.6,18,4,51.4,51.4,2,0,16.4,0,0,3,0,393108.55
CUST-1457,Sneha Verma,sneha.verma.1457@example.com,30,Female,Ahmedabad,Basic,2025-09-14,10,1496.67,1556.18,14812.83,2.5,5.6,23.0,0,4,-7.0,0.0,4,1,29.1,0,0,3,0,61179.37
CUST-1458,Aditya Singh,aditya.singh.1458@example.com,52,Male,Delhi NCR,Basic,2024-12-23,19,1619.82,1684.23,30460.18,4.8,10.7,18.6,0,4,28.3,28.5,3,1,16.0,0,0,4,0,79968.52
CUST-1459,Aditya Verma,aditya.verma.1459@example.com,42,Male,Delhi NCR,Enterprise,2026-03-09,4,28930.21,30080.61,114531.17,3.7,8.2,37.6,6,9,-36.4,26.1,1,0,18.8,1,1,5,0,1200000.0
CUST-1460,Aditi Malhotra,aditi.malhotra.1460@example.com,47,Male,Delhi NCR,Basic,2026-03-29,4,1398.76,1454.38,5537.52,5.0,11.1,30.4,14,9,-44.5,10.6,1,1,40.3,0,0,4,0,64001.65
CUST-1461,Varun Malhotra,varun.malhotra.1461@example.com,34,Male,Ahmedabad,Basic,2025-05-18,14,1504.76,1564.6,20850.06,2.1,4.7,22.2,23,10,54.5,21.9,3,2,38.8,1,0,2,0,80822.16
CUST-1462,Simran Bhatia,simran.bhatia.1462@example.com,44,Male,Hyderabad,Standard,2025-12-10,7,4896.05,5090.74,33920.01,5.2,11.6,17.1,14,8,6.6,42.0,2,0,17.4,0,0,4,0,246090.54
CUST-1463,Aarav Reddy,aarav.reddy.1463@example.com,41,Male,Bengaluru,Premium,2025-09-07,10,9450.69,9826.5,93535.32,4.6,10.2,20.7,8,8,15.8,75.9,3,0,1.0,1,0,4,0,487624.1
CUST-1464,Tara Mishra,tara.mishra.1464@example.com,58,Female,Mumbai,Premium,2024-05-29,26,11056.21,11495.86,284506.21,4.5,10.0,26.6,1,7,30.3,19.1,0,0,20.6,0,0,4,0,590361.01
CUST-1465,Siddharth Joshi,siddharth.joshi.1465@example.com,49,Male,Chandigarh,Enterprise,2025-09-17,10,31173.51,32413.12,308530.3,5.0,11.1,38.5,0,1,-16.8,14.9,2,2,31.0,0,0,3,0,1200000.0
CUST-1466,Swati Pandey,swati.pandey.1466@example.com,38,Female,Mumbai,Basic,2025-04-11,15,1625.41,1690.04,24130.5,3.7,8.2,6.9,0,8,21.1,27.6,0,0,3.1,1,0,4,0,79264.37
CUST-1467,Aarav Rao,aarav.rao.1467@example.com,49,Female,Delhi NCR,Standard,2025-04-17,15,4002.26,4161.41,59416.72,12.2,27.2,29.3,7,4,16.9,50.1,2,0,15.2,0,0,5,0,165002.58
CUST-1468,Vikram Chauhan,vikram.chauhan.1468@example.com,23,Female,Chennai,Basic,2024-08-29,23,1763.98,1834.12,40154.44,5.2,11.6,34.4,0,1,-38.3,71.4,5,1,23.3,1,0,4,0,81654.61
CUST-1469,Tara Nair,tara.nair.1469@example.com,46,Male,Ahmedabad,Premium,2025-04-19,15,8600.87,8942.88,127686.73,4.4,9.8,5.6,10,1,40.4,39.9,1,0,16.1,0,0,5,0,411007.43
CUST-1470,Harsh Singh,harsh.singh.1470@example.com,27,Male,Bengaluru,Standard,2026-06-09,1,3951.88,4109.03,3911.25,5.8,12.9,20.0,9,3,34.6,7.3,2,1,32.9,0,0,2,1,134094.73
CUST-1471,Divya Patel,divya.patel.1471@example.com,32,Male,Jaipur,Basic,2026-01-15,6,1760.89,1830.91,10456.72,3.1,6.9,10.3,0,3,-37.9,12.4,3,3,37.5,2,0,1,1,8606.05
CUST-1472,Nikhil Bhatia,nikhil.bhatia.1472@example.com,59,Female,Bengaluru,Premium,2022-07-18,48,9464.93,9841.3,449646.03,3.0,6.7,26.7,17,10,3.6,46.5,3,1,21.1,1,0,4,0,645714.72
CUST-1473,Priya Kapoor,priya.kapoor.1473@example.com,27,Female,Chandigarh,Standard,2026-03-13,4,3881.18,4035.51,15365.12,5.9,13.1,18.1,5,1,-8.5,65.9,6,4,43.8,0,0,2,1,35033.65
CUST-1474,Rohan Reddy,rohan.reddy.1474@example.com,32,Male,Mumbai,Standard,2025-06-17,13,4510.45,4689.81,58033.04,6.1,13.6,20.6,17,8,37.7,85.6,1,0,18.9,0,0,5,0,204727.51
CUST-1475,Swati Chopra,swati.chopra.1475@example.com,35,Male,Delhi NCR,Premium,2024-05-25,26,10407.04,10820.87,267801.31,6.7,14.9,17.5,17,4,-41.5,13.6,4,2,38.5,1,0,2,1,177648.41
CUST-1476,Manish Saxena,manish.saxena.1476@example.com,23,Female,Kolkata,Basic,2025-07-01,13,1414.72,1470.98,18202.29,1.2,2.7,29.9,1,4,75.0,45.4,3,0,31.5,0,0,4,0,61655.44
CUST-1477,Swati Mehta,swati.mehta.1477@example.com,24,Male,Jaipur,Basic,2025-12-22,7,1494.42,1553.85,10353.4,3.9,8.7,24.5,3,6,-6.9,17.3,3,1,30.4,0,0,4,0,67137.31
CUST-1478,Manish Das,manish.das.1478@example.com,56,Female,Delhi NCR,Basic,2026-05-19,2,1465.19,1523.45,2900.25,4.9,10.9,24.5,1,9,18.7,20.4,1,1,36.9,0,1,4,0,82772.92
CUST-1479,Neha Saxena,neha.saxena.1479@example.com,54,Female,Ahmedabad,Basic,2025-12-30,7,1548.39,1609.96,10727.3,5.7,12.7,23.8,11,9,36.8,18.4,2,0,26.2,0,0,4,0,69968.49
CUST-1480,Tara Mishra,tara.mishra.1480@example.com,45,Female,Jaipur,Basic,2026-04-09,3,1749.64,1819.21,5194.96,5.3,11.8,28.3,5,8,-7.5,34.0,1,0,17.8,0,0,4,0,87786.7
CUST-1481,Simran Rao,simran.rao.1481@example.com,40,Male,Chandigarh,Standard,2022-09-18,46,4598.04,4780.88,209335.41,2.4,5.3,19.1,19,1,-5.2,20.8,1,0,7.3,0,0,4,0,257417.03
CUST-1482,Harsh Pandey,harsh.pandey.1482@example.com,39,Male,Kolkata,Basic,2025-01-11,18,1696.69,1764.16,30226.45,5.3,11.8,40.7,1,10,-16.1,100.0,1,0,20.8,1,0,4,0,85374.96
CUST-1483,Kavya Chauhan,kavya.chauhan.1483@example.com,45,Female,Hyderabad,Enterprise,2024-11-13,20,22554.1,23450.96,446444.65,4.9,10.9,8.4,8,10,-26.8,31.0,0,0,34.7,2,0,4,0,1200000.0
CUST-1484,Varun Chopra,varun.chopra.1484@example.com,56,Female,Hyderabad,Basic,2025-10-11,9,1423.68,1480.29,12681.39,4.9,10.9,3.0,33,2,5.6,65.7,2,0,29.0,0,0,5,0,55609.52
CUST-1485,Ananya Rao,ananya.rao.1485@example.com,22,Male,Hyderabad,Basic,2026-05-28,2,1466.25,1524.56,2902.35,1.9,4.2,2.1,8,3,-5.8,26.2,2,2,47.3,0,0,2,1,24232.62
CUST-1486,Rohan Mishra,rohan.mishra.1486@example.com,57,Male,Chennai,Basic,2026-02-17,5,1491.78,1551.1,7382.22,2.2,4.9,2.0,0,5,-16.3,95.6,2,1,1.9,0,0,4,0,72455.6
CUST-1487,Tara Saxena,tara.saxena.1487@example.com,46,Female,Hyderabad,Premium,2026-02-26,5,8560.29,8900.69,42361.43,8.0,17.8,29.4,6,5,-14.6,50.1,5,1,1.0,0,0,4,0,386176.49
CUST-1488,Amit Das,amit.das.1488@example.com,55,Female,Pune,Standard,2025-09-27,10,4173.4,4339.35,41304.95,6.3,14.0,28.1,1,10,14.1,62.1,2,2,26.2,2,0,2,0,196237.37
CUST-1489,Vikram Gupta,vikram.gupta.1489@example.com,46,Female,Jaipur,Premium,2025-10-27,9,8335.89,8667.37,74251.74,4.1,9.1,35.3,0,8,-24.3,27.8,3,0,21.7,0,1,5,0,424780.32
CUST-1490,Meera Chauhan,meera.chauhan.1490@example.com,37,Other,Kolkata,Premium,2025-11-14,8,10461.41,10877.41,82830.89,4.1,9.1,10.4,3,2,-8.9,65.4,1,1,19.5,0,0,2,0,355788.2
CUST-1491,Harsh Kapoor,harsh.kapoor.1491@example.com,55,Male,Ahmedabad,Enterprise,2025-09-10,10,29391.38,30560.12,290892.22,8.9,19.8,30.2,2,2,23.2,50.0,4,1,21.6,0,1,3,0,1178644.14
CUST-1492,Manish Verma,manish.verma.1492@example.com,50,Male,Pune,Premium,2022-07-17,48,9907.84,10301.82,470687.15,4.3,9.6,22.6,11,8,4.9,32.9,2,0,1.0,0,0,4,0,686770.74
CUST-1493,Kavya Pandey,kavya.pandey.1493@example.com,40,Female,Pune,Basic,2026-02-12,5,1396.16,1451.68,6909.03,4.0,8.9,23.8,3,1,-31.4,16.1,3,1,16.7,0,1,4,0,41615.11
CUST-1494,Varun Patel,varun.patel.1494@example.com,44,Female,Kolkata,Premium,2025-06-01,14,10902.55,11336.09,151066.53,2.5,5.6,28.9,9,9,-2.7,36.3,1,1,13.3,0,0,2,0,566695.97
CUST-1495,Rajesh Chauhan,rajesh.chauhan.1495@example.com,40,Male,Ahmedabad,Enterprise,2026-03-17,4,30948.08,32178.73,122519.67,3.7,8.2,13.7,0,2,10.2,34.2,4,2,21.7,0,0,3,0,1200000.0
CUST-1496,Rohan Joshi,rohan.joshi.1496@example.com,46,Male,Jaipur,Enterprise,2025-11-01,9,24269.71,25234.79,216181.85,0.7,1.6,50.5,0,5,25.7,62.9,4,0,7.2,1,0,4,0,1140042.41
CUST-1497,Tara Sharma,tara.sharma.1497@example.com,37,Female,Mumbai,Basic,2026-03-25,4,1718.79,1787.14,6804.48,5.3,11.8,36.7,0,3,-23.2,36.4,3,1,10.8,0,0,3,0,60037.77
CUST-1498,Aarav Singh,aarav.singh.1498@example.com,30,Male,Delhi NCR,Standard,2025-07-21,12,4777.52,4967.5,56740.86,6.8,15.1,16.2,1,5,-17.6,0.0,2,1,1.0,0,0,5,1,207830.16
CUST-1499,Tanvi Saxena,tanvi.saxena.1499@example.com,22,Male,Mumbai,Basic,2026-02-27,5,1632.33,1697.24,8077.74,6.9,15.4,10.0,3,8,-21.5,57.5,0,0,32.9,0,1,5,0,83492.32
CUST-1500,Rajesh Patel,rajesh.patel.1500@example.com,40,Male,Chandigarh,Basic,2026-06-28,1,1518.73,1579.12,1503.12,2.7,6.0,21.0,7,8,-20.1,73.0,4,3,38.6,0,0,2,1,52494.71
CUST-1501,Harsh Nair,harsh.nair.1501@example.com,54,Female,Kolkata,Premium,2024-07-11,24,9606.39,9988.39,228183.15,0.2,0.5,24.0,31,6,9.3,2.0,2,1,15.8,0,1,4,0,466300.66
CUST-1502,Varun Reddy,varun.reddy.1502@example.com,55,Female,Mumbai,Enterprise,2026-05-16,2,26981.27,28054.18,53407.78,4.9,10.9,33.7,3,9,14.6,85.3,2,0,14.3,0,0,4,0,1200000.0
CUST-1503,Swati Saxena,swati.saxena.1503@example.com,37,Male,Mumbai,Standard,2025-12-23,7,4159.85,4325.27,28819.59,7.0,15.6,9.1,0,7,27.4,75.5,2,1,28.0,1,0,4,0,208257.97
CUST-1504,Deepak Deshmukh,deepak.deshmukh.1504@example.com,39,Female,Mumbai,Premium,2025-09-07,10,11027.78,11466.3,109144.09,0.8,1.8,25.1,1,2,-4.6,26.9,4,2,33.4,0,0,3,0,357563.36
CUST-1505,Aarav Agarwal,aarav.agarwal.1505@example.com,55,Female,Hyderabad,Basic,2025-11-28,8,1739.38,1808.55,13771.99,3.4,7.6,5.2,17,1,-41.3,15.2,2,0,7.2,0,0,3,1,26982.83
CUST-1506,Swati Kumar,swati.kumar.1506@example.com,46,Female,Bengaluru,Basic,2024-12-20,19,1475.7,1534.38,27750.05,5.0,11.1,26.8,9,8,16.7,67.3,3,1,35.9,1,1,3,0,80835.92
CUST-1507,Rohan Bhatia,rohan.bhatia.1507@example.com,27,Female,Mumbai,Standard,2025-06-20,13,4418.68,4594.39,56852.3,2.4,5.3,20.8,11,1,2.5,9.1,2,1,16.9,2,1,3,1,124288.45
CUST-1508,Swati Iyer,swati.iyer.1508@example.com,42,Male,Delhi NCR,Standard,2026-02-14,5,4563.02,4744.47,22580.55,0.6,1.3,43.3,0,8,-0.3,26.0,2,0,13.2,0,1,4,0,211171.74
CUST-1509,Rhea Bhatia,rhea.bhatia.1509@example.com,27,Male,Kolkata,Premium,2026-06-25,1,8540.54,8880.15,8452.74,2.6,5.8,5.0,1,9,-37.9,10.4,5,2,52.7,0,0,3,0,323426.3
CUST-1510,Sanjay Kumar,sanjay.kumar.1510@example.com,53,Male,Chandigarh,Basic,2024-10-29,21,1537.15,1598.27,31948.29,3.0,6.7,37.1,0,1,-7.5,42.1,1,0,40.7,0,1,5,0,62913.32
CUST-1511,Pooja Pandey,pooja.pandey.1511@example.com,52,Male,Bengaluru,Standard,2025-12-10,7,4866.55,5060.07,33715.64,0.2,0.5,3.3,14,7,-35.4,77.2,3,3,53.8,0,0,3,0,162106.63
CUST-1512,Rajesh Joshi,rajesh.joshi.1512@example.com,31,Male,Chennai,Standard,2023-12-31,31,4392.94,4567.62,134781.13,6.5,14.5,7.4,1,5,11.5,51.0,1,0,8.0,0,0,4,0,224050.1
CUST-1513,Isha Singh,isha.singh.1513@example.com,51,Female,Delhi NCR,Basic,2025-11-21,8,1462.95,1521.12,11583.28,7.5,16.7,3.6,7,8,-14.0,66.4,2,1,18.9,1,0,2,0,62674.9
CUST-1514,Shreya Chauhan,shreya.chauhan.1514@example.com,39,Female,Delhi NCR,Enterprise,2025-01-20,18,23573.42,24510.81,419959.32,4.3,9.6,24.8,5,4,-16.5,33.6,1,0,6.6,2,0,2,0,1200000.0
CUST-1515,Rohan Pandey,rohan.pandey.1515@example.com,45,Female,Hyderabad,Standard,2023-03-26,40,4324.44,4496.4,171199.3,5.7,12.7,9.1,5,2,-45.0,44.3,2,1,21.1,0,1,4,1,253640.97
CUST-1516,Sneha Gupta,sneha.gupta.1516@example.com,30,Male,Hyderabad,Standard,2025-04-18,15,4365.67,4539.27,64811.83,1.1,2.4,7.2,1,7,26.8,12.6,3,0,22.4,0,1,5,0,232532.68
CUST-1517,Kavya Mehta,kavya.mehta.1517@example.com,52,Male,Kolkata,Premium,2025-11-19,8,9152.39,9516.33,72466.39,3.9,8.7,24.2,7,7,-9.2,39.7,5,1,1.4,0,0,4,0,444666.09
CUST-1518,Meera Iyer,meera.iyer.1518@example.com,36,Male,Delhi NCR,Basic,2025-07-29,12,1679.85,1746.65,19950.96,3.0,6.7,27.0,0,8,0.4,24.1,1,0,3.6,1,0,4,0,77856.3
CUST-1519,Rhea Chopra,rhea.chopra.1519@example.com,25,Male,Ahmedabad,Premium,2025-08-28,11,8315.43,8646.09,90529.37,5.1,11.4,22.4,37,9,-22.6,38.2,2,1,25.3,0,0,3,0,320663.58
CUST-1520,Swati Chauhan,swati.chauhan.1520@example.com,30,Male,Ahmedabad,Basic,2025-06-14,13,1425.25,1481.92,18337.77,0.2,0.5,20.2,0,6,-48.2,36.5,1,0,14.8,3,0,3,1,48046.4
CUST-1521,Siddharth Deshmukh,siddharth.deshmukh.1521@example.com,30,Female,Kolkata,Basic,2026-04-22,3,1635.7,1700.74,4856.65,3.6,8.0,42.1,0,3,-16.9,34.5,4,2,26.6,0,0,3,1,46015.99
CUST-1522,Isha Gupta,isha.gupta.1522@example.com,47,Other,Mumbai,Enterprise,2025-02-23,17,23039.97,23956.15,387652.83,5.5,12.2,23.6,2,5,-12.4,92.6,2,1,7.2,0,0,4,0,1200000.0
CUST-1523,Deepak Rao,deepak.rao.1523@example.com,25,Male,Pune,Premium,2026-04-30,3,10873.65,11306.04,32285.59,4.7,10.5,30.9,13,3,6.2,84.4,1,0,8.8,0,1,5,0,524376.64
CUST-1524,Aditi Rao,aditi.rao.1524@example.com,38,Male,Chennai,Standard,2026-06-15,1,3798.06,3949.09,3759.01,5.8,12.9,23.6,2,10,-11.9,76.0,1,0,10.2,0,0,4,0,200134.4
CUST-1525,Rajesh Malhotra,rajesh.malhotra.1525@example.com,37,Female,Chandigarh,Standard,2025-05-21,14,4542.35,4722.98,62939.13,2.9,6.5,9.9,4,9,-22.1,85.1,2,1,8.0,0,0,3,0,257592.1
CUST-1526,Aditya Das,aditya.das.1526@example.com,36,Male,Hyderabad,Enterprise,2026-05-09,2,25921.99,26952.77,51311.0,0.2,0.5,28.0,0,5,-44.1,76.1,4,0,6.0,0,1,5,0,1200000.0
CUST-1527,Pooja Chauhan,pooja.chauhan.1527@example.com,56,Female,Chandigarh,Basic,2024-10-21,21,1558.85,1620.84,32399.31,6.5,14.5,14.8,0,7,-0.6,41.5,0,0,13.7,0,0,3,0,78042.21
CUST-1528,Aditi Agarwal,aditi.agarwal.1528@example.com,26,Female,Pune,Basic,2024-02-24,29,1750.4,1820.0,50239.74,5.8,12.9,21.0,7,10,-24.3,39.0,3,1,29.7,2,0,3,0,98760.38
CUST-1529,Shreya Singh,shreya.singh.1529@example.com,26,Female,Jaipur,Standard,2023-02-23,41,4298.17,4469.09,174413.29,7.5,16.7,25.4,1,7,35.0,47.6,2,0,27.0,0,0,4,0,259739.17
CUST-1530,Manish Saxena,manish.saxena.1530@example.com,41,Male,Kolkata,Basic,2025-03-21,16,1729.82,1798.61,27392.59,4.4,9.8,2.0,8,7,2.2,36.9,3,2,19.4,0,1,3,0,94096.09
CUST-1531,Sneha Nair,sneha.nair.1531@example.com,36,Female,Mumbai,Basic,2025-09-12,10,1614.15,1678.34,15975.56,5.1,11.4,4.3,11,10,13.7,17.0,2,1,19.8,1,1,4,0,93236.55
CUST-1532,Aarav Joshi,aarav.joshi.1532@example.com,39,Male,Bengaluru,Premium,2025-12-13,7,9966.54,10362.86,69048.55,9.1,20.3,32.0,14,4,-9.0,49.1,4,2,29.0,1,1,3,0,358840.03
CUST-1533,Amit Verma,amit.verma.1533@example.com,23,Female,Mumbai,Basic,2025-09-19,10,1748.21,1817.73,17302.38,0.3,0.7,14.7,1,4,3.6,4.4,1,0,13.6,0,1,4,0,79577.25
CUST-1534,Karan Reddy,karan.reddy.1534@example.com,50,Male,Delhi NCR,Premium,2026-04-11,3,10011.91,10410.03,29726.95,5.1,11.4,15.2,4,3,-26.9,45.3,0,0,12.8,0,1,5,0,430615.62
CUST-1535,Isha Malhotra,isha.malhotra.1535@example.com,34,Male,Mumbai,Standard,2026-01-23,6,4460.75,4638.13,26489.35,6.8,15.1,23.8,22,4,-35.0,18.1,3,1,9.9,0,1,4,0,102894.04
CUST-1536,Divya Patel,divya.patel.1536@example.com,25,Male,Delhi NCR,Standard,2025-01-08,18,4703.73,4890.77,83796.72,4.6,10.2,17.8,11,9,-1.6,40.1,2,1,29.7,0,1,4,0,264568.82
CUST-1537,Rahul Bose,rahul.bose.1537@example.com,31,Female,Chandigarh,Standard,2026-03-24,4,4927.49,5123.43,19507.33,4.3,9.6,26.6,0,5,14.0,46.6,0,0,12.2,1,0,4,0,191314.62
CUST-1538,Harsh Patel,harsh.patel.1538@example.com,52,Female,Jaipur,Standard,2026-02-12,5,4126.37,4290.45,20419.74,1.1,2.4,21.4,5,6,-56.5,33.5,1,0,16.4,1,0,4,0,156460.96
CUST-1539,Pooja Agarwal,pooja.agarwal.1539@example.com,29,Female,Hyderabad,Basic,2024-11-26,20,1651.88,1717.57,32697.96,7.3,16.3,24.2,19,4,-16.0,2.6,1,0,17.0,1,1,3,0,67759.43
CUST-1540,Deepak Kumar,deepak.kumar.1540@example.com,24,Female,Jaipur,Basic,2026-04-26,3,1394.36,1449.81,4140.08,6.4,14.2,14.3,4,1,49.6,13.5,3,0,8.7,0,1,4,0,48836.56
CUST-1541,Shreya Chauhan,shreya.chauhan.1541@example.com,30,Male,Delhi NCR,Premium,2026-03-19,4,9229.21,9596.21,36537.32,6.9,15.4,24.1,13,7,11.4,53.0,2,1,33.2,0,1,3,1,477955.03
CUST-1542,Rohan Nair,rohan.nair.1542@example.com,51,Female,Bengaluru,Basic,2026-06-11,1,1565.28,1627.52,1549.19,4.2,9.4,34.2,5,7,41.1,28.6,2,0,10.6,0,1,4,0,76892.15
CUST-1543,Rhea Sharma,rhea.sharma.1543@example.com,32,Male,Pune,Basic,2025-01-13,18,1787.31,1858.38,31840.84,3.5,7.8,15.8,0,6,-19.8,55.5,1,0,18.0,0,0,4,0,91825.81
CUST-1544,Sanjay Sharma,sanjay.sharma.1544@example.com,56,Female,Chandigarh,Enterprise,2025-05-20,14,26991.1,28064.4,373990.65,4.2,9.4,32.1,1,4,-14.8,42.2,1,0,17.1,0,0,5,0,1200000.0
CUST-1545,Meera Deshmukh,meera.deshmukh.1545@example.com,58,Female,Chandigarh,Enterprise,2025-02-16,17,28895.67,30044.7,486176.33,7.8,17.4,21.4,0,10,25.1,37.3,2,1,27.1,0,0,3,0,1200000.0
CUST-1546,Arjun Chauhan,arjun.chauhan.1546@example.com,34,Male,Mumbai,Standard,2026-03-20,4,3625.7,3769.88,14353.7,3.7,8.2,30.1,1,8,15.5,50.3,1,0,28.9,0,0,5,0,161184.11
CUST-1547,Tara Iyer,tara.iyer.1547@example.com,57,Female,Hyderabad,Basic,2025-02-07,17,1592.8,1656.14,26799.23,7.3,16.3,23.4,16,8,-4.6,25.8,0,0,7.3,0,0,4,0,78891.54
CUST-1548,Shreya Malhotra,shreya.malhotra.1548@example.com,34,Male,Mumbai,Premium,2025-06-13,13,10937.94,11372.89,140731.4,3.9,8.7,21.6,7,1,-37.4,51.6,4,2,31.9,0,1,2,1,237371.59
CUST-1549,Rahul Kumar,rahul.kumar.1549@example.com,33,Male,Mumbai,Premium,2025-12-31,7,8805.61,9155.76,61005.59,2.4,5.3,25.8,10,9,30.4,31.9,4,0,15.5,2,1,3,0,464849.42
CUST-1550,Sanjay Iyer,sanjay.iyer.1550@example.com,58,Female,Delhi NCR,Basic,2025-10-24,9,1365.64,1419.94,12164.4,0.2,0.5,35.3,7,8,68.3,100.0,4,0,12.5,0,0,3,0,64644.88
CUST-1551,Priya Mehta,priya.mehta.1551@example.com,31,Male,Pune,Basic,2025-07-31,12,1576.49,1639.18,18723.39,5.4,12.0,24.6,3,2,-46.0,14.8,2,1,29.9,1,0,3,1,25542.41
CUST-1552,Arjun Nair,arjun.nair.1552@example.com,30,Female,Hyderabad,Premium,2025-09-26,10,10317.81,10728.1,102117.38,5.8,12.9,27.3,1,9,37.3,33.4,2,2,18.0,3,1,1,1,549251.17
CUST-1553,Tanvi Das,tanvi.das.1553@example.com,28,Male,Mumbai,Enterprise,2025-04-28,15,26475.5,27528.29,393049.78,1.8,4.0,17.9,19,4,-15.1,34.4,1,1,40.8,0,0,3,0,1095319.17
CUST-1554,Aarav Mishra,aarav.mishra.1554@example.com,23,Male,Chandigarh,Premium,2026-04-19,3,9547.87,9927.54,28349.14,7.3,16.3,39.3,5,10,-11.3,9.6,3,0,33.3,2,0,4,0,427636.13
CUST-1555,Sneha Bhatia,sneha.bhatia.1555@example.com,44,Female,Mumbai,Basic,2025-08-18,11,1700.51,1768.13,18513.31,1.3,2.9,29.0,4,6,5.5,59.4,3,1,16.4,0,0,3,0,79484.68
CUST-1556,Swati Gupta,swati.gupta.1556@example.com,42,Female,Chennai,Standard,2025-10-15,9,3955.16,4112.44,35230.49,5.7,12.7,22.9,41,2,-35.8,31.7,4,1,22.8,3,0,2,1,22635.34
CUST-1557,Kavya Joshi,kavya.joshi.1557@example.com,44,Female,Kolkata,Standard,2025-10-16,9,4651.48,4836.45,41432.94,5.8,12.9,20.7,3,10,-3.0,0.0,2,0,1.0,1,0,3,0,244575.53
CUST-1558,Divya Kumar,divya.kumar.1558@example.com,50,Female,Chandigarh,Basic,2025-10-24,9,1429.43,1486.27,12732.61,6.5,14.5,32.8,14,4,-47.1,58.7,1,0,8.2,1,1,4,1,59380.03
CUST-1559,Kavya Das,kavya.das.1559@example.com,35,Female,Chennai,Basic,2024-01-14,30,1556.73,1618.63,46221.78,0.2,0.5,15.3,14,2,11.3,26.7,6,2,59.7,0,1,3,0,65507.81
CUST-1560,Neha Deshmukh,neha.deshmukh.1560@example.com,47,Male,Kolkata,Basic,2024-07-11,24,1693.27,1760.6,40220.7,6.4,14.2,2.4,1,9,60.5,39.5,3,1,31.2,1,0,2,0,89865.59
CUST-1561,Nikhil Malhotra,nikhil.malhotra.1561@example.com,26,Male,Bengaluru,Standard,2025-05-09,14,4758.53,4947.75,65934.54,3.9,8.7,22.8,0,9,-19.9,58.2,4,3,48.2,2,0,2,0,163354.58
CUST-1562,Deepak Sharma,deepak.sharma.1562@example.com,52,Male,Chennai,Standard,2025-01-23,18,4706.97,4894.14,83854.44,3.5,7.8,35.1,27,5,-6.7,33.2,0,0,10.1,1,0,4,0,206831.3
CUST-1563,Siddharth Bose,siddharth.bose.1563@example.com,46,Female,Delhi NCR,Premium,2026-06-17,1,10372.16,10784.61,10265.53,5.9,13.1,39.5,4,3,-5.3,33.1,5,1,22.8,0,0,3,0,379874.12
CUST-1564,Tara Deshmukh,tara.deshmukh.1564@example.com,52,Female,Bengaluru,Premium,2024-11-26,20,9230.13,9597.16,182704.79,6.2,13.8,20.8,0,3,25.6,100.0,2,1,23.3,0,0,4,0,456755.47
CUST-1565,Aditi Chopra,aditi.chopra.1565@example.com,41,Male,Ahmedabad,Enterprise,2025-09-24,10,23569.22,24506.45,233269.16,0.2,0.5,22.5,5,1,9.4,0.0,1,0,1.0,0,0,5,0,1071195.13
CUST-1566,Aditi Chopra,aditi.chopra.1566@example.com,38,Female,Hyderabad,Premium,2026-01-07,6,8782.05,9131.27,52150.6,1.5,3.3,27.7,7,8,23.8,11.1,4,1,25.4,0,0,4,0,420911.19
CUST-1567,Swati Bose,swati.bose.1567@example.com,23,Female,Chandigarh,Basic,2026-04-30,3,1802.84,1874.53,5352.92,6.7,14.9,19.1,11,3,-16.2,15.8,1,0,25.0,0,0,3,0,52045.72
CUST-1568,Deepak Verma,deepak.verma.1568@example.com,46,Male,Ahmedabad,Basic,2026-05-12,2,1798.9,1870.43,3560.81,5.2,11.6,27.7,21,4,10.1,84.9,2,2,53.2,2,1,2,0,38727.84
CUST-1569,Rajesh Mehta,rajesh.mehta.1569@example.com,34,Male,Chandigarh,Standard,2026-06-28,1,4930.95,5127.03,4880.26,4.6,10.2,21.1,18,2,-85.0,26.5,2,1,26.9,0,0,3,1,12602.96
CUST-1570,Isha Nair,isha.nair.1570@example.com,49,Female,Hyderabad,Basic,2026-04-26,3,1388.97,1444.2,4124.07,2.1,4.7,33.1,21,8,16.7,47.8,0,0,14.4,0,0,4,0,69453.99
CUST-1571,Nikhil Deshmukh,nikhil.deshmukh.1571@example.com,27,Female,Hyderabad,Enterprise,2026-06-10,1,27195.99,28277.43,26916.4,5.1,11.4,30.0,0,3,-36.1,30.6,3,1,22.4,0,0,3,0,1102946.78
CUST-1572,Sanjay Iyer,sanjay.iyer.1572@example.com,24,Female,Chandigarh,Basic,2024-12-08,19,1689.43,1756.61,31769.17,6.8,15.1,30.9,9,2,-11.2,56.5,1,0,20.4,0,1,5,0,68653.34
CUST-1573,Shreya Patel,shreya.patel.1573@example.com,56,Male,Hyderabad,Basic,2026-03-02,5,1721.95,1790.42,8521.24,9.1,20.3,19.7,1,1,18.9,41.7,0,0,25.2,0,0,5,0,64185.53
CUST-1574,Rajesh Sharma,rajesh.sharma.1574@example.com,39,Other,Chennai,Standard,2025-12-11,7,4500.28,4679.23,31178.1,3.5,7.8,43.2,1,10,-45.0,48.1,1,0,28.8,0,0,4,0,215093.67
CUST-1575,Simran Mehta,simran.mehta.1575@example.com,32,Male,Jaipur,Standard,2024-06-12,25,4676.85,4862.82,115719.24,6.0,13.4,27.3,12,2,28.5,72.9,0,0,1.0,0,1,5,0,225148.97
CUST-1576,Harsh Saxena,harsh.saxena.1576@example.com,41,Male,Pune,Standard,2026-05-30,2,4102.23,4265.35,8120.11,8.1,18.0,24.7,4,2,-5.5,52.6,0,0,28.8,0,0,4,0,145816.47
CUST-1577,Isha Verma,isha.verma.1577@example.com,26,Other,Chandigarh,Standard,2024-05-18,26,3850.24,4003.34,99077.1,1.2,2.7,13.6,18,4,38.7,24.4,0,0,1.6,0,0,5,0,201936.0
CUST-1578,Shreya Iyer,shreya.iyer.1578@example.com,40,Male,Ahmedabad,Basic,2025-04-19,15,1456.43,1514.34,21621.86,8.0,17.8,20.9,0,1,-27.3,49.5,1,1,12.2,0,1,2,0,41512.05
CUST-1579,Shreya Patel,shreya.patel.1579@example.com,43,Female,Ahmedabad,Basic,2026-01-31,6,1355.38,1409.28,8048.68,4.6,10.2,23.3,12,1,-52.8,100.0,1,0,13.5,0,0,4,0,43438.67
CUST-1580,Isha Gupta,isha.gupta.1580@example.com,40,Male,Hyderabad,Enterprise,2026-05-30,2,25564.29,26580.85,50602.95,4.4,9.8,13.3,1,6,-2.8,55.6,4,2,38.0,0,0,3,0,1200000.0
CUST-1581,Manish Saxena,manish.saxena.1581@example.com,37,Female,Chandigarh,Basic,2026-05-24,2,1397.23,1452.79,2765.73,3.1,6.9,18.8,1,5,14.4,45.6,2,1,8.2,0,0,5,0,62179.34
CUST-1582,Tanvi Nair,tanvi.nair.1582@example.com,45,Female,Jaipur,Basic,2026-01-21,6,1517.77,1578.12,9013.0,3.4,7.6,20.2,4,1,16.8,9.1,2,1,16.9,0,1,3,0,57279.67
CUST-1583,Pooja Agarwal,pooja.agarwal.1583@example.com,25,Male,Jaipur,Standard,2026-04-26,3,4478.37,4656.45,13296.99,2.6,5.8,22.6,3,6,-33.8,59.4,3,0,19.4,0,1,5,0,199554.15
CUST-1584,Ananya Nair,ananya.nair.1584@example.com,36,Female,Pune,Basic,2026-02-27,5,1818.39,1890.7,8998.48,2.2,4.9,2.6,4,8,-47.5,62.9,4,2,37.8,0,1,3,0,68381.15
CUST-1585,Siddharth Bhatia,siddharth.bhatia.1585@example.com,46,Male,Chennai,Standard,2026-07-02,1,4774.25,4964.1,4725.17,5.1,11.4,20.5,21,5,-10.7,49.5,5,2,37.5,0,0,3,1,110626.49
CUST-1586,Isha Joshi,isha.joshi.1586@example.com,56,Female,Pune,Standard,2025-07-02,13,3952.76,4109.94,50857.61,6.5,14.5,17.8,8,3,12.5,44.7,0,0,27.3,0,1,5,0,185860.64
CUST-1587,Karan Kumar,karan.kumar.1587@example.com,35,Male,Delhi NCR,Premium,2026-04-16,3,8521.41,8860.26,25301.42,2.0,4.5,21.8,2,3,11.0,100.0,1,0,29.7,0,0,5,0,351621.05
CUST-1588,Tara Verma,tara.verma.1588@example.com,40,Male,Ahmedabad,Premium,2024-11-22,20,8707.21,9053.45,172353.91,2.7,6.0,33.4,1,2,42.0,62.5,2,1,25.3,0,0,2,0,392220.65
CUST-1589,Vikram Rao,vikram.rao.1589@example.com,59,Male,Jaipur,Basic,2026-03-29,4,1858.53,1932.43,7357.69,4.7,10.5,44.6,4,9,-12.5,71.8,0,0,15.2,0,0,4,0,98691.17
CUST-1590,Aarav Joshi,aarav.joshi.1590@example.com,57,Male,Hyderabad,Standard,2024-08-26,23,4368.17,4541.87,99435.05,1.9,4.2,29.5,4,9,-53.7,43.6,1,1,14.5,0,0,3,0,237781.87
CUST-1591,Sneha Joshi,sneha.joshi.1591@example.com,28,Female,Jaipur,Basic,2026-04-08,3,1444.85,1502.3,4289.99,4.7,10.5,8.4,6,7,31.5,38.8,3,2,25.1,0,0,3,0,56113.41
CUST-1592,Varun Gupta,varun.gupta.1592@example.com,51,Male,Jaipur,Basic,2025-01-24,18,1790.2,1861.39,31892.33,3.6,8.0,18.2,2,1,3.5,57.2,0,0,1.0,1,1,4,0,81330.48
CUST-1593,Tara Chopra,tara.chopra.1593@example.com,40,Male,Kolkata,Standard,2026-01-30,6,4152.23,4317.34,24657.26,0.8,1.8,28.6,10,1,5.9,38.8,1,0,32.7,0,0,3,0,147037.87
CUST-1594,Neha Pandey,neha.pandey.1594@example.com,46,Male,Ahmedabad,Basic,2025-06-24,13,1820.88,1893.29,23428.09,5.2,11.6,27.3,0,4,19.5,40.8,3,0,15.2,0,0,4,0,91742.98
CUST-1595,Neha Verma,neha.verma.1595@example.com,37,Male,Delhi NCR,Standard,2026-06-29,1,3963.96,4121.59,3923.21,3.0,6.7,32.9,6,2,33.4,53.1,2,0,24.9,2,1,4,0,156704.14
CUST-1596,Vikram Mishra,vikram.mishra.1596@example.com,29,Female,Pune,Premium,2025-09-20,10,9337.61,9708.92,92416.15,6.4,14.2,20.9,7,3,-2.6,29.7,1,1,56.1,0,0,4,0,372665.84
CUST-1597,Rahul Patel,rahul.patel.1597@example.com,39,Female,Delhi NCR,Premium,2026-04-22,3,9689.51,10074.81,28769.69,3.8,8.5,18.0,1,2,30.9,47.3,1,1,50.7,0,1,3,0,390327.46
CUST-1598,Priya Joshi,priya.joshi.1598@example.com,49,Male,Kolkata,Premium,2025-09-27,10,10910.53,11344.39,107983.64,2.7,6.0,41.3,13,1,13.5,43.9,1,0,29.3,0,1,4,0,437344.3
CUST-1599,Ananya Malhotra,ananya.malhotra.1599@example.com,37,Female,Chennai,Basic,2026-04-21,3,1804.89,1876.66,5359.0,4.1,9.1,22.6,7,3,-20.4,65.2,0,0,11.5,1,0,4,0,67395.86
CUST-1600,Arjun Chopra,arjun.chopra.1600@example.com,40,Female,Delhi NCR,Standard,2025-10-12,9,4403.0,4578.08,39219.61,6.8,15.1,10.8,7,7,-8.5,27.3,0,0,25.6,3,0,3,0,208251.59
CUST-1601,Swati Pandey,swati.pandey.1601@example.com,38,Male,Jaipur,Basic,2026-05-30,2,1465.45,1523.72,2900.77,8.1,18.0,38.2,5,10,15.3,0.0,0,0,15.9,0,1,5,0,72270.01
CUST-1602,Tanvi Sharma,tanvi.sharma.1602@example.com,34,Female,Bengaluru,Standard,2026-03-21,4,4163.66,4329.23,16483.42,5.4,12.0,5.5,18,9,-21.8,34.5,2,0,4.7,0,1,5,0,202461.27
CUST-1603,Simran Chopra,simran.chopra.1603@example.com,28,Male,Chandigarh,Basic,2025-06-11,13,1860.97,1934.97,23943.9,3.0,6.7,2.0,8,10,22.8,51.5,0,0,5.1,2,1,4,0,84366.52
CUST-1604,Siddharth Patel,siddharth.patel.1604@example.com,48,Female,Delhi NCR,Basic,2022-08-03,48,1667.97,1734.3,79239.48,4.3,9.6,30.5,3,9,2.4,65.1,2,0,26.2,1,1,4,0,124620.99
CUST-1605,Rohan Saxena,rohan.saxena.1605@example.com,31,Female,Chandigarh,Standard,2025-10-15,9,4692.36,4878.95,41797.08,4.0,8.9,32.0,2,8,8.7,25.4,2,1,32.8,1,0,3,0,231571.27
CUST-1606,Deepak Verma,deepak.verma.1606@example.com,55,Male,Kolkata,Premium,2025-02-28,17,9516.02,9894.42,160109.24,3.9,8.7,26.6,0,6,38.3,55.0,1,1,38.6,0,0,4,0,466206.19
CUST-1607,Sneha Gupta,sneha.gupta.1607@example.com,57,Female,Delhi NCR,Premium,2025-08-29,11,9774.74,10163.43,106416.76,3.7,8.2,7.7,1,1,8.0,69.2,2,0,13.2,0,0,5,0,435157.93
CUST-1608,Tanvi Bhatia,tanvi.bhatia.1608@example.com,46,Female,Delhi NCR,Standard,2025-09-24,10,4199.49,4366.48,41563.17,2.2,4.9,21.4,36,8,-0.0,60.0,4,4,42.7,1,0,1,1,57241.51
CUST-1609,Divya Rao,divya.rao.1609@example.com,27,Male,Mumbai,Standard,2026-06-08,1,4582.94,4765.18,4535.83,6.2,13.8,18.9,3,8,-4.3,23.0,0,0,2.9,0,0,3,0,185193.45
CUST-1610,Arjun Agarwal,arjun.agarwal.1610@example.com,45,Female,Jaipur,Standard,2026-04-13,3,4790.86,4981.37,14224.82,6.0,13.4,16.1,17,9,-5.8,25.6,2,0,1.0,1,1,5,0,225256.83
CUST-1611,Rhea Kumar,rhea.kumar.1611@example.com,39,Male,Hyderabad,Standard,2023-12-28,31,4309.23,4480.59,132212.8,4.2,9.4,37.5,1,10,6.7,52.4,2,0,5.8,0,0,3,0,274567.76
CUST-1612,Tara Deshmukh,tara.deshmukh.1612@example.com,44,Other,Chandigarh,Basic,2025-11-28,8,1601.39,1665.07,12679.42,6.8,15.1,10.5,4,6,36.2,81.0,1,1,16.2,0,0,4,0,69574.28
CUST-1613,Pooja Malhotra,pooja.malhotra.1613@example.com,27,Female,Chennai,Premium,2025-05-30,14,9170.88,9535.56,127072.38,5.4,12.0,25.5,24,3,-19.1,42.3,6,3,26.4,1,1,2,1,109649.89
CUST-1614,Simran Mishra,simran.mishra.1614@example.com,50,Male,Mumbai,Standard,2025-08-22,11,3846.97,3999.94,41881.63,1.9,4.2,35.1,0,6,-21.2,38.0,3,2,25.8,0,0,3,0,149057.84
CUST-1615,Nikhil Kapoor,nikhil.kapoor.1615@example.com,46,Male,Jaipur,Basic,2025-12-24,7,1841.88,1915.12,12760.61,3.5,7.8,26.2,6,8,34.0,9.1,2,2,54.8,0,0,3,0,88735.63
CUST-1616,Manish Iyer,manish.iyer.1616@example.com,38,Female,Kolkata,Basic,2025-12-19,7,1514.93,1575.17,10495.49,7.3,16.3,35.7,18,7,-17.9,33.3,5,2,23.7,0,0,2,1,28951.91
CUST-1617,Meera Joshi,meera.joshi.1617@example.com,45,Male,Chandigarh,Basic,2025-07-30,12,1769.18,1839.53,21011.9,3.4,7.6,28.2,22,8,4.1,24.8,1,0,1.0,0,0,4,0,106565.1
CUST-1618,Rajesh Kumar,rajesh.kumar.1618@example.com,32,Male,Pune,Standard,2026-04-20,3,4600.34,4783.27,13659.14,2.7,6.0,26.7,14,3,-18.6,42.7,0,0,17.8,0,1,4,0,201146.26
CUST-1619,Nikhil Rao,nikhil.rao.1619@example.com,47,Male,Kolkata,Premium,2025-12-27,7,10590.21,11011.33,73369.36,5.7,12.7,26.0,14,8,-49.0,5.7,1,1,31.7,0,0,3,1,329479.89
CUST-1620,Tara Patel,tara.patel.1620@example.com,55,Male,Hyderabad,Basic,2025-10-20,9,1840.58,1913.77,16394.92,3.6,8.0,28.7,7,5,3.6,34.1,3,1,13.4,1,0,3,0,62697.36
CUST-1621,Shreya Sharma,shreya.sharma.1621@example.com,49,Male,Chandigarh,Standard,2022-07-10,48,4471.6,4649.41,212430.22,5.4,12.0,17.8,1,7,29.2,17.8,0,0,25.1,0,0,4,0,265476.11
CUST-1622,Deepak Saxena,deepak.saxena.1622@example.com,24,Male,Kolkata,Enterprise,2025-12-30,7,30355.85,31562.95,210306.43,4.1,9.1,7.7,9,4,-3.7,64.6,0,0,37.7,0,0,5,0,1200000.0
CUST-1623,Shreya Malhotra,shreya.malhotra.1623@example.com,32,Male,Mumbai,Basic,2025-04-10,15,1437.08,1494.23,21334.59,2.5,5.6,32.5,28,3,-43.5,21.4,1,1,21.2,0,0,5,1,36540.93
CUST-1624,Vikram Verma,vikram.verma.1624@example.com,59,Female,Kolkata,Basic,2026-04-26,3,1677.9,1744.62,4981.95,2.7,6.0,34.8,5,6,1.1,28.3,1,0,24.9,0,0,4,0,66408.09
CUST-1625,Shreya Verma,shreya.verma.1625@example.com,35,Male,Hyderabad,Basic,2026-07-02,1,1754.27,1824.03,1736.24,0.7,1.6,24.8,2,9,-23.2,48.8,1,1,35.1,2,0,3,0,72076.89
CUST-1626,Varun Patel,varun.patel.1626@example.com,47,Male,Hyderabad,Premium,2024-02-22,29,8954.67,9310.75,257015.73,1.9,4.2,16.0,6,4,-75.3,31.1,0,0,20.9,0,0,4,0,430137.5
CUST-1627,Simran Chauhan,simran.chauhan.1627@example.com,42,Male,Bengaluru,Standard,2024-12-31,19,4635.9,4820.25,87176.57,5.5,12.2,4.9,8,9,-4.3,98.6,1,1,34.9,0,0,3,0,237025.34
CUST-1628,Deepak Pandey,deepak.pandey.1628@example.com,51,Female,Delhi NCR,Standard,2026-01-27,6,4688.7,4875.15,27842.99,6.7,14.9,22.9,1,3,12.5,64.3,1,1,30.4,1,0,3,0,209784.46
CUST-1629,Rajesh Rao,rajesh.rao.1629@example.com,29,Male,Pune,Enterprise,2025-09-08,10,29771.7,30955.57,294656.32,2.9,6.5,7.2,9,6,31.0,42.4,2,1,12.6,0,1,5,0,1200000.0
CUST-1630,Amit Reddy,amit.reddy.1630@example.com,41,Male,Pune,Premium,2026-04-11,3,9084.57,9445.82,26973.53,1.3,2.9,5.6,6,5,47.2,50.8,2,1,1.0,0,0,4,0,415952.82
CUST-1631,Neha Nair,neha.nair.1631@example.com,53,Male,Mumbai,Basic,2025-01-18,18,1706.7,1774.57,30404.78,6.6,14.7,21.8,7,9,16.2,0.0,2,1,26.2,0,1,5,0,112224.58
CUST-1632,Varun Gupta,varun.gupta.1632@example.com,43,Female,Hyderabad,Premium,2026-05-21,2,9057.39,9417.56,17928.55,6.7,14.9,13.6,2,6,24.1,71.6,1,1,21.2,0,1,4,0,373283.78
CUST-1633,Aarav Saxena,aarav.saxena.1633@example.com,28,Female,Bengaluru,Basic,2024-11-16,20,1736.84,1805.91,34379.69,5.7,12.7,25.8,1,2,-38.0,54.3,1,0,1.0,0,0,5,0,84013.39
CUST-1634,Shreya Sharma,shreya.sharma.1634@example.com,30,Female,Jaipur,Standard,2025-07-11,12,4247.1,4415.99,50441.25,1.2,2.7,20.2,7,4,43.4,40.2,0,0,13.4,1,0,4,0,220723.09
CUST-1635,Shreya Chauhan,shreya.chauhan.1635@example.com,22,Female,Bengaluru,Basic,2026-02-16,5,1662.6,1728.71,8227.54,5.3,11.8,15.3,6,5,33.5,55.6,3,2,30.4,0,0,4,0,82272.26
CUST-1636,Aarav Deshmukh,aarav.deshmukh.1636@example.com,50,Female,Chennai,Standard,2024-03-31,28,4181.13,4347.39,115868.08,5.4,12.0,3.2,3,9,-12.3,58.5,1,0,19.6,1,0,2,0,258993.97
CUST-1637,Siddharth Deshmukh,siddharth.deshmukh.1637@example.com,29,Male,Kolkata,Basic,2022-07-29,48,1434.08,1491.11,68128.17,6.1,13.6,12.6,2,1,17.1,32.0,3,1,37.4,0,0,3,0,71727.19
CUST-1638,Aditi Patel,aditi.patel.1638@example.com,25,Female,Delhi NCR,Premium,2026-02-22,5,8659.83,9004.19,42854.01,4.5,10.0,13.0,3,9,14.3,51.1,2,1,14.3,1,0,2,0,442692.03
CUST-1639,Swati Mehta,swati.mehta.1639@example.com,56,Male,Bengaluru,Basic,2024-08-30,23,1389.8,1445.07,31636.78,2.6,5.8,8.5,5,10,39.2,67.2,3,2,7.2,3,1,1,0,76847.33
CUST-1640,Simran Rao,simran.rao.1640@example.com,24,Female,Kolkata,Standard,2024-11-19,20,4464.19,4641.71,88365.92,3.4,7.6,18.4,27,1,-6.2,52.9,2,1,19.2,0,0,4,0,163545.99
CUST-1641,Isha Nair,isha.nair.1641@example.com,28,Female,Delhi NCR,Basic,2024-11-19,20,1794.34,1865.69,35517.87,6.7,14.9,9.4,10,1,-22.9,35.9,1,0,25.8,0,1,4,0,80886.92
CUST-1642,Divya Rao,divya.rao.1642@example.com,48,Male,Chandigarh,Enterprise,2022-10-12,45,22681.41,23583.33,1010170.51,5.0,11.1,20.2,14,4,-15.7,49.1,1,0,32.1,0,0,4,0,1200000.0
CUST-1643,Sanjay Chopra,sanjay.chopra.1643@example.com,22,Male,Chennai,Premium,2025-09-25,10,8307.73,8638.09,82223.22,1.5,3.3,24.6,5,6,23.1,75.2,4,1,16.8,0,0,4,0,367214.15
CUST-1644,Sneha Patel,sneha.patel.1644@example.com,48,Male,Chennai,Basic,2025-03-29,16,1589.11,1652.3,25164.37,7.8,17.4,12.9,5,2,-55.8,60.8,2,0,23.0,0,0,4,0,54285.66
CUST-1645,Arjun Chopra,arjun.chopra.1645@example.com,37,Female,Hyderabad,Enterprise,2024-06-25,25,28953.9,30105.25,716405.98,6.6,14.7,26.7,1,1,-85.0,14.1,5,1,10.8,0,1,4,0,1149400.79
CUST-1646,Varun Chopra,varun.chopra.1646@example.com,59,Female,Chennai,Standard,2025-09-24,10,3819.84,3971.74,37805.7,7.7,17.1,7.0,9,4,23.0,56.1,2,1,24.1,0,0,4,0,170177.66
CUST-1647,Aarav Das,aarav.das.1647@example.com,28,Female,Chandigarh,Standard,2025-09-10,10,3979.32,4137.56,39384.11,6.6,14.7,9.8,4,8,5.7,52.9,2,2,1.0,0,1,3,0,222453.67
CUST-1648,Divya Saxena,divya.saxena.1648@example.com,44,Male,Hyderabad,Premium,2026-01-25,6,8829.84,9180.96,52434.39,2.3,5.1,20.8,10,6,-1.5,69.9,4,2,28.1,0,0,3,0,397981.26
CUST-1649,Harsh Das,harsh.das.1649@example.com,32,Female,Ahmedabad,Basic,2024-09-14,22,1558.46,1620.43,33933.64,4.9,10.9,29.6,3,5,-38.6,42.8,6,1,27.8,0,1,4,0,76807.45
CUST-1650,Rahul Mehta,rahul.mehta.1650@example.com,54,Female,Jaipur,Enterprise,2025-02-25,17,24467.76,25440.72,411675.72,5.5,12.2,31.5,0,1,-49.9,33.1,0,0,10.5,0,0,5,0,1159263.32
CUST-1651,Swati Joshi,swati.joshi.1651@example.com,57,Female,Mumbai,Basic,2025-10-10,9,1534.09,1595.09,13664.87,1.4,3.1,39.7,1,3,-19.8,9.2,2,1,7.2,0,0,3,0,47715.72
CUST-1652,Rajesh Kapoor,rajesh.kapoor.1652@example.com,58,Female,Kolkata,Basic,2025-11-28,8,1731.33,1800.18,13708.25,1.7,3.8,17.9,12,7,8.1,25.3,3,1,24.9,0,1,5,0,89713.59
CUST-1653,Vikram Reddy,vikram.reddy.1653@example.com,38,Male,Jaipur,Premium,2026-05-24,2,10023.57,10422.16,19841.05,5.8,12.9,20.6,2,10,-18.4,71.0,3,1,45.8,0,0,4,0,465342.55
CUST-1654,Isha Gupta,isha.gupta.1654@example.com,56,Female,Jaipur,Premium,2026-06-20,1,8354.79,8687.02,8268.9,5.9,13.1,10.6,2,3,23.2,46.8,3,0,6.0,1,0,4,0,367155.84
CUST-1655,Harsh Patel,harsh.patel.1655@example.com,26,Female,Pune,Basic,2025-08-29,11,1683.69,1750.64,18330.19,9.2,20.5,8.2,19,5,-28.7,39.6,0,0,7.4,0,1,4,0,77177.88
CUST-1656,Deepak Bose,deepak.bose.1656@example.com,53,Female,Bengaluru,Basic,2025-11-13,8,1599.4,1663.0,12663.66,3.7,8.2,24.5,8,6,-16.5,73.1,0,0,13.1,0,1,5,0,74333.67
CUST-1657,Rohan Rao,rohan.rao.1657@example.com,24,Male,Chennai,Premium,2024-08-23,23,11042.65,11481.76,251369.9,0.7,1.6,13.5,0,9,17.7,68.2,2,0,36.0,1,0,3,0,763505.83
CUST-1658,Neha Agarwal,neha.agarwal.1658@example.com,56,Male,Ahmedabad,Basic,2025-08-26,11,1500.88,1560.56,16339.95,3.9,8.7,35.6,1,3,-12.6,24.3,2,1,8.0,3,1,4,0,58820.44
CUST-1659,Shreya Bhatia,shreya.bhatia.1659@example.com,35,Female,Bengaluru,Enterprise,2023-04-30,39,28852.8,30000.13,1113690.96,6.0,13.4,5.9,2,6,-11.2,70.8,1,0,6.8,0,0,5,0,1200000.0
CUST-1660,Divya Sharma,divya.sharma.1660@example.com,52,Female,Mumbai,Premium,2026-03-31,4,10401.06,10814.66,41176.53,3.4,7.6,27.3,6,2,-20.0,2.2,3,0,24.1,0,0,3,0,351620.16
CUST-1661,Nikhil Nair,nikhil.nair.1661@example.com,52,Female,Bengaluru,Basic,2022-07-13,48,1465.31,1523.58,69611.8,4.4,9.8,10.9,10,9,-25.2,53.0,2,1,9.2,3,0,2,0,90282.55
CUST-1662,Vikram Deshmukh,vikram.deshmukh.1662@example.com,38,Male,Pune,Standard,2026-02-09,5,4863.3,5056.69,24066.51,2.9,6.5,13.0,2,9,7.9,50.2,1,1,13.7,0,0,5,0,232099.38
CUST-1663,Isha Verma,isha.verma.1663@example.com,45,Male,Mumbai,Standard,2025-04-11,15,4286.58,4457.04,63637.68,6.7,14.9,27.9,15,7,11.5,69.6,3,0,37.3,0,0,4,0,213625.55
CUST-1664,Sanjay Pandey,sanjay.pandey.1664@example.com,44,Female,Chandigarh,Standard,2025-09-30,10,4549.3,4730.2,45025.31,5.8,12.9,14.6,0,9,4.4,51.1,1,0,37.0,0,0,4,0,240006.82
CUST-1665,Harsh Das,harsh.das.1665@example.com,39,Female,Chandigarh,Premium,2025-12-22,7,8558.49,8898.82,59293.53,2.5,5.6,16.3,1,4,-19.3,36.1,0,0,23.1,0,1,5,0,327676.02
CUST-1666,Kavya Nair,kavya.nair.1666@example.com,35,Male,Hyderabad,Enterprise,2026-04-23,3,24754.79,25739.16,73500.89,3.1,6.9,13.1,26,10,-7.6,38.0,1,0,19.9,0,0,4,0,1200000.0
CUST-1667,Tara Das,tara.das.1667@example.com,36,Male,Bengaluru,Standard,2026-04-10,3,4419.44,4595.18,13122.02,2.8,6.2,41.6,1,1,42.7,100.0,4,0,9.0,0,0,5,0,175856.68
CUST-1668,Vikram Mehta,vikram.mehta.1668@example.com,36,Female,Kolkata,Standard,2025-01-19,18,4045.63,4206.5,72072.7,0.3,0.7,15.2,16,1,-41.8,44.0,1,1,24.1,0,0,3,1,89078.43
CUST-1669,Siddharth Chopra,siddharth.chopra.1669@example.com,27,Male,Ahmedabad,Basic,2025-12-26,7,1611.26,1675.33,11162.87,2.6,5.8,22.6,9,2,50.8,56.3,2,0,6.8,1,0,4,1,76406.09
CUST-1670,Manish Chauhan,manish.chauhan.1670@example.com,48,Female,Pune,Standard,2022-09-24,46,4122.58,4286.51,187689.1,0.5,1.1,19.8,0,10,0.8,0.0,1,0,34.2,0,0,5,0,294334.21
CUST-1671,Simran Patel,simran.patel.1671@example.com,36,Male,Mumbai,Standard,2026-01-28,6,4495.65,4674.42,26696.59,6.2,13.8,24.4,4,3,-7.0,22.1,4,1,25.8,2,0,3,0,132799.82
CUST-1672,Kavya Bhatia,kavya.bhatia.1672@example.com,57,Female,Ahmedabad,Standard,2022-07-13,48,4280.93,4451.16,203372.15,6.3,14.0,15.2,5,2,24.7,54.5,0,0,14.1,0,0,5,0,254236.11
CUST-1673,Simran Das,simran.das.1673@example.com,29,Female,Bengaluru,Basic,2026-03-14,4,1351.52,1405.26,5350.5,3.6,8.0,19.8,20,4,-59.9,3.3,2,0,16.7,0,1,4,1,26180.77
CUST-1674,Tanvi Saxena,tanvi.saxena.1674@example.com,36,Female,Kolkata,Premium,2026-05-18,2,10145.37,10548.8,20082.14,4.6,10.2,26.3,4,8,36.6,55.2,2,1,16.4,0,0,3,0,516724.47
CUST-1675,Vikram Kapoor,vikram.kapoor.1675@example.com,24,Male,Bengaluru,Basic,2026-01-12,6,1570.57,1633.02,9326.54,6.4,14.2,12.5,4,3,50.0,24.6,0,0,22.2,0,1,5,0,66567.87
CUST-1676,Neha Chauhan,neha.chauhan.1676@example.com,34,Female,Chennai,Premium,2023-12-28,31,9175.33,9540.19,281511.09,5.8,12.9,34.0,0,4,28.5,17.2,1,1,21.4,0,1,4,0,505412.42
CUST-1677,Divya Pandey,divya.pandey.1677@example.com,55,Male,Chennai,Premium,2025-08-24,11,8395.63,8729.48,91402.51,8.4,18.7,35.0,7,2,-60.9,24.5,0,0,50.9,0,0,4,0,274621.75
CUST-1678,Shreya Das,shreya.das.1678@example.com,45,Male,Pune,Standard,2026-04-20,3,3907.54,4062.92,11602.11,4.7,10.5,28.7,1,1,19.4,78.7,0,0,10.8,0,0,4,0,163431.76
CUST-1679,Shreya Nair,shreya.nair.1679@example.com,53,Other,Mumbai,Standard,2026-03-27,4,3912.3,4067.87,15488.32,7.3,16.3,22.8,0,8,44.1,50.0,0,0,26.0,0,0,4,0,179676.28
CUST-1680,Divya Deshmukh,divya.deshmukh.1680@example.com,53,Female,Mumbai,Standard,2026-01-14,6,4908.29,5103.47,29146.98,4.4,9.8,2.0,43,7,41.2,20.1,2,2,54.1,1,0,2,0,58264.97
CUST-1681,Varun Mishra,varun.mishra.1681@example.com,51,Female,Jaipur,Basic,2025-06-19,13,1576.02,1638.69,20277.63,3.9,8.7,26.7,2,10,-41.4,60.6,2,1,1.0,0,1,5,0,83740.4
CUST-1682,Rahul Malhotra,rahul.malhotra.1682@example.com,34,Male,Pune,Premium,2026-01-10,6,8231.59,8558.92,48881.79,5.6,12.5,17.7,1,2,26.5,61.9,4,2,26.8,0,1,4,0,375555.33
CUST-1683,Priya Bhatia,priya.bhatia.1683@example.com,22,Male,Pune,Basic,2024-11-27,20,1421.93,1478.47,28146.24,5.4,12.0,19.3,9,8,48.3,32.8,4,1,42.3,1,0,3,0,82786.22
CUST-1684,Aarav Das,aarav.das.1684@example.com,55,Male,Kolkata,Standard,2025-05-12,14,3709.72,3857.24,51402.15,2.9,6.5,2.0,12,10,-1.2,65.0,3,1,1.0,0,0,4,0,224518.79
CUST-1685,Simran Bhatia,simran.bhatia.1685@example.com,36,Female,Chennai,Basic,2024-02-20,29,1658.05,1723.98,47589.13,2.5,5.6,27.4,0,3,-42.7,66.2,0,0,30.3,2,1,4,1,83299.2
CUST-1686,Simran Patel,simran.patel.1686@example.com,35,Female,Mumbai,Premium,2025-09-08,10,8686.89,9032.32,85975.84,4.4,9.8,6.1,0,7,21.2,62.4,0,0,19.9,1,0,4,0,438384.9
CUST-1687,Vikram Singh,vikram.singh.1687@example.com,50,Female,Bengaluru,Standard,2026-01-24,6,4296.91,4467.78,25516.41,0.2,0.5,23.3,0,1,27.5,25.8,1,1,42.5,0,0,2,0,139572.87
CUST-1688,Deepak Bhatia,deepak.bhatia.1688@example.com,55,Female,Pune,Standard,2022-07-20,48,4117.06,4280.77,195587.26,3.6,8.0,32.0,0,3,-5.9,13.7,0,0,12.4,1,1,3,0,233920.25
CUST-1689,Shreya Gupta,shreya.gupta.1689@example.com,39,Male,Hyderabad,Standard,2025-12-14,7,4724.25,4912.11,32729.78,2.1,4.7,16.8,8,9,-35.3,1.4,4,0,19.2,1,1,4,0,232634.02
CUST-1690,Pooja Saxena,pooja.saxena.1690@example.com,28,Male,Delhi NCR,Premium,2025-11-23,8,9108.53,9470.73,72119.12,3.0,6.7,35.4,6,4,25.5,26.3,1,0,2.0,0,0,4,0,406287.78
CUST-1691,Isha Bose,isha.bose.1691@example.com,50,Male,Mumbai,Basic,2024-07-28,24,1589.53,1652.74,37756.53,2.6,5.8,13.8,8,1,-23.5,33.2,1,0,13.3,1,1,4,0,67543.21
CUST-1692,Vikram Reddy,vikram.reddy.1692@example.com,52,Male,Chandigarh,Standard,2026-05-11,2,4608.65,4791.91,9122.54,5.8,12.9,28.6,5,6,9.1,35.1,1,1,14.7,0,0,4,0,208765.64
CUST-1693,Priya Das,priya.das.1693@example.com,46,Male,Mumbai,Standard,2025-12-08,7,4205.64,4372.88,29136.83,5.1,11.4,7.6,12,1,41.6,40.9,1,0,9.0,1,0,4,0,157828.16
CUST-1694,Aditi Gupta,aditi.gupta.1694@example.com,59,Female,Hyderabad,Basic,2026-05-20,2,1765.26,1835.46,3494.22,4.3,9.6,33.3,5,10,-48.4,83.6,4,3,41.8,0,0,2,0,60293.71
CUST-1695,Tanvi Deshmukh,tanvi.deshmukh.1695@example.com,35,Male,Mumbai,Basic,2026-04-10,3,1696.25,1763.7,5036.44,3.4,7.6,31.6,18,1,23.4,33.9,1,0,6.6,0,1,4,0,67622.99
CUST-1696,Rajesh Bhatia,rajesh.bhatia.1696@example.com,29,Female,Hyderabad,Basic,2026-06-23,1,1564.48,1626.69,1548.4,6.4,14.2,27.2,4,2,-7.8,40.8,4,3,13.2,0,0,2,1,26831.49
CUST-1697,Pooja Rao,pooja.rao.1697@example.com,48,Male,Delhi NCR,Basic,2026-06-24,1,1613.51,1677.67,1596.92,6.1,13.6,17.7,11,3,-7.1,0.0,2,0,18.9,0,0,4,0,48626.15
CUST-1698,Shreya Saxena,shreya.saxena.1698@example.com,23,Other,Jaipur,Standard,2025-12-16,7,4952.85,5149.8,34313.53,4.0,8.9,6.6,3,2,12.4,95.5,2,0,18.6,1,0,3,0,220242.17
CUST-1699,Nikhil Das,nikhil.das.1699@example.com,38,Female,Kolkata,Basic,2024-07-21,24,1696.21,1763.66,40290.53,7.0,15.6,17.7,4,8,-23.6,10.4,6,1,32.9,1,1,2,0,91386.48
CUST-1700,Shreya Pandey,shreya.pandey.1700@example.com,58,Female,Delhi NCR,Standard,2025-06-16,13,4865.78,5059.27,62604.84,3.8,8.5,34.2,14,6,-34.9,25.0,3,0,15.9,0,1,4,1,251139.73
CUST-1701,Swati Nair,swati.nair.1701@example.com,35,Male,Ahmedabad,Basic,2025-04-14,15,1442.89,1500.27,21420.85,4.6,10.2,23.4,0,1,-52.0,58.7,2,0,3.0,3,0,4,1,49854.41
CUST-1702,Aarav Chopra,aarav.chopra.1702@example.com,46,Female,Jaipur,Basic,2025-08-20,11,1602.63,1666.36,17447.7,3.0,6.7,4.9,6,6,32.5,47.9,2,1,42.3,1,0,4,0,86507.45
CUST-1703,Meera Mehta,meera.mehta.1703@example.com,51,Female,Kolkata,Enterprise,2024-07-25,24,30449.57,31660.39,723276.79,3.4,7.6,9.6,9,1,-12.4,81.4,3,2,27.9,2,1,2,1,1184362.87
CUST-1704,Vikram Chauhan,vikram.chauhan.1704@example.com,50,Male,Chennai,Standard,2024-02-01,30,4050.64,4211.71,120269.92,2.9,6.5,35.8,10,9,14.0,59.3,1,1,12.4,0,0,3,0,246685.61
CUST-1705,Arjun Kapoor,arjun.kapoor.1705@example.com,41,Male,Hyderabad,Basic,2024-05-03,27,1856.79,1930.62,49617.93,5.6,12.5,27.4,6,3,-15.6,40.0,1,0,33.5,0,0,5,0,88456.6
CUST-1706,Priya Gupta,priya.gupta.1706@example.com,42,Male,Pune,Standard,2024-07-29,24,3734.97,3883.49,88717.74,5.0,11.1,8.4,4,1,-34.5,67.1,5,1,44.4,0,1,5,0,173843.04
CUST-1707,Divya Sharma,divya.sharma.1707@example.com,43,Female,Ahmedabad,Basic,2026-04-25,3,1822.69,1895.17,5411.86,2.0,4.5,2.6,2,1,16.3,69.9,0,0,1.0,0,0,4,0,80447.97
CUST-1708,Meera Pandey,meera.pandey.1708@example.com,56,Female,Delhi NCR,Basic,2025-06-15,13,1582.68,1645.62,20363.32,5.4,12.0,15.1,18,2,7.2,26.2,2,0,4.9,2,0,4,0,58753.68
CUST-1709,Divya Saxena,divya.saxena.1709@example.com,58,Female,Mumbai,Basic,2025-06-29,13,1387.79,1442.98,17855.8,8.0,17.8,2.0,3,6,-8.6,65.1,0,0,13.8,0,0,4,0,68992.14
CUST-1710,Deepak Das,deepak.das.1710@example.com,37,Male,Delhi NCR,Enterprise,2025-08-11,11,30194.61,31395.29,328726.13,2.8,6.2,20.3,12,1,6.5,36.7,2,1,27.3,0,0,3,1,1200000.0
CUST-1711,Aditi Kumar,aditi.kumar.1711@example.com,38,Male,Kolkata,Premium,2025-10-01,10,8892.62,9246.23,88011.99,2.7,6.0,49.0,0,7,-28.9,39.5,0,0,23.9,0,1,5,0,432769.07
CUST-1712,Manish Chopra,manish.chopra.1712@example.com,37,Female,Ahmedabad,Premium,2026-05-19,2,8169.18,8494.03,16170.39,4.2,9.4,4.4,1,4,27.7,45.4,2,1,54.2,1,1,4,0,376145.23
CUST-1713,Tara Patel,tara.patel.1713@example.com,23,Male,Bengaluru,Enterprise,2026-05-14,2,23687.36,24629.28,46887.68,7.1,15.8,20.0,3,7,34.2,32.9,1,0,2.9,0,0,5,0,1155564.72
CUST-1714,Swati Gupta,swati.gupta.1714@example.com,25,Female,Kolkata,Enterprise,2023-10-30,33,28266.12,29390.12,923192.49,3.3,7.3,36.4,8,4,19.3,31.6,3,1,25.9,0,1,4,0,1200000.0
CUST-1715,Swati Das,swati.das.1715@example.com,42,Female,Jaipur,Premium,2025-05-09,14,11178.86,11623.39,154895.1,8.1,18.0,30.2,2,4,-12.4,65.6,1,0,1.0,0,0,4,0,556372.48
CUST-1716,Aditya Gupta,aditya.gupta.1716@example.com,55,Male,Delhi NCR,Standard,2026-02-22,5,3755.11,3904.43,18582.53,2.0,4.5,20.4,0,4,-0.3,5.3,6,2,34.7,0,1,2,0,107949.29
CUST-1717,Tanvi Mehta,tanvi.mehta.1717@example.com,51,Female,Delhi NCR,Basic,2026-02-09,5,1591.46,1654.74,7875.49,4.6,10.2,20.4,1,10,41.9,16.5,1,0,35.9,0,0,4,0,93067.03
CUST-1718,Meera Mehta,meera.mehta.1718@example.com,27,Male,Ahmedabad,Basic,2025-05-10,14,1443.87,1501.29,20006.37,0.6,1.3,9.3,2,10,33.9,58.2,3,1,1.0,1,0,2,0,72015.02
CUST-1719,Neha Chauhan,neha.chauhan.1719@example.com,38,Female,Hyderabad,Standard,2025-11-12,8,4641.89,4826.47,36753.35,2.2,4.9,19.1,1,8,53.8,40.3,5,0,1.0,0,1,5,0,205637.03
CUST-1720,Rhea Verma,rhea.verma.1720@example.com,46,Male,Ahmedabad,Standard,2025-10-23,9,3764.34,3914.03,33530.77,3.8,8.5,24.7,1,2,-23.9,65.8,1,0,25.4,3,0,3,0,129402.24
CUST-1721,Rohan Gupta,rohan.gupta.1721@example.com,26,Female,Pune,Enterprise,2026-06-09,1,24597.63,25575.75,24344.75,4.8,10.7,34.2,10,8,-26.4,50.6,0,0,25.7,0,0,4,0,1200000.0
CUST-1722,Tara Das,tara.das.1722@example.com,26,Male,Delhi NCR,Standard,2026-04-18,3,3874.0,4028.05,11502.52,6.8,15.1,15.2,3,10,1.8,10.0,1,1,14.0,0,0,4,0,191960.21
CUST-1723,Aarav Mishra,aarav.mishra.1723@example.com,41,Male,Hyderabad,Standard,2025-12-30,7,4372.43,4546.3,30292.35,2.7,6.0,19.9,3,1,9.4,43.5,1,0,25.8,1,0,4,0,156802.66
CUST-1724,Aarav Gupta,aarav.gupta.1724@example.com,37,Female,Hyderabad,Standard,2025-03-02,17,4821.25,5012.97,81118.65,5.1,11.4,11.6,25,7,-6.0,54.8,2,1,39.7,0,0,2,0,208000.94
CUST-1725,Harsh Pandey,harsh.pandey.1725@example.com,58,Male,Ahmedabad,Basic,2026-06-11,1,1617.24,1681.55,1600.61,1.4,3.1,24.5,4,7,-12.9,47.6,0,0,22.6,0,0,4,0,75263.39
CUST-1726,Nikhil Deshmukh,nikhil.deshmukh.1726@example.com,30,Female,Chennai,Standard,2026-01-27,6,3680.62,3826.98,21856.69,6.3,14.0,30.6,19,6,33.5,30.8,2,0,33.5,0,1,4,0,172958.99
CUST-1727,Karan Malhotra,karan.malhotra.1727@example.com,26,Male,Kolkata,Standard,2025-02-08,17,4387.65,4562.12,73823.23,7.0,15.6,28.9,2,4,-4.5,35.4,1,0,19.9,0,1,5,0,201011.06
CUST-1728,Vikram Kapoor,vikram.kapoor.1728@example.com,23,Female,Jaipur,Standard,2024-10-02,22,4715.35,4902.86,102671.22,6.4,14.2,9.1,3,5,-36.0,28.6,1,0,12.9,0,0,4,0,216342.71
CUST-1729,Neha Malhotra,neha.malhotra.1729@example.com,30,Male,Chennai,Standard,2026-04-22,3,3784.07,3934.54,11235.5,6.4,14.2,23.6,3,1,-32.8,10.2,3,1,27.4,1,0,3,1,46422.27
CUST-1730,Rohan Joshi,rohan.joshi.1730@example.com,57,Female,Delhi NCR,Basic,2024-12-21,19,1387.25,1442.41,26086.78,4.0,8.9,14.5,5,2,4.9,6.9,1,0,26.1,0,0,5,0,58451.96
CUST-1731,Aarav Patel,aarav.patel.1731@example.com,43,Male,Delhi NCR,Standard,2022-12-01,44,3861.97,4015.54,168179.75,4.8,10.7,33.1,6,10,75.0,51.4,1,0,1.0,0,0,4,0,269096.85
CUST-1732,Aarav Kumar,aarav.kumar.1732@example.com,43,Male,Delhi NCR,Standard,2023-09-11,34,4643.36,4828.0,156251.21,4.0,8.9,20.2,2,7,-29.3,21.1,1,0,19.2,2,0,3,0,286300.88
CUST-1733,Sneha Das,sneha.das.1733@example.com,43,Male,Chandigarh,Standard,2024-09-17,22,4427.25,4603.3,96398.18,4.1,9.1,5.3,11,2,-10.8,55.8,1,0,14.5,1,1,4,0,195629.29
CUST-1734,Pooja Agarwal,pooja.agarwal.1734@example.com,55,Female,Mumbai,Standard,2025-01-18,18,4355.74,4528.95,77597.29,2.6,5.8,19.6,5,8,65.3,27.7,2,1,17.6,0,0,3,0,253496.99
CUST-1735,Karan Chopra,karan.chopra.1735@example.com,50,Male,Bengaluru,Basic,2026-03-22,4,1479.99,1538.84,5859.1,4.8,10.7,27.0,0,7,-15.6,10.5,3,1,10.4,1,0,4,0,73011.63
CUST-1736,Neha Chopra,neha.chopra.1736@example.com,59,Female,Chandigarh,Basic,2025-04-13,15,1523.41,1583.99,22616.23,5.1,11.4,24.7,6,10,10.8,32.2,3,0,1.0,0,0,3,0,80693.55
CUST-1737,Harsh Iyer,harsh.iyer.1737@example.com,54,Female,Bengaluru,Basic,2025-04-17,15,1855.85,1929.65,27551.56,6.3,14.0,16.4,11,8,50.5,92.3,1,1,17.8,0,1,4,0,101713.27
CUST-1738,Arjun Malhotra,arjun.malhotra.1738@example.com,39,Male,Hyderabad,Standard,2025-11-11,8,3935.89,4092.4,31163.42,5.0,11.1,15.6,2,4,-28.6,39.7,1,1,16.9,0,1,4,0,166688.51
CUST-1739,Neha Saxena,neha.saxena.1739@example.com,28,Female,Delhi NCR,Standard,2025-09-24,10,4861.09,5054.39,48111.16,6.1,13.6,11.1,0,1,-10.7,57.5,1,1,35.3,0,1,4,0,175827.68
CUST-1740,Rajesh Iyer,rajesh.iyer.1740@example.com,22,Male,Pune,Premium,2025-02-15,17,9927.57,10322.34,167033.66,2.6,5.8,17.7,12,7,-15.6,46.1,2,1,37.6,0,0,4,0,513368.63
CUST-1741,Kavya Patel,kavya.patel.1741@example.com,54,Male,Jaipur,Basic,2022-12-17,43,1413.79,1470.01,60167.99,7.2,16.0,12.6,28,1,-44.5,8.3,1,0,5.8,1,0,3,1,37481.28
CUST-1742,Aditi Joshi,aditi.joshi.1742@example.com,22,Female,Ahmedabad,Basic,2026-02-24,5,1594.28,1657.68,7889.45,3.7,8.2,32.7,0,7,41.9,76.8,2,1,13.7,0,0,3,0,72890.72
CUST-1743,Harsh Sharma,harsh.sharma.1743@example.com,45,Female,Jaipur,Standard,2026-03-19,4,4926.74,5122.65,19504.36,0.2,0.5,12.1,20,9,-18.4,36.1,3,1,17.3,0,0,3,0,206991.49
CUST-1744,Nikhil Chopra,nikhil.chopra.1744@example.com,25,Female,Pune,Standard,2025-06-24,13,4184.95,4351.36,53845.05,3.4,7.6,23.3,3,5,-26.5,10.5,6,3,53.4,0,1,2,0,102828.26
CUST-1745,Rhea Gupta,rhea.gupta.1745@example.com,25,Male,Ahmedabad,Standard,2026-05-30,2,4807.54,4998.71,9516.23,5.4,12.0,22.6,21,2,-14.4,29.7,0,0,7.9,0,0,5,1,181369.85
CUST-1746,Rohan Gupta,rohan.gupta.1746@example.com,39,Male,Hyderabad,Premium,2025-06-25,13,8906.76,9260.94,114597.52,4.4,9.8,32.4,7,1,24.0,37.1,1,0,39.6,0,1,4,0,318130.37
CUST-1747,Deepak Mehta,deepak.mehta.1747@example.com,48,Male,Pune,Premium,2026-05-24,2,9897.3,10290.86,19591.1,0.2,0.5,34.0,16,8,1.2,60.0,1,0,17.5,0,0,4,0,436716.11
CUST-1748,Manish Patel,manish.patel.1748@example.com,53,Female,Delhi NCR,Basic,2025-09-17,10,1791.83,1863.08,17734.09,4.7,10.5,29.7,11,4,-24.2,25.7,1,1,29.3,0,1,4,0,69960.74
CUST-1749,Shreya Kapoor,shreya.kapoor.1749@example.com,54,Male,Pune,Enterprise,2025-05-11,14,30554.8,31769.81,423369.54,4.5,10.0,25.9,0,8,9.5,100.0,1,0,10.4,0,1,5,0,1200000.0
CUST-1750,Sneha Verma,sneha.verma.1750@example.com,49,Female,Delhi NCR,Basic,2026-05-16,2,1603.99,1667.77,3175.0,2.2,4.9,10.5,0,2,20.8,19.5,1,0,35.4,1,1,4,0,64928.86
CUST-1751,Harsh Pandey,harsh.pandey.1751@example.com,57,Male,Pune,Standard,2026-03-20,4,4494.44,4673.16,17792.94,5.4,12.0,10.2,5,3,-2.7,56.7,4,4,53.2,0,0,2,1,76449.34
CUST-1752,Shreya Sharma,shreya.sharma.1752@example.com,27,Male,Pune,Standard,2026-01-27,6,3603.27,3746.55,21397.36,3.9,8.7,12.7,1,3,-8.6,0.0,1,0,10.2,1,0,4,0,136766.65
CUST-1753,Pooja Chauhan,pooja.chauhan.1753@example.com,37,Male,Chennai,Standard,2025-12-24,7,3953.52,4110.73,27390.13,0.2,0.5,30.3,4,4,26.4,39.0,3,1,8.2,0,1,4,0,175285.58
CUST-1754,Shreya Bose,shreya.bose.1754@example.com,55,Male,Jaipur,Basic,2025-03-21,16,1495.33,1554.79,23679.32,5.7,12.7,22.8,23,9,-7.0,50.8,2,2,40.2,0,0,2,0,63159.86
CUST-1755,Simran Deshmukh,simran.deshmukh.1755@example.com,44,Male,Bengaluru,Basic,2025-08-08,11,1398.15,1453.75,15221.54,4.6,10.2,31.6,2,9,43.0,15.1,2,1,16.3,0,0,4,0,68337.6
CUST-1756,Aditi Rao,aditi.rao.1756@example.com,45,Female,Chandigarh,Standard,2025-12-14,7,3990.58,4149.26,27646.88,7.4,16.5,33.0,5,5,-23.2,78.0,1,0,13.9,0,1,5,0,191274.53
CUST-1757,Nikhil Chauhan,nikhil.chauhan.1757@example.com,34,Female,Chennai,Basic,2025-10-22,9,1517.58,1577.93,13517.81,2.4,5.3,14.0,3,7,-23.9,52.4,2,1,12.8,3,0,2,1,40257.76
CUST-1758,Amit Joshi,amit.joshi.1758@example.com,39,Male,Bengaluru,Basic,2026-06-21,1,1857.36,1931.22,1838.27,3.7,8.2,22.4,7,9,-27.3,34.4,0,0,4.9,0,0,5,0,90704.16
CUST-1759,Rahul Mishra,rahul.mishra.1759@example.com,34,Male,Chennai,Standard,2024-10-30,21,4534.91,4715.24,94254.07,6.4,14.2,21.9,1,1,-8.7,52.2,0,0,8.7,0,1,5,0,209343.3
CUST-1760,Priya Joshi,priya.joshi.1760@example.com,58,Male,Mumbai,Standard,2026-07-01,1,4195.36,4362.19,4152.23,2.3,5.1,18.4,2,2,-1.9,27.8,2,0,15.2,0,0,4,1,148777.73
CUST-1761,Shreya Das,shreya.das.1761@example.com,38,Female,Ahmedabad,Standard,2024-06-10,25,4982.03,5180.14,123270.3,6.4,14.2,16.1,14,6,-39.1,72.0,2,0,1.7,0,0,3,0,249117.3
CUST-1762,Varun Rao,varun.rao.1762@example.com,36,Male,Delhi NCR,Basic,2025-08-11,11,1429.49,1486.33,15562.74,6.4,14.2,35.0,12,3,0.7,66.4,2,0,13.0,0,0,4,0,58995.52
CUST-1763,Rhea Rao,rhea.rao.1763@example.com,39,Female,Chandigarh,Premium,2025-08-18,11,9598.49,9980.17,104497.94,4.9,10.9,22.6,11,7,13.8,51.0,2,0,7.4,0,1,4,0,421696.03
CUST-1764,Arjun Gupta,arjun.gupta.1764@example.com,44,Male,Chennai,Basic,2025-01-27,18,1688.58,1755.73,30081.97,3.9,8.7,22.1,11,5,-43.0,56.7,0,0,14.5,0,0,4,0,90159.92
CUST-1765,Karan Bhatia,karan.bhatia.1765@example.com,51,Male,Chennai,Premium,2024-03-27,28,8274.16,8603.18,229294.73,2.8,6.2,13.2,4,10,-16.6,6.5,2,1,35.0,2,0,2,0,504141.31
CUST-1766,Harsh Saxena,harsh.saxena.1766@example.com,55,Female,Hyderabad,Standard,2023-03-01,41,4602.65,4785.67,186768.63,2.7,6.0,29.4,9,8,13.9,77.2,2,0,18.5,0,0,5,0,296667.41
CUST-1767,Meera Mishra,meera.mishra.1767@example.com,25,Male,Pune,Standard,2025-08-28,11,3738.88,3887.56,40704.87,4.9,10.9,10.9,3,1,-32.5,39.6,1,0,8.7,2,0,4,0,112476.8
CUST-1768,Priya Chauhan,priya.chauhan.1768@example.com,24,Female,Mumbai,Premium,2026-04-08,3,8540.94,8880.57,25359.4,0.2,0.5,27.0,0,9,-10.8,66.6,2,0,15.4,0,0,5,0,423778.39
CUST-1769,Sanjay Chopra,sanjay.chopra.1769@example.com,28,Female,Chandigarh,Basic,2024-01-17,30,1432.88,1489.86,42544.48,3.0,6.7,27.3,3,10,28.5,60.0,3,0,23.2,0,0,5,0,86434.29
CUST-1770,Varun Bhatia,varun.bhatia.1770@example.com,39,Male,Chandigarh,Basic,2026-06-18,1,1836.44,1909.47,1817.56,2.7,6.0,17.5,1,6,48.3,66.2,4,1,32.4,0,0,4,0,93568.37
CUST-1771,Harsh Nair,harsh.nair.1771@example.com,28,Male,Ahmedabad,Standard,2024-07-18,24,4555.39,4736.53,108205.4,2.1,4.7,25.5,3,5,10.3,16.9,0,0,18.5,1,1,3,0,206150.73
CUST-1772,Sanjay Saxena,sanjay.saxena.1772@example.com,27,Female,Chandigarh,Basic,2025-03-09,16,1692.97,1760.29,26809.05,4.6,10.2,24.0,2,8,-6.7,19.9,5,2,53.6,0,0,2,1,69994.74
CUST-1773,Priya Bhatia,priya.bhatia.1773@example.com,43,Female,Kolkata,Standard,2023-10-30,33,4376.6,4550.63,142943.01,1.1,2.4,21.6,6,4,-16.0,96.0,2,0,5.4,0,0,4,0,214358.78
CUST-1774,Pooja Mehta,pooja.mehta.1774@example.com,22,Male,Chandigarh,Basic,2023-11-28,32,1502.72,1562.48,47592.68,6.7,14.9,22.1,3,9,23.5,5.5,2,1,30.3,0,0,4,0,97053.79
CUST-1775,Vikram Deshmukh,vikram.deshmukh.1775@example.com,25,Female,Chennai,Premium,2026-06-15,1,10054.69,10454.51,9951.32,6.1,13.6,22.7,9,5,29.7,15.7,2,0,15.2,0,0,3,0,401715.73
CUST-1776,Amit Reddy,amit.reddy.1776@example.com,50,Male,Kolkata,Standard,2025-05-31,14,4173.17,4339.12,57823.75,7.1,15.8,23.4,5,1,-34.4,43.0,1,0,28.2,0,1,5,0,179222.06
CUST-1777,Meera Mehta,meera.mehta.1777@example.com,42,Male,Bengaluru,Basic,2026-05-09,2,1425.39,1482.07,2821.47,3.1,6.9,22.7,18,8,23.5,43.1,3,2,32.1,1,1,3,0,61480.41
CUST-1778,Swati Mishra,swati.mishra.1778@example.com,47,Male,Pune,Premium,2026-05-12,2,10271.09,10679.52,20331.0,4.6,10.2,9.9,0,9,-19.0,29.0,1,0,41.0,0,1,5,0,551118.49
CUST-1779,Rohan Joshi,rohan.joshi.1779@example.com,35,Male,Kolkata,Basic,2025-10-09,9,1417.09,1473.44,12622.69,5.9,13.1,20.3,8,5,-26.1,56.8,2,2,33.1,0,0,2,1,42775.82
CUST-1780,Manish Bose,manish.bose.1780@example.com,30,Male,Bengaluru,Basic,2026-05-29,2,1449.13,1506.75,2868.46,3.9,8.7,24.9,8,5,-6.3,63.7,0,0,24.8,0,1,5,0,63984.63
CUST-1781,Rohan Patel,rohan.patel.1781@example.com,33,Other,Mumbai,Standard,2024-12-31,19,4743.59,4932.22,89201.65,3.0,6.7,23.1,22,6,25.8,41.6,1,1,21.6,0,1,4,0,260240.45
CUST-1782,Divya Mishra,divya.mishra.1782@example.com,27,Male,Jaipur,Standard,2022-07-12,48,4523.03,4702.89,214873.49,4.5,10.0,32.5,3,9,6.7,35.6,3,1,28.1,0,0,3,0,286088.29
CUST-1783,Priya Joshi,priya.joshi.1783@example.com,41,Male,Delhi NCR,Standard,2025-07-18,12,4482.27,4660.51,53234.28,3.8,8.5,28.8,2,5,5.9,41.5,1,0,8.7,1,0,3,0,173319.19
CUST-1784,Rhea Verma,rhea.verma.1784@example.com,45,Male,Chennai,Standard,2026-03-28,4,4184.44,4350.83,16565.69,2.0,4.5,12.4,1,2,7.9,30.1,1,1,29.2,0,1,4,0,168155.23
CUST-1785,Manish Pandey,manish.pandey.1785@example.com,48,Female,Kolkata,Basic,2024-05-19,26,1557.01,1618.92,40066.08,0.2,0.5,20.2,2,3,11.1,1.2,1,1,1.0,0,0,4,0,75960.44
CUST-1786,Rahul Verma,rahul.verma.1786@example.com,59,Female,Jaipur,Enterprise,2024-04-16,27,28538.66,29673.5,762622.24,2.3,5.1,18.6,5,10,-5.2,49.2,1,1,17.5,0,0,3,0,1200000.0
CUST-1787,Swati Deshmukh,swati.deshmukh.1787@example.com,29,Male,Pune,Premium,2024-12-27,19,10429.86,10844.6,196130.08,0.2,0.5,22.0,13,3,15.7,60.4,3,0,7.7,0,0,5,0,488657.78
CUST-1788,Meera Gupta,meera.gupta.1788@example.com,22,Male,Hyderabad,Basic,2025-05-21,14,1616.78,1681.07,22402.22,2.4,5.3,22.0,2,9,-20.5,38.3,2,0,38.8,0,0,4,0,75419.45
CUST-1789,Deepak Sharma,deepak.sharma.1789@example.com,45,Male,Mumbai,Premium,2024-02-09,29,11151.96,11595.42,320082.05,7.2,16.0,28.7,1,8,16.2,0.0,4,1,15.3,0,0,4,0,625148.14
CUST-1790,Simran Chauhan,simran.chauhan.1790@example.com,28,Male,Delhi NCR,Standard,2026-04-20,3,4936.74,5133.05,14657.96,0.3,0.7,24.0,2,6,22.0,28.3,1,0,10.2,0,0,4,0,249911.27
CUST-1791,Swati Deshmukh,swati.deshmukh.1791@example.com,40,Male,Pune,Basic,2023-06-03,38,1565.48,1627.73,58876.67,5.1,11.4,35.5,0,5,17.6,63.7,0,0,6.9,0,0,4,0,95711.09
CUST-1792,Vikram Nair,vikram.nair.1792@example.com,43,Male,Mumbai,Basic,2023-01-18,42,1779.64,1850.41,73976.46,6.8,15.1,24.7,19,10,19.0,7.5,4,1,28.9,0,0,4,0,125204.46
CUST-1793,Neha Nair,neha.nair.1793@example.com,56,Male,Hyderabad,Basic,2024-02-29,29,1634.13,1699.11,46902.58,0.9,2.0,12.9,15,2,11.0,58.7,1,0,12.0,0,1,4,0,79512.37
CUST-1794,Manish Mishra,manish.mishra.1794@example.com,51,Male,Bengaluru,Premium,2026-02-14,5,9710.95,10097.1,48055.58,8.0,17.8,16.9,2,9,30.9,31.3,4,1,18.5,1,0,3,0,514701.39
CUST-1795,Deepak Agarwal,deepak.agarwal.1795@example.com,50,Male,Hyderabad,Standard,2024-03-16,28,3676.03,3822.21,101870.68,4.0,8.9,28.6,2,10,-65.6,41.5,2,1,49.7,0,1,3,0,242356.74
CUST-1796,Arjun Kapoor,arjun.kapoor.1796@example.com,43,Female,Kolkata,Basic,2025-09-16,10,1650.24,1715.86,16332.75,7.1,15.8,4.2,17,8,21.9,25.5,1,0,17.8,0,0,5,0,90893.61
CUST-1797,Deepak Joshi,deepak.joshi.1797@example.com,32,Female,Delhi NCR,Basic,2025-07-02,13,1821.59,1894.03,23437.22,4.8,10.7,7.2,0,5,53.3,14.7,3,0,24.1,1,0,3,0,92169.52
CUST-1798,Sanjay Nair,sanjay.nair.1798@example.com,41,Female,Chandigarh,Standard,2024-05-28,26,4691.01,4877.55,120712.38,3.2,7.1,22.1,6,6,-19.4,76.4,1,1,28.9,0,0,4,0,212820.81
CUST-1799,Rohan Chauhan,rohan.chauhan.1799@example.com,50,Male,Ahmedabad,Standard,2026-06-22,1,4699.67,4886.55,4651.36,0.2,0.5,32.5,18,9,-22.5,61.6,3,1,13.9,0,0,3,0,217624.56
CUST-1800,Amit Bhatia,amit.bhatia.1800@example.com,55,Male,Chennai,Premium,2025-12-27,7,8602.82,8944.91,59600.65,1.9,4.2,36.4,5,1,34.0,57.5,4,2,25.1,0,0,2,1,300650.3
CUST-1801,Simran Singh,simran.singh.1801@example.com,22,Male,Chennai,Enterprise,2024-07-17,24,25635.41,26654.8,608924.76,5.6,12.5,19.6,0,4,-27.9,63.8,4,1,10.5,0,0,2,0,1200000.0
CUST-1802,Manish Sharma,manish.sharma.1802@example.com,52,Female,Bengaluru,Standard,2024-07-30,24,3925.51,4081.61,93243.69,7.4,16.5,33.7,1,5,-20.7,54.1,1,1,9.3,1,0,3,0,205297.28
CUST-1803,Manish Bose,manish.bose.1803@example.com,51,Male,Pune,Standard,2024-04-20,27,4041.27,4201.97,107992.54,1.3,2.9,22.8,19,9,2.8,64.7,1,1,24.4,0,0,3,0,238925.48
CUST-1804,Simran Kapoor,simran.kapoor.1804@example.com,39,Female,Delhi NCR,Standard,2026-04-19,3,4410.25,4585.62,13094.73,4.1,9.1,5.2,0,5,-24.4,26.1,4,2,33.2,0,1,3,0,166934.41
CUST-1805,Tanvi Patel,tanvi.patel.1805@example.com,38,Female,Chandigarh,Premium,2025-01-12,18,9248.04,9615.79,164753.38,3.3,7.3,21.9,3,5,22.5,75.1,0,0,14.5,0,1,4,0,444283.56
CUST-1806,Divya Chauhan,divya.chauhan.1806@example.com,59,Male,Bengaluru,Basic,2026-04-25,3,1643.27,1708.61,4879.13,5.1,11.4,15.2,11,3,-24.1,72.9,2,0,20.5,0,0,5,0,56933.87
CUST-1807,Sanjay Das,sanjay.das.1807@example.com,35,Female,Ahmedabad,Basic,2024-09-11,22,1579.16,1641.96,34384.36,4.4,9.8,32.1,13,8,8.1,51.1,1,1,22.0,2,1,2,0,95470.93
CUST-1808,Isha Patel,isha.patel.1808@example.com,44,Male,Kolkata,Premium,2026-04-01,4,9001.84,9359.8,35637.19,3.4,7.6,21.7,4,7,6.0,35.1,0,0,30.9,0,0,5,0,388678.79
CUST-1809,Arjun Malhotra,arjun.malhotra.1809@example.com,46,Male,Kolkata,Basic,2024-12-28,19,1399.15,1454.79,26310.55,5.5,12.2,7.9,1,8,44.6,12.6,4,1,18.0,0,0,3,0,73365.52
CUST-1810,Aditya Bose,aditya.bose.1810@example.com,36,Male,Chandigarh,Basic,2025-10-29,9,1817.0,1889.25,16184.88,2.7,6.0,5.5,6,4,30.6,47.5,0,0,27.8,0,1,5,0,87671.76
CUST-1811,Nikhil Saxena,nikhil.saxena.1811@example.com,43,Male,Chandigarh,Standard,2022-07-25,48,3615.02,3758.77,171737.08,4.2,9.4,21.8,2,8,-16.8,82.4,2,0,25.1,0,0,4,0,260226.41
CUST-1812,Manish Pandey,manish.pandey.1812@example.com,24,Female,Chandigarh,Basic,2025-06-13,13,1349.97,1403.65,17369.19,5.8,12.9,2.0,2,10,-37.4,14.1,2,1,1.0,0,1,5,0,75291.31
CUST-1813,Priya Kapoor,priya.kapoor.1813@example.com,40,Male,Hyderabad,Basic,2025-04-09,15,1782.88,1853.78,26468.27,2.7,6.0,16.3,12,4,21.5,66.4,0,0,1.0,2,0,3,0,86362.74
CUST-1814,Neha Bose,neha.bose.1814@example.com,55,Male,Chennai,Standard,2025-12-12,7,4994.29,5192.89,34600.62,3.4,7.6,24.5,1,1,-20.3,30.7,5,2,11.3,1,1,3,1,125216.74
CUST-1815,Harsh Nair,harsh.nair.1815@example.com,56,Female,Jaipur,Standard,2024-12-30,19,4616.79,4800.38,86817.21,3.0,6.7,10.4,0,4,-11.4,32.7,2,0,19.6,0,0,5,0,210904.18
CUST-1816,Amit Kapoor,amit.kapoor.1816@example.com,22,Female,Delhi NCR,Basic,2025-09-16,10,1357.11,1411.08,13431.58,5.1,11.4,32.9,3,5,-31.7,13.8,3,2,19.0,1,0,2,1,17515.94
CUST-1817,Nikhil Das,nikhil.das.1817@example.com,42,Male,Jaipur,Enterprise,2026-06-23,1,24482.56,25456.1,24230.87,4.9,10.9,35.1,5,10,17.0,23.9,3,1,36.5,2,0,3,0,1200000.0
CUST-1818,Neha Kapoor,neha.kapoor.1818@example.com,50,Female,Hyderabad,Basic,2025-05-19,14,1858.97,1932.89,25758.02,3.1,6.9,10.8,9,8,-20.1,57.5,2,1,10.9,0,1,5,0,102403.05
CUST-1819,Amit Chauhan,amit.chauhan.1819@example.com,27,Female,Pune,Premium,2024-06-29,25,10645.92,11069.25,263411.86,4.9,10.9,18.7,11,10,-3.0,60.5,3,2,34.1,0,0,2,0,751654.42
CUST-1820,Rahul Kumar,rahul.kumar.1820@example.com,58,Male,Kolkata,Basic,2026-04-02,4,1646.47,1711.94,6518.17,0.2,0.5,32.9,8,6,-2.5,47.7,4,0,3.8,0,1,5,0,70404.75
CUST-1821,Tara Saxena,tara.saxena.1821@example.com,22,Male,Chennai,Standard,2026-03-12,4,3930.62,4086.92,15560.84,6.0,13.4,22.0,7,10,3.1,30.0,1,0,22.9,0,0,4,0,203326.63
CUST-1822,Kavya Sharma,kavya.sharma.1822@example.com,22,Male,Chandigarh,Basic,2025-05-19,14,1356.64,1410.59,18797.7,6.1,13.6,6.7,8,5,16.5,15.5,2,0,12.2,2,0,4,0,63711.4
CUST-1823,Rajesh Reddy,rajesh.reddy.1823@example.com,48,Female,Ahmedabad,Basic,2024-07-24,24,1360.04,1414.12,32305.39,3.1,6.9,20.4,2,3,-8.8,43.5,1,0,10.6,0,1,4,0,60608.11
CUST-1824,Swati Chopra,swati.chopra.1824@example.com,42,Female,Ahmedabad,Basic,2026-02-11,5,1670.18,1736.59,8265.05,2.7,6.0,12.6,3,4,-22.8,33.2,2,0,7.7,0,0,4,0,64474.37
CUST-1825,Tanvi Chopra,tanvi.chopra.1825@example.com,37,Female,Ahmedabad,Standard,2023-05-13,38,3629.66,3773.99,136509.12,4.1,9.1,34.2,7,6,-54.1,47.1,1,0,2.7,0,0,5,0,221434.66
CUST-1826,Nikhil Kapoor,nikhil.kapoor.1826@example.com,47,Male,Delhi NCR,Standard,2023-06-17,37,4989.83,5188.25,182725.68,2.3,5.1,28.7,0,6,0.9,34.3,3,2,36.3,0,0,3,0,300358.59
CUST-1827,Shreya Singh,shreya.singh.1827@example.com,37,Male,Chandigarh,Basic,2026-03-18,4,1445.31,1502.78,5721.81,2.6,5.8,18.5,2,6,-6.4,34.9,1,1,15.8,0,0,2,0,52657.35
CUST-1828,Siddharth Kumar,siddharth.kumar.1828@example.com,49,Male,Chennai,Enterprise,2026-02-10,5,28717.54,29859.49,142111.55,4.8,10.7,23.6,3,2,-21.9,45.8,3,1,52.7,0,0,3,0,1163058.4
CUST-1829,Divya Mishra,divya.mishra.1829@example.com,22,Male,Kolkata,Basic,2025-02-23,17,1430.45,1487.33,24067.65,5.9,13.1,7.6,5,8,-0.2,50.5,0,0,35.1,0,0,5,0,88469.06
CUST-1830,Varun Gupta,varun.gupta.1830@example.com,57,Female,Jaipur,Standard,2022-12-10,43,4355.04,4528.22,185341.52,4.9,10.9,13.7,4,8,22.0,71.4,3,0,12.8,0,0,4,0,280326.04
CUST-1831,Vikram Gupta,vikram.gupta.1831@example.com,31,Female,Chandigarh,Basic,2025-01-13,18,1391.39,1446.72,24787.54,10.3,22.9,39.1,9,6,29.1,33.9,2,0,11.1,1,0,4,0,68035.7
CUST-1832,Rohan Pandey,rohan.pandey.1832@example.com,38,Male,Chandigarh,Standard,2025-10-16,9,4672.32,4858.11,41618.58,6.8,15.1,22.6,4,4,-45.0,55.1,2,0,13.7,2,0,4,0,212673.57
CUST-1833,Neha Iyer,neha.iyer.1833@example.com,44,Male,Hyderabad,Premium,2026-04-23,3,9941.4,10336.72,29517.59,5.7,12.7,32.2,17,2,-12.1,85.3,1,0,34.0,0,0,3,0,365888.01
CUST-1834,Sanjay Kapoor,sanjay.kapoor.1834@example.com,28,Male,Pune,Standard,2025-10-14,9,3719.7,3867.61,33133.14,5.7,12.7,24.6,3,6,24.9,55.7,3,2,57.2,0,0,2,0,158670.41
CUST-1835,Tanvi Gupta,tanvi.gupta.1835@example.com,28,Male,Ahmedabad,Basic,2025-05-26,14,1794.31,1865.66,24862.09,4.4,9.8,36.5,5,6,42.7,69.9,1,0,1.0,0,1,5,0,96997.82
CUST-1836,Aditya Kapoor,aditya.kapoor.1836@example.com,36,Male,Bengaluru,Basic,2026-01-13,6,1636.09,1701.15,9715.62,5.3,11.8,2.0,0,10,-24.9,27.1,3,1,40.0,0,0,2,0,70818.86
CUST-1837,Varun Pandey,varun.pandey.1837@example.com,55,Male,Chennai,Premium,2025-09-27,10,11001.79,11439.27,108886.86,4.6,10.2,19.9,2,3,36.6,24.7,0,0,12.5,0,1,5,0,453143.17
CUST-1838,Priya Chopra,priya.chopra.1838@example.com,25,Male,Hyderabad,Basic,2026-06-01,2,1830.01,1902.78,3622.39,6.4,14.2,40.1,15,2,-39.8,38.2,3,1,14.1,1,0,2,1,5947.55
CUST-1839,Varun Bhatia,varun.bhatia.1839@example.com,35,Male,Pune,Standard,2025-10-18,9,4887.49,5081.84,43535.2,3.6,8.0,32.5,3,4,30.2,40.7,3,0,29.4,0,1,4,0,205649.29
CUST-1840,Deepak Reddy,deepak.reddy.1840@example.com,35,Male,Pune,Basic,2026-05-17,2,1389.91,1445.18,2751.24,3.5,7.8,36.6,2,8,-9.9,67.7,0,0,17.0,0,0,5,0,62551.08
CUST-1841,Divya Deshmukh,divya.deshmukh.1841@example.com,37,Male,Mumbai,Basic,2026-06-23,1,1412.56,1468.73,1398.04,6.7,14.9,21.9,5,5,41.8,24.5,1,0,32.4,0,0,3,1,54654.22
CUST-1842,Sanjay Gupta,sanjay.gupta.1842@example.com,28,Female,Ahmedabad,Basic,2024-03-13,28,1867.3,1941.55,51746.89,3.2,7.1,16.1,0,3,-15.0,39.9,0,0,27.4,0,1,4,0,95613.85
CUST-1843,Rahul Reddy,rahul.reddy.1843@example.com,53,Male,Mumbai,Premium,2026-03-13,4,9634.87,10018.0,38143.27,2.2,4.9,10.7,5,5,-10.7,67.8,1,1,28.0,2,0,3,0,340996.78
CUST-1844,Arjun Bose,arjun.bose.1844@example.com,40,Female,Hyderabad,Premium,2025-07-12,12,8849.39,9201.28,105100.97,2.6,5.8,9.9,2,9,-5.7,47.2,3,1,43.5,0,0,3,0,421604.79
CUST-1845,Varun Kumar,varun.kumar.1845@example.com,23,Male,Pune,Standard,2026-05-01,3,4676.36,4862.31,13884.85,5.8,12.9,30.9,3,8,-45.0,41.7,4,2,30.2,0,1,3,0,199729.86
CUST-1846,Pooja Das,pooja.das.1846@example.com,31,Male,Bengaluru,Basic,2026-02-22,5,1487.76,1546.92,7362.33,9.8,21.8,27.6,11,10,-51.3,47.7,2,0,2.8,0,0,5,0,74360.27
CUST-1847,Shreya Bhatia,shreya.bhatia.1847@example.com,38,Male,Chennai,Standard,2025-12-31,7,4616.95,4800.54,31986.4,2.3,5.1,21.3,8,7,12.3,14.9,0,0,39.0,1,0,4,0,220797.67
CUST-1848,Rahul Kumar,rahul.kumar.1848@example.com,58,Male,Mumbai,Standard,2026-04-15,3,4771.01,4960.73,14165.88,5.6,12.5,27.6,4,4,25.7,14.5,3,1,21.2,0,0,4,0,193620.13
CUST-1849,Kavya Bose,kavya.bose.1849@example.com,33,Female,Pune,Standard,2026-06-21,1,4696.79,4883.56,4648.5,4.5,10.0,23.6,6,2,15.0,3.9,1,0,18.1,1,0,5,0,208238.15
CUST-1850,Rajesh Das,rajesh.das.1850@example.com,27,Male,Chennai,Basic,2024-01-18,30,1492.88,1552.24,44325.97,6.6,14.7,32.6,10,9,-37.1,47.0,2,0,9.3,0,1,5,0,90598.79
CUST-1851,Shreya Bose,shreya.bose.1851@example.com,43,Female,Ahmedabad,Enterprise,2026-06-12,1,26013.12,27047.53,25745.69,5.5,12.2,32.5,10,3,11.4,64.1,2,0,17.2,0,1,4,0,1172628.91
CUST-1852,Vikram Sharma,vikram.sharma.1852@example.com,53,Female,Jaipur,Standard,2026-06-08,1,4177.51,4343.63,4134.56,6.7,14.9,10.3,1,6,-29.7,60.4,2,0,19.8,0,0,4,0,188760.41
CUST-1853,Rohan Chauhan,rohan.chauhan.1853@example.com,41,Female,Chennai,Enterprise,2024-08-13,23,26797.57,27863.17,610007.78,4.8,10.7,25.0,2,7,9.4,69.4,0,0,2.7,0,1,5,0,1200000.0
CUST-1854,Deepak Joshi,deepak.joshi.1854@example.com,22,Female,Pune,Basic,2026-02-25,5,1436.91,1494.05,7110.69,2.4,5.3,3.6,3,3,29.7,76.9,1,1,10.9,0,0,5,0,64993.24
CUST-1855,Harsh Bhatia,harsh.bhatia.1855@example.com,27,Female,Hyderabad,Basic,2025-01-14,18,1586.49,1649.58,28263.24,2.8,6.2,23.5,1,3,8.3,45.5,1,0,5.4,0,1,3,0,75023.85
CUST-1856,Karan Joshi,karan.joshi.1856@example.com,40,Male,Mumbai,Basic,2026-04-20,3,1617.08,1681.38,4801.37,4.6,10.2,28.6,0,3,39.1,40.4,1,1,22.5,0,0,3,0,67021.86
CUST-1857,Karan Chauhan,karan.chauhan.1857@example.com,39,Female,Mumbai,Premium,2026-03-30,4,9773.8,10162.45,38693.28,5.2,11.6,7.5,1,3,-6.2,77.4,1,1,29.2,0,0,3,0,416476.27
CUST-1858,Rhea Chauhan,rhea.chauhan.1858@example.com,27,Male,Kolkata,Basic,2025-07-22,12,1779.26,1850.01,21131.62,3.4,7.6,17.4,12,3,-8.1,25.2,4,1,39.6,0,0,3,1,65176.01
CUST-1859,Siddharth Chopra,siddharth.chopra.1859@example.com,54,Male,Pune,Premium,2022-07-26,48,9728.52,10115.37,462168.28,8.4,18.7,22.1,5,7,-0.1,13.7,2,1,53.4,0,0,4,0,614585.29
CUST-1860,Neha Bose,neha.bose.1860@example.com,44,Male,Kolkata,Premium,2026-06-01,2,8825.99,9176.95,17470.51,6.2,13.8,24.6,3,5,-39.6,33.9,2,1,26.2,0,0,4,0,299208.63
CUST-1861,Amit Joshi,amit.joshi.1861@example.com,44,Female,Bengaluru,Standard,2025-11-16,8,4527.25,4707.28,35845.66,0.2,0.5,18.9,7,4,-13.3,31.1,3,1,18.6,1,1,4,0,159226.38
CUST-1862,Pooja Malhotra,pooja.malhotra.1862@example.com,47,Female,Bengaluru,Standard,2026-07-02,1,4715.06,4902.55,4666.59,3.9,8.7,9.1,10,6,-10.8,43.2,2,1,1.0,0,0,5,0,213592.26
CUST-1863,Shreya Sharma,shreya.sharma.1863@example.com,34,Male,Pune,Premium,2026-03-30,4,9105.01,9467.07,36045.62,2.0,4.5,21.4,3,8,-10.0,21.6,4,0,19.1,0,0,4,0,449886.58
CUST-1864,Neha Bose,neha.bose.1864@example.com,28,Female,Mumbai,Standard,2023-09-19,34,4502.3,4681.33,151504.48,8.2,18.3,3.8,4,2,5.5,50.9,4,1,22.0,0,1,3,0,212699.35
CUST-1865,Manish Reddy,manish.reddy.1865@example.com,36,Male,Ahmedabad,Standard,2026-05-14,2,3804.76,3956.06,7531.29,0.2,0.5,19.4,0,3,-43.4,28.3,0,0,11.7,0,0,4,0,134101.76
CUST-1866,Harsh Iyer,harsh.iyer.1866@example.com,48,Male,Delhi NCR,Standard,2024-04-02,28,4077.68,4239.83,113001.26,5.1,11.4,17.1,6,2,-34.1,71.5,2,0,8.1,0,0,4,0,192427.88
CUST-1867,Ananya Chauhan,ananya.chauhan.1867@example.com,47,Male,Bengaluru,Premium,2026-04-13,3,10962.84,11398.78,32550.41,4.5,10.0,20.5,3,7,29.7,13.3,2,2,24.5,0,0,2,0,453239.18
CUST-1868,Rahul Das,rahul.das.1868@example.com,54,Male,Mumbai,Basic,2024-03-19,28,1827.22,1899.88,50636.19,5.9,13.1,15.8,4,2,-58.2,38.7,1,0,19.9,3,1,4,1,58827.42
CUST-1869,Kavya Deshmukh,kavya.deshmukh.1869@example.com,36,Male,Chandigarh,Enterprise,2025-08-30,11,27532.99,28627.83,299749.31,4.9,10.9,5.4,4,5,15.3,34.0,0,0,23.7,0,0,4,0,1200000.0
CUST-1870,Arjun Bose,arjun.bose.1870@example.com,57,Male,Chandigarh,Basic,2024-01-20,30,1717.59,1785.89,50997.97,8.5,18.9,18.0,7,10,-12.5,47.5,0,0,15.7,0,1,3,0,109160.41
CUST-1871,Sneha Rao,sneha.rao.1871@example.com,48,Female,Kolkata,Basic,2026-04-15,3,1797.16,1868.62,5336.05,6.1,13.6,32.2,6,9,2.5,64.2,3,3,49.4,0,1,3,0,98235.41
CUST-1872,Pooja Deshmukh,pooja.deshmukh.1872@example.com,26,Male,Chennai,Basic,2024-10-20,21,1852.0,1925.64,38492.17,0.3,0.7,35.9,4,8,41.6,48.4,0,0,31.4,1,0,4,0,93320.95
CUST-1873,Amit Kapoor,amit.kapoor.1873@example.com,23,Male,Ahmedabad,Basic,2025-03-24,16,1606.12,1669.99,25433.73,7.1,15.8,48.8,0,8,-5.7,38.9,1,0,14.9,1,1,5,0,83443.75
CUST-1874,Rhea Rao,rhea.rao.1874@example.com,54,Female,Kolkata,Premium,2025-08-13,11,9867.87,10260.26,107430.66,4.6,10.2,40.6,7,3,15.5,58.6,2,1,38.7,2,0,2,1,433543.63
CUST-1875,Aditya Saxena,aditya.saxena.1875@example.com,37,Female,Chandigarh,Enterprise,2024-07-10,24,26135.82,27175.11,620811.13,7.2,16.0,8.8,15,1,-0.4,62.2,2,1,12.6,1,0,4,1,1200000.0
CUST-1876,Shreya Agarwal,shreya.agarwal.1876@example.com,44,Male,Ahmedabad,Premium,2025-04-26,15,8325.82,8656.89,123603.4,3.5,7.8,17.5,11,2,-5.1,48.5,1,1,27.5,0,0,5,0,384646.36
CUST-1877,Aditi Agarwal,aditi.agarwal.1877@example.com,59,Male,Delhi NCR,Enterprise,2024-01-08,30,26198.48,27240.26,777874.39,2.0,4.5,21.7,29,7,-8.5,51.3,2,0,11.4,0,0,4,0,1200000.0
CUST-1878,Vikram Verma,vikram.verma.1878@example.com,37,Female,Chennai,Basic,2025-12-25,7,1763.9,1834.04,12220.36,1.6,3.6,21.1,1,4,17.6,57.5,0,0,21.9,0,1,5,0,83356.16
CUST-1879,Harsh Mehta,harsh.mehta.1879@example.com,35,Female,Kolkata,Basic,2025-07-02,13,1771.38,1841.82,22791.2,6.4,14.2,22.8,1,10,-22.5,2.5,1,0,1.0,0,1,4,0,91466.13
CUST-1880,Vikram Sharma,vikram.sharma.1880@example.com,50,Male,Chandigarh,Standard,2024-02-15,29,4848.12,5040.9,139150.09,5.9,13.1,48.5,5,5,-33.7,33.6,1,1,38.1,0,0,3,0,228474.21
CUST-1881,Ananya Mehta,ananya.mehta.1881@example.com,47,Male,Bengaluru,Premium,2026-03-22,4,8261.2,8589.71,32705.08,3.0,6.7,10.1,2,1,0.1,51.0,5,4,47.4,0,0,2,1,87477.4
CUST-1882,Nikhil Agarwal,nikhil.agarwal.1882@example.com,56,Female,Bengaluru,Basic,2025-09-14,10,1625.67,1690.31,16089.57,0.2,0.5,14.2,0,2,3.4,35.0,2,0,21.2,2,0,3,0,59654.4
CUST-1883,Sneha Iyer,sneha.iyer.1883@example.com,36,Male,Kolkata,Enterprise,2022-09-10,46,23439.03,24371.08,1067110.98,6.5,14.5,40.1,3,9,-53.1,35.1,2,1,14.6,2,0,3,0,1200000.0
CUST-1884,Divya Bhatia,divya.bhatia.1884@example.com,24,Other,Delhi NCR,Standard,2025-10-21,9,3880.07,4034.36,34561.63,0.2,0.5,15.2,2,6,-2.3,51.0,4,1,44.0,0,0,5,0,190910.4
CUST-1885,Arjun Rao,arjun.rao.1885@example.com,44,Male,Delhi NCR,Enterprise,2026-02-11,5,30375.68,31583.56,150317.01,8.8,19.6,26.3,2,7,-36.4,51.5,2,1,28.1,0,0,3,0,1200000.0
CUST-1886,Aarav Chauhan,aarav.chauhan.1886@example.com,50,Female,Pune,Standard,2025-12-24,7,4294.43,4465.2,29751.97,1.2,2.7,33.4,22,5,15.6,53.2,0,0,11.4,1,0,4,0,176638.87
CUST-1887,Isha Saxena,isha.saxena.1887@example.com,55,Male,Chennai,Standard,2024-01-01,31,4660.8,4846.14,142999.42,4.2,9.4,27.4,2,9,-52.5,23.0,1,1,1.0,0,1,5,0,304141.94
CUST-1888,Tanvi Kapoor,tanvi.kapoor.1888@example.com,54,Male,Mumbai,Premium,2022-11-20,44,8301.89,8632.01,361527.86,4.7,10.5,24.1,1,10,51.9,8.0,1,1,19.8,1,0,3,0,567388.06
CUST-1889,Manish Sharma,manish.sharma.1889@example.com,44,Female,Delhi NCR,Premium,2023-01-30,42,9411.96,9786.23,391238.41,5.0,11.1,32.3,1,5,-11.5,61.3,1,0,1.0,0,0,5,0,597864.03
CUST-1890,Rajesh Joshi,rajesh.joshi.1890@example.com,28,Male,Chennai,Basic,2025-02-17,17,1702.84,1770.55,28650.68,4.9,10.9,12.2,12,6,-26.2,24.2,0,0,17.5,0,1,4,0,83785.91
CUST-1891,Rahul Bhatia,rahul.bhatia.1891@example.com,24,Female,Delhi NCR,Enterprise,2025-09-15,10,23666.36,24607.45,234230.58,4.5,10.0,16.5,9,10,-9.9,22.5,2,0,23.1,0,0,4,0,1200000.0
CUST-1892,Sanjay Rao,sanjay.rao.1892@example.com,53,Male,Pune,Premium,2026-04-14,3,9125.31,9488.18,27094.49,3.3,7.3,27.9,1,9,13.6,20.4,2,1,32.5,1,0,2,0,449272.98
CUST-1893,Arjun Gupta,arjun.gupta.1893@example.com,52,Male,Jaipur,Basic,2026-05-28,2,1382.97,1437.96,2737.5,3.7,8.2,2.0,1,5,22.9,69.6,2,1,13.7,0,0,4,0,60231.39
CUST-1894,Priya Reddy,priya.reddy.1894@example.com,39,Male,Delhi NCR,Basic,2026-06-24,1,1690.83,1758.07,1673.45,2.8,6.2,37.6,10,4,-9.7,47.1,1,1,16.4,0,0,5,0,74525.23
CUST-1895,Priya Verma,priya.verma.1895@example.com,28,Female,Chennai,Standard,2026-06-16,1,4958.01,5155.16,4907.04,4.4,9.8,25.3,2,5,-42.3,50.2,4,1,22.9,0,0,4,0,150337.14
CUST-1896,Ananya Gupta,ananya.gupta.1896@example.com,22,Male,Pune,Standard,2024-01-18,30,4756.67,4945.82,141233.07,0.5,1.1,23.7,29,5,-35.9,58.5,2,0,9.4,0,0,4,0,230605.31
CUST-1897,Tara Singh,tara.singh.1897@example.com,35,Male,Pune,Premium,2024-07-29,24,11168.82,11612.95,265295.97,4.9,10.9,4.1,5,5,6.0,41.0,6,1,4.1,0,0,3,0,554392.03
CUST-1898,Rajesh Verma,rajesh.verma.1898@example.com,53,Male,Chennai,Basic,2025-07-16,12,1792.75,1864.04,21291.84,4.0,8.9,7.8,1,1,25.6,66.3,2,1,16.6,0,0,3,0,77861.07
CUST-1899,Nikhil Bhatia,nikhil.bhatia.1899@example.com,27,Female,Chennai,Standard,2022-07-12,48,4796.07,4986.78,227844.67,6.0,13.4,17.6,14,5,29.3,13.3,1,0,20.8,0,1,4,0,289465.49
CUST-1900,Harsh Kumar,harsh.kumar.1900@example.com,31,Female,Bengaluru,Standard,2022-12-30,43,4406.95,4582.19,187550.71,3.6,8.0,30.9,2,5,2.7,15.9,0,0,10.5,1,0,3,0,262021.0
CUST-1901,Neha Bose,neha.bose.1901@example.com,28,Male,Jaipur,Basic,2025-04-12,15,1621.0,1685.46,24065.03,5.5,12.2,2.0,2,1,25.1,14.6,0,0,13.2,0,0,5,0,67571.9
CUST-1902,Isha Singh,isha.singh.1902@example.com,47,Male,Pune,Standard,2025-10-09,9,4167.71,4333.44,37123.77,5.4,12.0,30.7,2,4,51.5,52.1,3,1,17.8,1,1,5,0,198456.17
CUST-1903,Rahul Das,rahul.das.1903@example.com,55,Female,Bengaluru,Basic,2026-05-01,3,1778.31,1849.02,5280.08,3.9,8.7,18.0,10,8,31.3,54.2,1,0,44.1,0,0,5,0,85513.29
CUST-1904,Aditya Agarwal,aditya.agarwal.1904@example.com,51,Male,Ahmedabad,Basic,2025-08-14,11,1444.62,1502.07,15727.45,4.9,10.9,19.5,1,4,23.8,30.7,2,0,17.5,0,1,4,0,70508.38
CUST-1905,Pooja Bhatia,pooja.bhatia.1905@example.com,57,Female,Kolkata,Standard,2026-04-28,3,3677.8,3824.05,10919.97,1.4,3.1,24.8,3,7,-24.6,36.4,2,2,34.7,0,0,2,1,135729.56
CUST-1906,Shreya Mishra,shreya.mishra.1906@example.com,42,Female,Kolkata,Enterprise,2025-11-28,8,30792.84,32017.31,243810.19,7.0,15.6,25.0,0,6,25.0,72.4,1,1,17.1,2,1,2,0,1200000.0
CUST-1907,Nikhil Gupta,nikhil.gupta.1907@example.com,38,Female,Pune,Basic,2023-02-28,41,1351.08,1404.81,54824.8,3.1,6.9,14.2,13,5,10.9,25.3,1,0,21.7,0,0,5,0,84242.71
CUST-1908,Rahul Reddy,rahul.reddy.1908@example.com,54,Male,Bengaluru,Standard,2026-01-13,6,4966.32,5163.8,29491.58,3.8,8.5,28.9,3,9,16.2,49.1,4,1,25.2,0,0,4,0,263411.48
CUST-1909,Simran Patel,simran.patel.1909@example.com,31,Female,Jaipur,Basic,2026-04-20,3,1731.49,1800.34,5141.07,2.0,4.5,2.0,2,8,33.3,25.5,3,2,11.1,0,0,3,0,94180.99
CUST-1910,Rohan Saxena,rohan.saxena.1910@example.com,33,Female,Jaipur,Basic,2025-06-17,13,1521.45,1581.95,19575.51,2.6,5.8,17.0,6,5,8.0,68.3,0,0,34.0,1,0,4,0,78750.06
CUST-1911,Arjun Nair,arjun.nair.1911@example.com,37,Female,Ahmedabad,Standard,2025-06-21,13,4575.8,4757.76,58873.86,7.7,17.1,23.7,9,10,-4.9,57.1,5,1,22.7,0,0,4,0,253977.31
CUST-1912,Arjun Chopra,arjun.chopra.1912@example.com,53,Male,Pune,Premium,2026-03-25,4,10675.12,11099.61,42261.5,4.5,10.0,18.2,12,7,-32.0,8.4,5,3,46.4,2,1,1,1,64389.07
CUST-1913,Rhea Verma,rhea.verma.1913@example.com,36,Male,Delhi NCR,Basic,2026-03-10,4,1477.83,1536.6,5850.55,3.6,8.0,2.0,3,9,-10.3,35.7,0,0,8.4,1,0,3,0,79076.86
CUST-1914,Tara Nair,tara.nair.1914@example.com,48,Male,Ahmedabad,Enterprise,2022-07-19,48,29244.17,30407.06,1389289.2,3.6,8.0,30.3,12,7,4.0,0.0,2,0,21.4,0,0,5,0,1200000.0
CUST-1915,Simran Patel,simran.patel.1915@example.com,49,Male,Bengaluru,Basic,2026-03-20,4,1771.11,1841.54,7011.61,4.2,9.4,8.3,4,3,5.8,63.6,1,1,32.0,0,0,5,0,74934.34
CUST-1916,Shreya Malhotra,shreya.malhotra.1916@example.com,38,Female,Delhi NCR,Premium,2024-05-12,26,8884.48,9237.77,228621.72,5.7,12.7,21.3,0,10,4.8,91.1,2,1,6.4,0,1,5,0,480849.62
CUST-1917,Tanvi Chauhan,tanvi.chauhan.1917@example.com,23,Male,Kolkata,Premium,2025-11-01,9,8231.15,8558.46,73318.77,4.6,10.2,23.7,14,5,24.9,0.0,3,1,30.3,0,1,4,0,370810.17
CUST-1918,Tara Verma,tara.verma.1918@example.com,57,Male,Hyderabad,Standard,2025-11-12,8,3884.8,4039.28,30758.9,4.7,10.5,22.2,5,9,22.2,7.7,2,1,22.7,0,1,4,0,224135.6
CUST-1919,Sneha Kapoor,sneha.kapoor.1919@example.com,28,Male,Kolkata,Basic,2026-02-08,5,1454.37,1512.2,7197.09,2.3,5.1,34.9,6,9,-3.7,46.0,4,0,3.7,0,0,4,0,67170.79
CUST-1920,Harsh Gupta,harsh.gupta.1920@example.com,34,Female,Pune,Standard,2024-10-12,21,3690.41,3837.16,76701.88,3.6,8.0,21.4,20,8,-25.7,41.6,1,0,36.1,1,0,4,0,208416.08
CUST-1921,Rajesh Joshi,rajesh.joshi.1921@example.com,36,Female,Chennai,Standard,2024-01-29,30,4615.26,4798.79,137034.38,4.5,10.0,26.7,6,6,8.7,32.1,0,0,4.8,0,0,4,0,222513.56
CUST-1922,Amit Patel,amit.patel.1922@example.com,46,Male,Kolkata,Premium,2026-02-22,5,9295.89,9665.54,46001.62,4.1,9.1,21.4,0,7,60.9,0.3,0,0,18.8,0,0,4,0,491331.67
CUST-1923,Rahul Kumar,rahul.kumar.1923@example.com,44,Male,Chandigarh,Standard,2026-05-10,2,4836.93,5029.27,9574.41,3.3,7.3,28.7,15,7,7.0,49.8,1,0,1.1,0,0,5,0,209817.36
CUST-1924,Aarav Sharma,aarav.sharma.1924@example.com,43,Male,Kolkata,Standard,2026-04-14,3,3952.05,4109.2,11734.26,3.1,6.9,37.3,2,1,-10.3,63.3,4,2,18.8,1,1,3,0,105478.69
CUST-1925,Rohan Deshmukh,rohan.deshmukh.1925@example.com,47,Female,Kolkata,Premium,2024-08-19,23,9526.62,9905.44,216859.67,5.1,11.4,23.5,5,8,13.0,100.0,2,0,28.7,0,0,2,0,591637.57
CUST-1926,Arjun Bose,arjun.bose.1926@example.com,54,Female,Kolkata,Enterprise,2025-10-11,9,28090.28,29207.29,250213.48,5.2,11.6,30.6,1,6,14.7,73.4,2,0,11.8,0,0,4,0,1200000.0
CUST-1927,Tara Rao,tara.rao.1927@example.com,32,Female,Kolkata,Standard,2026-05-22,2,4827.24,5019.19,9555.23,6.3,14.0,38.0,2,7,14.4,10.8,3,0,33.3,0,0,4,0,241042.02
CUST-1928,Simran Iyer,simran.iyer.1928@example.com,31,Male,Delhi NCR,Premium,2026-01-28,6,9751.47,10139.24,57907.32,4.6,10.2,36.9,8,10,36.4,41.7,4,2,27.1,0,0,3,0,539236.42
CUST-1929,Sanjay Chopra,sanjay.chopra.1929@example.com,46,Female,Delhi NCR,Standard,2025-08-26,11,4121.9,4285.81,44874.77,0.2,0.5,17.8,4,10,8.8,56.2,1,1,18.5,0,0,4,0,246179.77
CUST-1930,Rajesh Kapoor,rajesh.kapoor.1930@example.com,58,Male,Kolkata,Standard,2024-04-17,27,4812.62,5003.99,128604.88,9.2,20.5,33.4,7,2,35.1,25.5,0,0,6.9,0,1,5,0,253398.52
CUST-1931,Tara Deshmukh,tara.deshmukh.1931@example.com,59,Female,Mumbai,Standard,2025-05-02,15,4033.34,4193.73,59878.13,4.2,9.4,24.7,13,7,4.4,60.7,3,0,10.1,1,0,4,0,205611.75
CUST-1932,Manish Pandey,manish.pandey.1932@example.com,45,Male,Mumbai,Premium,2026-04-19,3,8349.26,8681.27,24790.28,3.3,7.3,34.3,3,8,40.3,58.9,1,0,23.4,2,1,4,0,445003.0
CUST-1933,Sanjay Nair,sanjay.nair.1933@example.com,54,Female,Delhi NCR,Basic,2026-04-18,3,1582.59,1645.52,4698.96,4.1,9.1,28.3,6,5,31.8,71.7,4,2,33.0,1,0,1,1,55709.38
CUST-1934,Meera Chopra,meera.chopra.1934@example.com,38,Female,Hyderabad,Standard,2025-11-20,8,4697.96,4884.77,37197.3,3.4,7.6,25.0,11,1,23.8,61.3,0,0,12.3,0,1,5,0,192779.92
CUST-1935,Aarav Mishra,aarav.mishra.1935@example.com,45,Female,Chennai,Standard,2026-05-22,2,3642.18,3787.01,7209.47,2.5,5.6,26.8,9,6,20.1,48.8,3,1,32.3,0,1,4,0,186631.68
CUST-1936,Ananya Kumar,ananya.kumar.1936@example.com,58,Female,Ahmedabad,Basic,2024-11-26,20,1656.48,1722.35,32789.01,5.5,12.2,24.8,5,3,62.4,26.7,2,1,30.6,0,1,4,0,81508.68
CUST-1937,Varun Agarwal,varun.agarwal.1937@example.com,23,Male,Chandigarh,Basic,2025-11-19,8,1660.99,1727.04,13151.31,3.9,8.7,25.2,3,5,28.1,11.0,3,1,20.6,0,1,4,0,75016.69
CUST-1938,Ananya Mehta,ananya.mehta.1938@example.com,53,Male,Chandigarh,Premium,2026-01-16,6,11023.68,11462.03,65462.11,4.0,8.9,20.3,3,9,-25.8,47.3,1,0,34.3,2,1,3,0,626855.99
CUST-1939,Shreya Patel,shreya.patel.1939@example.com,45,Female,Kolkata,Standard,2025-09-18,10,4000.05,4159.11,39589.27,0.2,0.5,19.2,4,7,4.9,32.3,3,1,5.5,0,0,5,0,199256.44
CUST-1940,Neha Bose,neha.bose.1940@example.com,30,Male,Hyderabad,Basic,2025-01-25,18,1495.39,1554.85,26640.3,3.7,8.2,41.4,3,8,-9.4,34.6,2,0,20.9,2,1,3,0,73222.79
CUST-1941,Arjun Deshmukh,arjun.deshmukh.1941@example.com,25,Male,Mumbai,Premium,2025-07-09,12,9486.47,9863.7,112667.33,1.9,4.2,27.3,9,6,55.8,68.9,2,1,22.5,0,0,3,0,411988.02
CUST-1942,Swati Gupta,swati.gupta.1942@example.com,38,Male,Mumbai,Premium,2024-08-17,23,9223.26,9590.02,209954.12,3.1,6.9,15.7,1,9,33.0,74.9,1,1,30.0,0,0,3,0,530627.16
CUST-1943,Arjun Chopra,arjun.chopra.1943@example.com,38,Female,Hyderabad,Standard,2025-05-11,14,4629.73,4813.83,64149.88,4.7,10.5,18.9,25,3,54.9,12.4,1,0,17.3,1,0,4,0,197138.83
CUST-1944,Harsh Nair,harsh.nair.1944@example.com,51,Male,Chennai,Basic,2024-09-24,22,1685.8,1752.84,36706.32,2.9,6.5,33.6,11,1,-23.3,36.9,1,0,19.2,1,0,4,0,70715.83
CUST-1945,Siddharth Joshi,siddharth.joshi.1945@example.com,32,Male,Delhi NCR,Enterprise,2025-02-18,17,29139.39,30298.11,490276.98,3.2,7.1,13.9,2,10,28.8,31.6,1,0,1.0,0,0,4,0,1200000.0
CUST-1946,Varun Verma,varun.verma.1946@example.com,42,Male,Chennai,Premium,2026-03-09,4,10681.94,11106.71,42288.5,4.4,9.8,5.7,0,4,-40.2,49.6,1,1,26.7,0,0,3,0,345492.15
CUST-1947,Divya Patel,divya.patel.1947@example.com,42,Male,Pune,Basic,2026-06-09,1,1833.34,1906.24,1814.49,3.1,6.9,6.5,9,8,-46.6,0.0,1,0,28.5,0,0,4,0,72371.31
CUST-1948,Isha Patel,isha.patel.1948@example.com,39,Female,Pune,Basic,2023-10-27,33,1575.19,1637.83,51446.88,2.0,4.5,3.0,9,6,-13.1,6.9,1,0,8.8,0,1,4,0,80453.61
CUST-1949,Varun Joshi,varun.joshi.1949@example.com,50,Other,Mumbai,Standard,2023-02-21,41,4977.33,5175.25,201972.58,0.6,1.3,7.7,24,7,40.3,39.2,2,2,44.0,0,0,2,0,302797.43
CUST-1950,Karan Rao,karan.rao.1950@example.com,45,Female,Ahmedabad,Standard,2024-12-30,19,3900.95,4056.07,73356.08,4.9,10.9,9.0,2,9,-29.8,60.9,2,0,11.8,0,0,5,0,220283.83
CUST-1951,Tara Gupta,tara.gupta.1951@example.com,31,Male,Pune,Basic,2024-12-19,19,1723.89,1792.44,32417.18,3.1,6.9,37.2,0,2,-2.5,43.8,0,0,8.9,0,0,4,0,76374.43
CUST-1952,Vikram Deshmukh,vikram.deshmukh.1952@example.com,38,Female,Mumbai,Standard,2026-02-12,5,4346.53,4519.37,21509.23,0.7,1.6,21.5,18,7,31.3,58.1,1,0,9.2,0,0,5,0,186788.39
CUST-1953,Priya Chauhan,priya.chauhan.1953@example.com,39,Male,Kolkata,Standard,2025-08-22,11,4742.47,4931.05,51630.86,6.8,15.1,18.0,2,4,21.7,46.7,1,1,11.7,0,1,4,0,205674.79
CUST-1954,Rohan Kumar,rohan.kumar.1954@example.com,41,Male,Jaipur,Premium,2022-07-30,48,9600.76,9982.53,456098.85,4.9,10.9,6.1,9,7,60.1,72.6,0,0,16.9,0,0,5,0,618193.89
CUST-1955,Nikhil Malhotra,nikhil.malhotra.1955@example.com,58,Female,Jaipur,Standard,2024-03-11,28,4696.34,4883.09,130145.66,1.7,3.8,20.4,0,8,-1.9,77.7,3,1,16.5,0,1,3,0,250890.32
CUST-1956,Tanvi Mishra,tanvi.mishra.1956@example.com,39,Female,Bengaluru,Standard,2026-01-19,6,4901.01,5095.9,29103.75,2.7,6.0,2.9,10,2,-14.4,23.7,1,0,9.4,0,1,4,0,190720.44
CUST-1957,Sanjay Mehta,sanjay.mehta.1957@example.com,38,Female,Kolkata,Enterprise,2026-01-22,6,28906.42,30055.88,171655.48,6.4,14.2,17.9,1,7,-32.6,63.2,4,1,15.8,0,1,4,0,1200000.0
CUST-1958,Rhea Sharma,rhea.sharma.1958@example.com,30,Female,Jaipur,Basic,2025-09-25,10,1756.28,1826.12,17382.25,3.8,8.5,44.7,8,8,-12.3,54.2,4,3,43.9,0,0,2,1,65762.73
CUST-1959,Siddharth Pandey,siddharth.pandey.1959@example.com,35,Male,Chennai,Basic,2025-11-15,8,1384.34,1439.39,10960.87,3.3,7.3,29.3,5,1,-32.9,100.0,2,0,1.0,0,0,4,0,48812.98
CUST-1960,Amit Reddy,amit.reddy.1960@example.com,50,Male,Bengaluru,Premium,2025-12-17,7,8744.64,9092.37,60583.18,5.8,12.9,19.7,23,10,-52.3,22.9,4,3,47.1,0,0,2,0,122889.7
CUST-1961,Manish Verma,manish.verma.1961@example.com,52,Female,Mumbai,Basic,2025-05-26,14,1860.27,1934.24,25776.04,3.8,8.5,29.7,0,5,53.0,39.2,1,1,30.0,0,0,2,0,99290.56
CUST-1962,Kavya Pandey,kavya.pandey.1962@example.com,25,Male,Hyderabad,Premium,2026-06-16,1,10282.4,10691.28,10176.69,6.8,15.1,16.3,2,9,-0.6,17.2,4,2,38.1,0,0,4,0,519177.42
CUST-1963,Siddharth Iyer,siddharth.iyer.1963@example.com,39,Male,Hyderabad,Basic,2024-10-20,21,1643.66,1709.02,34162.01,3.3,7.3,13.2,0,2,70.6,18.6,0,0,4.2,0,0,4,0,76520.11
CUST-1964,Rajesh Reddy,rajesh.reddy.1964@example.com,41,Female,Mumbai,Basic,2024-12-22,19,1541.63,1602.93,28989.84,3.0,6.7,40.7,15,6,-25.5,51.3,3,1,26.9,3,0,2,1,43033.29
CUST-1965,Aarav Mehta,aarav.mehta.1965@example.com,30,Female,Ahmedabad,Enterprise,2024-06-13,25,22887.49,23797.61,566304.87,4.2,9.4,9.4,6,2,-14.0,46.9,2,0,31.6,2,0,3,0,993358.09
CUST-1966,Varun Iyer,varun.iyer.1966@example.com,34,Male,Mumbai,Standard,2024-05-16,26,4115.76,4279.42,105909.65,6.2,13.8,18.1,5,3,-23.7,55.0,2,1,9.5,1,0,3,0,220454.16
CUST-1967,Isha Pandey,isha.pandey.1967@example.com,36,Female,Delhi NCR,Premium,2025-07-29,12,9670.5,10055.05,114852.99,4.7,10.5,25.4,1,6,-19.9,54.5,2,1,26.2,0,1,4,0,429120.25
CUST-1968,Isha Sharma,isha.sharma.1968@example.com,48,Female,Hyderabad,Basic,2024-09-27,22,1460.04,1518.1,31790.66,4.4,9.8,11.7,5,5,22.5,36.3,2,1,10.6,2,0,4,0,75299.4
CUST-1969,Rohan Sharma,rohan.sharma.1969@example.com,36,Female,Jaipur,Basic,2025-09-12,10,1439.94,1497.2,14251.37,2.5,5.6,29.2,3,4,13.9,36.2,1,0,12.7,1,0,4,0,59643.09
CUST-1970,Divya Rao,divya.rao.1970@example.com,49,Male,Chandigarh,Premium,2022-12-20,43,9700.43,10086.17,412830.3,2.2,4.9,18.6,2,7,22.5,18.7,1,1,23.6,0,0,3,0,570157.24
CUST-1971,Deepak Saxena,deepak.saxena.1971@example.com,58,Male,Bengaluru,Standard,2026-04-21,3,4419.16,4594.89,13121.19,6.2,13.8,29.3,11,3,35.6,25.2,0,0,8.4,0,0,5,0,196697.55
CUST-1972,Sanjay Bhatia,sanjay.bhatia.1972@example.com,40,Male,Ahmedabad,Standard,2023-08-30,35,3934.9,4091.37,136305.65,6.4,14.2,28.4,0,10,29.0,40.6,2,2,23.0,0,1,3,0,250452.26
CUST-1973,Karan Singh,karan.singh.1973@example.com,47,Male,Pune,Basic,2026-02-24,5,1657.27,1723.17,8201.16,6.4,14.2,19.3,7,7,-30.2,46.7,2,0,19.1,0,0,3,0,73712.86
CUST-1974,Neha Agarwal,neha.agarwal.1974@example.com,47,Male,Kolkata,Standard,2026-05-23,2,4859.26,5052.49,9618.61,5.9,13.1,40.8,12,9,-16.7,59.1,0,0,3.9,0,0,5,1,245777.59
CUST-1975,Pooja Patel,pooja.patel.1975@example.com,46,Male,Ahmedabad,Premium,2025-10-13,9,9589.43,9970.75,85417.61,5.1,11.4,14.7,17,2,1.4,56.6,2,0,22.2,0,0,5,0,416706.97
CUST-1976,Swati Kumar,swati.kumar.1976@example.com,47,Male,Pune,Premium,2025-06-01,14,10799.58,11229.02,149639.77,5.1,11.4,36.8,10,5,75.0,79.4,0,0,36.9,0,0,5,0,546660.62
CUST-1977,Divya Rao,divya.rao.1977@example.com,47,Female,Ahmedabad,Standard,2026-03-30,4,4896.96,5091.69,19386.47,4.5,10.0,34.9,2,1,19.6,18.7,3,1,8.7,1,0,2,0,142862.2
CUST-1978,Sneha Kumar,sneha.kumar.1978@example.com,49,Male,Chandigarh,Standard,2025-07-27,12,3728.42,3876.68,44281.08,5.4,12.0,41.5,6,7,1.0,36.4,3,2,15.9,2,0,2,0,116560.28
CUST-1979,Ananya Kapoor,ananya.kapoor.1979@example.com,39,Female,Ahmedabad,Standard,2024-08-02,24,3733.2,3881.65,88675.7,4.1,9.1,23.9,1,2,16.9,20.8,0,0,1.0,0,0,4,0,169337.46
CUST-1980,Neha Kapoor,neha.kapoor.1980@example.com,53,Female,Jaipur,Standard,2026-02-16,5,4265.4,4435.01,21107.75,5.4,12.0,13.3,0,5,-18.9,72.7,2,1,18.3,2,0,3,0,154236.64
CUST-1981,Meera Nair,meera.nair.1981@example.com,24,Male,Mumbai,Premium,2025-06-13,13,9951.42,10347.14,128038.49,6.1,13.6,44.8,7,1,5.3,29.9,2,0,26.3,1,0,4,0,436302.09
CUST-1982,Tara Iyer,tara.iyer.1982@example.com,23,Female,Delhi NCR,Basic,2026-01-10,6,1572.54,1635.07,9338.24,1.6,3.6,18.3,14,1,24.7,69.7,1,1,35.4,0,0,4,0,61936.33
CUST-1983,Varun Chauhan,varun.chauhan.1983@example.com,54,Female,Bengaluru,Basic,2025-08-09,11,1520.37,1580.83,16552.14,6.5,14.5,13.1,0,4,-2.8,76.9,1,1,29.1,0,0,4,0,72209.33
CUST-1984,Sneha Verma,sneha.verma.1984@example.com,40,Male,Hyderabad,Enterprise,2025-03-26,16,28107.57,29225.26,445097.76,4.1,9.1,19.9,0,7,-23.2,51.9,1,1,26.4,0,0,3,0,1200000.0
CUST-1985,Shreya Malhotra,shreya.malhotra.1985@example.com,38,Female,Pune,Basic,2025-12-08,7,1350.19,1403.88,9354.17,7.3,16.3,11.2,6,7,-4.2,49.0,1,0,31.3,0,0,4,0,58736.97
CUST-1986,Tara Saxena,tara.saxena.1986@example.com,54,Male,Bengaluru,Basic,2022-07-30,48,1857.0,1930.84,88219.64,6.9,15.4,27.8,1,8,-10.9,42.9,1,1,18.1,0,0,3,0,110660.46
CUST-1987,Priya Pandey,priya.pandey.1987@example.com,33,Female,Ahmedabad,Standard,2025-07-20,12,3923.93,4079.96,46603.08,2.0,4.5,15.3,7,9,-40.0,34.4,2,0,22.7,0,0,4,0,211186.83
CUST-1988,Shreya Joshi,shreya.joshi.1988@example.com,24,Male,Mumbai,Premium,2024-06-15,25,10987.64,11424.56,271867.04,4.2,9.4,18.8,1,4,-18.0,31.5,2,1,47.8,0,1,3,0,495075.53
CUST-1989,Sneha Nair,sneha.nair.1989@example.com,47,Female,Bengaluru,Standard,2024-12-30,19,3751.68,3900.86,70549.11,0.3,0.7,32.6,0,2,-41.0,38.5,2,0,30.8,2,0,4,0,159105.63
CUST-1990,Shreya Sharma,shreya.sharma.1990@example.com,56,Male,Mumbai,Standard,2024-05-02,27,3932.34,4088.71,105081.67,3.4,7.6,28.9,5,10,-36.6,85.8,5,3,26.5,0,0,2,0,212414.94
CUST-1991,Tara Mehta,tara.mehta.1991@example.com,29,Female,Pune,Enterprise,2026-04-08,3,24554.16,25530.55,72905.19,4.9,10.9,22.2,14,10,-33.9,17.0,0,0,9.1,0,0,4,0,1200000.0
CUST-1992,Rhea Kapoor,rhea.kapoor.1992@example.com,57,Male,Jaipur,Premium,2026-03-12,4,11236.63,11683.45,44484.45,6.0,13.4,23.9,8,3,24.7,46.9,3,2,56.4,0,0,2,0,388352.11
CUST-1993,Tara Bose,tara.bose.1993@example.com,28,Female,Jaipur,Premium,2025-09-16,10,8113.59,8436.23,80301.78,4.3,9.6,22.1,12,9,39.7,59.1,1,0,9.1,0,0,3,0,386870.74
CUST-1994,Tara Agarwal,tara.agarwal.1994@example.com,57,Female,Mumbai,Basic,2024-04-20,27,1684.69,1751.68,45019.0,5.1,11.4,17.3,2,8,-45.0,35.2,1,1,43.2,0,0,5,0,102612.17
CUST-1995,Vikram Iyer,vikram.iyer.1995@example.com,37,Male,Mumbai,Basic,2026-03-18,4,1805.38,1877.17,7147.28,2.7,6.0,22.0,16,6,42.2,52.0,0,0,10.8,1,0,4,0,74620.42
CUST-1996,Amit Pandey,amit.pandey.1996@example.com,45,Female,Delhi NCR,Standard,2022-07-24,48,4540.05,4720.58,215682.05,4.2,9.4,27.4,3,3,-33.5,5.9,2,2,29.6,0,1,3,0,243515.73
CUST-1997,Priya Pandey,priya.pandey.1997@example.com,22,Male,Kolkata,Basic,2026-05-17,2,1539.41,1600.62,3047.17,3.0,6.7,20.6,14,10,18.9,73.8,0,0,5.0,0,1,4,0,85104.24
CUST-1998,Swati Patel,swati.patel.1998@example.com,46,Female,Delhi NCR,Basic,2026-04-30,3,1851.88,1925.52,5498.53,4.8,10.7,26.6,4,8,5.2,69.1,4,1,15.0,1,0,3,0,72735.67
CUST-1999,Aditya Kumar,aditya.kumar.1999@example.com,31,Male,Bengaluru,Basic,2026-04-10,3,1817.89,1890.18,5397.6,7.1,15.8,12.8,2,2,15.8,39.6,1,0,13.7,0,1,5,0,64086.52
CUST-2000,Isha Bose,isha.bose.2000@example.com,37,Female,Chennai,Standard,2025-06-10,13,4206.49,4373.76,54122.19,4.1,9.1,15.4,2,4,-34.6,20.9,2,2,34.2,0,1,4,1,163023.6
CUST-2001,Rajesh Mehta,rajesh.mehta.2001@example.com,37,Female,Delhi NCR,Standard,2023-08-29,35,4401.56,4576.59,152470.84,1.3,2.9,13.9,6,4,-52.7,61.0,4,2,27.2,1,0,3,0,190739.04
CUST-2002,Manish Das,manish.das.2002@example.com,29,Male,Bengaluru,Premium,2026-02-28,5,11146.45,11589.69,55159.29,4.6,10.2,15.8,0,9,-24.5,14.4,2,1,32.4,2,0,3,0,535936.33
CUST-2003,Amit Mishra,amit.mishra.2003@example.com,50,Male,Hyderabad,Basic,2025-07-19,12,1864.6,1938.75,22145.17,5.7,12.7,36.2,19,8,10.0,17.9,1,0,11.2,0,1,5,0,97526.25
CUST-2004,Aarav Kumar,aarav.kumar.2004@example.com,49,Male,Bengaluru,Standard,2026-04-10,3,4228.7,4396.85,12555.68,2.3,5.1,30.0,2,7,52.8,40.7,2,1,1.0,1,0,3,0,205210.06
CUST-2005,Varun Singh,varun.singh.2005@example.com,27,Female,Bengaluru,Basic,2025-05-29,14,1793.66,1864.98,24853.08,6.8,15.1,10.2,3,4,-30.8,78.4,0,0,13.5,0,1,4,0,85516.4
CUST-2006,Tanvi Bhatia,tanvi.bhatia.2006@example.com,37,Male,Mumbai,Standard,2026-05-12,2,4021.77,4181.7,7960.85,2.9,6.5,26.8,1,7,-4.8,57.4,0,0,10.3,0,0,4,0,195174.07
CUST-2007,Arjun Agarwal,arjun.agarwal.2007@example.com,41,Female,Chandigarh,Standard,2025-09-29,10,4119.51,4283.32,40771.59,2.6,5.8,17.7,0,1,-23.0,26.5,3,0,33.8,0,0,5,1,145317.69
CUST-2008,Tara Nair,tara.nair.2008@example.com,37,Female,Ahmedabad,Standard,2025-04-27,15,3829.79,3982.08,56856.27,0.5,1.1,14.5,8,8,-2.5,1.6,0,0,26.8,0,0,4,0,193894.98
CUST-2009,Divya Rao,divya.rao.2009@example.com,28,Male,Mumbai,Premium,2025-06-10,13,8757.96,9106.22,112683.01,4.8,10.7,5.7,6,8,-56.1,43.0,1,0,27.9,2,1,4,0,435889.88
CUST-2010,Harsh Chopra,harsh.chopra.2010@example.com,35,Female,Mumbai,Premium,2026-04-19,3,10168.02,10572.35,30190.46,8.0,17.8,32.7,12,9,39.9,48.0,0,0,24.4,1,1,3,0,515312.56
CUST-2011,Arjun Singh,arjun.singh.2011@example.com,47,Male,Chandigarh,Standard,2026-04-09,3,4314.02,4485.57,12809.01,5.0,11.1,7.0,0,9,-1.3,40.3,3,2,37.3,0,0,3,0,202619.4
CUST-2012,Kavya Iyer,kavya.iyer.2012@example.com,47,Male,Chandigarh,Premium,2025-04-01,16,8827.08,9178.09,139781.33,2.7,6.0,21.4,19,1,23.7,85.4,0,0,21.2,0,0,5,0,376996.04
CUST-2013,Rohan Iyer,rohan.iyer.2013@example.com,35,Female,Ahmedabad,Standard,2024-07-16,24,4163.03,4328.57,98885.57,5.3,11.8,11.6,3,10,-8.5,38.8,2,0,27.1,3,0,4,0,238413.71
CUST-2014,Harsh Singh,harsh.singh.2014@example.com,28,Male,Chennai,Premium,2023-09-28,34,9274.5,9643.3,312091.22,5.9,13.1,30.5,18,7,3.3,0.0,1,0,23.0,0,1,4,0,548055.51
CUST-2015,Ananya Iyer,ananya.iyer.2015@example.com,54,Male,Hyderabad,Standard,2024-07-10,24,4981.06,5179.13,118316.45,6.6,14.7,18.3,0,1,29.6,32.2,2,2,25.7,0,1,3,0,262279.18
CUST-2016,Rhea Patel,rhea.patel.2016@example.com,47,Female,Delhi NCR,Standard,2022-07-30,48,4793.79,4984.41,227736.36,1.6,3.6,20.5,10,6,1.7,52.9,3,1,7.0,1,0,3,0,302959.18
CUST-2017,Nikhil Deshmukh,nikhil.deshmukh.2017@example.com,41,Male,Bengaluru,Premium,2025-11-18,8,9321.06,9691.71,73801.88,7.5,16.7,20.9,6,5,2.7,51.3,2,0,1.0,1,0,3,0,381853.24
CUST-2018,Swati Nair,swati.nair.2018@example.com,24,Female,Delhi NCR,Basic,2026-01-15,6,1828.59,1901.3,10858.75,4.6,10.2,25.3,3,2,-24.2,37.8,1,0,5.8,0,1,5,0,78154.53
CUST-2019,Vikram Mehta,vikram.mehta.2019@example.com,25,Female,Jaipur,Standard,2026-06-22,1,4078.67,4240.86,4036.74,7.9,17.6,22.1,0,3,-17.0,33.8,4,1,15.2,0,0,3,1,109178.91
CUST-2020,Siddharth Agarwal,siddharth.agarwal.2020@example.com,47,Male,Pune,Enterprise,2025-11-01,9,28343.0,29470.05,252464.58,4.5,10.0,21.5,6,8,-30.4,0.0,1,1,22.9,0,1,4,0,1200000.0
CUST-2021,Sanjay Gupta,sanjay.gupta.2021@example.com,32,Male,Chennai,Premium,2025-04-23,15,11143.71,11586.84,165437.2,5.4,12.0,16.3,0,2,-22.7,44.1,1,1,22.5,2,0,2,1,340105.91
CUST-2022,Aditi Kapoor,aditi.kapoor.2022@example.com,23,Female,Pune,Basic,2024-07-25,24,1553.86,1615.65,36909.25,2.2,4.9,4.7,5,4,33.0,33.9,4,1,44.9,0,0,4,0,87516.88
CUST-2023,Pooja Bose,pooja.bose.2023@example.com,35,Male,Bengaluru,Standard,2026-02-11,5,4550.7,4731.66,22519.58,6.3,14.0,9.7,6,3,48.6,48.0,1,0,22.7,0,0,4,0,194991.16
CUST-2024,Meera Rao,meera.rao.2024@example.com,51,Male,Chandigarh,Premium,2025-08-21,11,9031.16,9390.28,98321.47,1.9,4.2,29.9,9,7,-36.9,53.8,1,1,15.1,1,1,2,0,440695.63
CUST-2025,Simran Saxena,simran.saxena.2025@example.com,33,Female,Bengaluru,Enterprise,2025-04-02,16,24829.24,25816.57,393183.72,4.8,10.7,18.6,35,8,9.1,71.8,0,0,32.5,0,0,4,0,1200000.0
CUST-2026,Rhea Kapoor,rhea.kapoor.2026@example.com,47,Male,Hyderabad,Standard,2025-07-10,12,4402.72,4577.79,52289.49,3.3,7.3,14.7,2,4,-10.9,19.1,1,0,13.2,0,0,5,0,207623.57
CUST-2027,Aditya Bose,aditya.bose.2027@example.com,54,Female,Delhi NCR,Premium,2026-02-13,5,11183.44,11628.15,55342.34,4.0,8.9,6.5,2,6,37.1,10.9,3,1,30.8,0,0,4,0,491980.5
CUST-2028,Arjun Malhotra,arjun.malhotra.2028@example.com,34,Male,Ahmedabad,Premium,2024-08-21,23,9526.31,9905.12,216852.62,6.5,14.5,3.1,3,3,1.8,28.2,0,0,21.6,0,0,4,0,453985.78
CUST-2029,Vikram Mishra,vikram.mishra.2029@example.com,35,Male,Kolkata,Basic,2026-05-01,3,1841.03,1914.24,5466.31,3.5,7.8,14.3,9,7,-2.2,24.3,3,1,24.5,0,0,3,0,81091.0
CUST-2030,Deepak Mehta,deepak.mehta.2030@example.com,45,Male,Kolkata,Premium,2023-11-02,33,10979.03,11415.61,358583.28,6.5,14.5,31.8,20,8,-22.9,22.2,1,0,33.0,0,0,4,0,709070.95
CUST-2031,Meera Iyer,meera.iyer.2031@example.com,55,Female,Ahmedabad,Basic,2023-01-02,43,1482.24,1541.18,63081.08,3.3,7.3,15.9,27,7,-44.9,76.7,3,3,33.0,1,0,1,1,30181.49
CUST-2032,Aarav Iyer,aarav.iyer.2032@example.com,47,Female,Chandigarh,Standard,2025-12-08,7,4161.51,4326.99,28831.09,4.5,10.0,26.4,21,4,19.3,45.6,2,1,25.5,0,1,4,0,207187.63
CUST-2033,Isha Gupta,isha.gupta.2033@example.com,42,Female,Kolkata,Standard,2026-01-01,7,4499.5,4678.42,31172.7,8.7,19.4,15.4,15,10,7.9,89.3,0,0,5.2,0,0,5,0,247420.6
CUST-2034,Aarav Kapoor,aarav.kapoor.2034@example.com,49,Male,Chandigarh,Standard,2024-11-10,20,4324.18,4496.13,85594.5,4.5,10.0,29.0,35,9,8.6,41.9,0,0,20.2,0,0,4,0,234857.85
CUST-2035,Rhea Bose,rhea.bose.2035@example.com,57,Male,Mumbai,Premium,2025-10-21,9,8401.34,8735.42,74834.73,4.0,8.9,18.1,3,10,-18.8,13.9,0,0,20.9,0,0,4,1,466592.3
CUST-2036,Swati Verma,swati.verma.2036@example.com,23,Male,Hyderabad,Standard,2026-06-26,1,4989.93,5188.35,4938.63,4.5,10.0,8.4,22,8,-6.1,22.6,0,0,17.0,0,0,4,0,213020.08
CUST-2037,Siddharth Bose,siddharth.bose.2037@example.com,30,Male,Chennai,Premium,2023-07-31,36,10469.7,10886.03,373034.38,3.5,7.8,19.0,10,6,20.1,66.6,2,0,16.8,0,0,4,0,645179.7
CUST-2038,Manish Mishra,manish.mishra.2038@example.com,44,Female,Delhi NCR,Premium,2025-11-11,8,9477.68,9854.56,75041.96,2.1,4.7,42.2,1,2,25.5,14.8,2,0,13.9,0,0,4,0,414517.93
CUST-2039,Karan Chopra,karan.chopra.2039@example.com,36,Female,Delhi NCR,Premium,2026-03-14,4,10046.11,10445.59,39771.32,8.5,18.9,41.7,0,10,-35.0,55.4,0,0,20.5,0,0,5,0,525968.95
CUST-2040,Varun Deshmukh,varun.deshmukh.2040@example.com,34,Male,Chennai,Standard,2025-07-30,12,3721.67,3869.66,44200.91,3.3,7.3,27.4,1,7,-19.7,33.4,0,0,23.4,0,0,5,0,174910.16
CUST-2041,Shreya Bhatia,shreya.bhatia.2041@example.com,44,Female,Bengaluru,Basic,2026-03-19,4,1608.96,1672.94,6369.68,1.0,2.2,20.5,11,9,-40.9,19.7,3,0,1.5,2,1,4,0,71224.91
CUST-2042,Rajesh Patel,rajesh.patel.2042@example.com,38,Male,Bengaluru,Standard,2026-04-02,4,4901.94,5096.86,19406.18,3.9,8.7,25.3,7,9,3.6,75.3,3,1,20.7,0,0,3,0,247917.95
CUST-2043,Sanjay Singh,sanjay.singh.2043@example.com,23,Female,Pune,Premium,2025-07-28,12,10923.08,11357.43,129729.42,4.9,10.9,25.5,1,9,22.8,27.9,2,1,19.7,0,0,3,0,623752.91
CUST-2044,Isha Verma,isha.verma.2044@example.com,41,Male,Bengaluru,Basic,2025-12-19,7,1526.11,1586.8,10572.95,3.8,8.5,21.6,10,9,-9.8,22.1,2,0,23.9,0,0,4,0,73651.45
CUST-2045,Aditya Bose,aditya.bose.2045@example.com,41,Male,Chandigarh,Enterprise,2025-07-20,12,27148.38,28227.93,322431.37,4.1,9.1,26.9,1,6,-20.6,40.1,2,1,38.5,0,1,3,0,1200000.0
CUST-2046,Aditya Bhatia,aditya.bhatia.2046@example.com,24,Male,Ahmedabad,Premium,2022-07-25,48,10295.61,10705.01,489108.76,3.9,8.7,24.3,12,1,-11.4,29.8,3,3,45.1,0,0,2,0,483688.46
CUST-2047,Manish Kapoor,manish.kapoor.2047@example.com,33,Male,Mumbai,Premium,2024-03-27,28,9170.01,9534.65,254120.65,5.1,11.4,18.5,11,6,62.6,95.2,3,1,25.7,1,0,3,0,568416.28
CUST-2048,Arjun Chopra,arjun.chopra.2048@example.com,23,Female,Chennai,Standard,2026-06-10,1,3689.91,3836.64,3651.98,5.9,13.1,8.9,26,5,31.4,67.4,1,0,6.8,0,1,5,0,160216.4
CUST-2049,Aarav Das,aarav.das.2049@example.com,57,Male,Chandigarh,Standard,2026-06-09,1,4306.54,4477.79,4262.27,3.8,8.5,16.9,1,7,18.5,27.8,4,2,54.3,0,0,4,0,215448.11
CUST-2050,Aditi Joshi,aditi.joshi.2050@example.com,35,Male,Chandigarh,Premium,2025-05-11,14,9994.04,10391.45,138478.15,9.6,21.4,30.8,17,8,7.0,30.6,0,0,4.9,2,0,4,0,519192.46
CUST-2051,Amit Chopra,amit.chopra.2051@example.com,37,Female,Pune,Standard,2025-05-12,14,3607.28,3750.72,49982.73,6.4,14.2,21.7,3,1,-2.4,0.0,2,1,8.9,0,0,4,0,122761.55
CUST-2052,Rohan Joshi,rohan.joshi.2052@example.com,40,Female,Chandigarh,Premium,2024-01-21,30,8400.13,8734.16,249413.17,4.2,9.4,25.3,4,10,-27.4,45.3,1,0,24.6,0,0,4,0,499891.36
CUST-2053,Rajesh Kumar,rajesh.kumar.2053@example.com,55,Female,Hyderabad,Standard,2025-05-10,14,3889.23,4043.88,53889.45,1.4,3.1,18.9,4,4,-31.7,24.1,3,0,9.9,0,0,5,0,168872.11
CUST-2054,Aarav Reddy,aarav.reddy.2054@example.com,27,Male,Bengaluru,Premium,2026-03-15,4,9195.34,9560.99,36403.23,4.4,9.8,10.3,7,4,-17.9,44.1,2,0,25.2,0,0,5,0,378855.46
CUST-2055,Varun Mehta,varun.mehta.2055@example.com,34,Female,Delhi NCR,Premium,2025-10-24,9,9803.22,10193.04,87321.94,5.9,13.1,19.4,39,1,-28.7,0.0,2,0,33.2,0,1,4,1,158887.75
CUST-2056,Divya Bhatia,divya.bhatia.2056@example.com,57,Female,Hyderabad,Basic,2024-07-31,24,1503.26,1563.04,35707.34,5.9,13.1,10.8,6,4,-19.0,41.4,2,2,28.8,0,1,4,0,83534.22
CUST-2057,Deepak Sharma,deepak.sharma.2057@example.com,43,Male,Mumbai,Basic,2023-07-31,36,1494.0,1553.41,53231.07,0.3,0.7,10.1,19,7,-4.9,82.8,0,0,21.5,0,1,5,0,85956.06
CUST-2058,Ananya Pandey,ananya.pandey.2058@example.com,39,Male,Mumbai,Premium,2026-03-21,4,10837.25,11268.19,42903.35,4.4,9.8,35.3,2,6,-2.7,43.3,1,0,10.6,1,0,4,0,452994.73
CUST-2059,Tara Patel,tara.patel.2059@example.com,33,Male,Mumbai,Basic,2025-08-23,11,1425.2,1481.87,15516.03,3.2,7.1,17.4,3,4,-19.4,23.4,2,0,16.9,2,0,3,0,56644.95
CUST-2060,Manish Bose,manish.bose.2060@example.com,51,Male,Bengaluru,Standard,2026-04-19,3,4292.57,4463.26,12745.32,7.3,16.3,13.8,5,2,11.9,41.5,2,0,14.5,0,1,4,0,146138.55
CUST-2061,Vikram Rao,vikram.rao.2061@example.com,28,Male,Chandigarh,Standard,2025-09-26,10,4932.72,5128.87,48820.09,4.5,10.0,39.8,2,7,-7.3,40.5,2,0,27.5,0,0,3,0,247425.28
CUST-2062,Rajesh Verma,rajesh.verma.2062@example.com,53,Male,Mumbai,Basic,2026-05-26,2,1677.01,1743.7,3319.54,0.2,0.5,31.0,28,8,4.0,94.6,1,0,9.5,0,1,4,0,79534.69
CUST-2063,Vikram Kumar,vikram.kumar.2063@example.com,40,Female,Chennai,Basic,2023-03-16,40,1725.38,1793.99,68305.69,5.0,11.1,17.9,9,9,-22.8,34.0,2,1,15.9,0,0,4,0,108195.87
CUST-2064,Ananya Mehta,ananya.mehta.2064@example.com,27,Female,Delhi NCR,Premium,2025-04-23,15,9457.35,9833.42,140401.85,0.2,0.5,26.7,4,9,17.4,13.1,3,1,21.6,0,1,5,0,486027.9
CUST-2065,Rohan Bhatia,rohan.bhatia.2065@example.com,41,Female,Chandigarh,Standard,2024-04-12,27,3627.0,3771.23,96922.24,5.1,11.4,19.4,10,4,-17.0,42.5,1,1,32.0,0,1,4,0,171898.6
CUST-2066,Varun Kapoor,varun.kapoor.2066@example.com,48,Female,Pune,Standard,2022-07-30,48,4503.46,4682.54,213943.78,9.6,21.4,14.4,4,3,43.0,46.7,1,1,14.4,1,0,3,0,275324.47
CUST-2067,Deepak Patel,deepak.patel.2067@example.com,58,Male,Bengaluru,Enterprise,2026-04-28,3,28028.22,29142.76,83220.23,7.1,15.8,27.2,0,5,-8.3,55.5,1,1,9.8,0,0,3,0,1200000.0
CUST-2068,Vikram Agarwal,vikram.agarwal.2068@example.com,28,Female,Ahmedabad,Basic,2025-02-27,17,1407.04,1462.99,23673.77,4.7,10.5,18.4,5,6,-4.7,60.1,2,0,30.1,0,1,4,0,68437.53
CUST-2069,Varun Chauhan,varun.chauhan.2069@example.com,26,Female,Hyderabad,Basic,2023-12-25,31,1591.57,1654.86,48831.44,2.8,6.2,22.8,7,8,14.6,88.9,3,1,1.0,1,0,3,0,93517.48
CUST-2070,Vikram Mishra,vikram.mishra.2070@example.com,32,Male,Jaipur,Premium,2025-06-10,13,10982.07,11418.77,141299.19,6.9,15.4,33.2,29,3,20.7,27.7,5,2,16.4,0,0,3,0,312847.22
CUST-2071,Pooja Pandey,pooja.pandey.2071@example.com,36,Female,Hyderabad,Premium,2025-04-24,15,8745.05,9092.8,129827.2,5.5,12.2,32.0,0,6,23.7,25.5,1,0,42.0,2,1,3,0,441739.83
CUST-2072,Pooja Bhatia,pooja.bhatia.2072@example.com,24,Female,Mumbai,Standard,2025-11-17,8,4244.48,4413.26,33606.76,3.6,8.0,15.9,5,5,47.7,0.0,1,0,1.0,0,1,5,0,187515.06
CUST-2073,Nikhil Iyer,nikhil.iyer.2073@example.com,26,Female,Delhi NCR,Enterprise,2025-03-25,16,26533.59,27588.69,420172.98,3.1,6.9,27.3,0,7,16.5,57.9,2,2,26.7,0,0,4,0,1200000.0
CUST-2074,Manish Reddy,manish.reddy.2074@example.com,44,Female,Pune,Enterprise,2025-11-18,8,29592.98,30769.74,234309.99,2.3,5.1,9.6,1,9,-3.9,20.7,3,2,24.2,0,0,3,0,1200000.0
CUST-2075,Varun Chopra,varun.chopra.2075@example.com,58,Male,Chandigarh,Basic,2025-09-26,10,1781.71,1852.56,17633.93,5.0,11.1,27.0,7,7,-16.8,63.4,4,1,1.0,0,0,5,0,79130.15
CUST-2076,Kavya Chauhan,kavya.chauhan.2076@example.com,30,Male,Chennai,Basic,2026-05-12,2,1747.45,1816.94,3458.97,3.3,7.3,23.6,1,6,-5.7,30.2,2,2,20.0,0,0,3,0,66866.19
CUST-2077,Amit Iyer,amit.iyer.2077@example.com,36,Male,Kolkata,Premium,2026-06-13,1,9250.15,9617.98,9155.05,4.6,10.2,26.2,10,9,39.6,83.4,0,0,19.2,1,0,3,0,452816.93
CUST-2078,Kavya Kapoor,kavya.kapoor.2078@example.com,24,Female,Hyderabad,Basic,2026-06-25,1,1386.89,1442.04,1372.63,6.1,13.6,18.7,5,10,-40.8,7.6,2,1,33.1,0,0,4,0,59121.18
CUST-2079,Aarav Iyer,aarav.iyer.2079@example.com,50,Female,Kolkata,Basic,2026-05-01,3,1532.46,1593.4,4550.12,3.3,7.3,44.9,1,4,-24.9,66.6,1,0,29.2,0,0,4,0,67446.72
CUST-2080,Nikhil Mehta,nikhil.mehta.2080@example.com,27,Other,Chandigarh,Premium,2025-10-28,9,10240.2,10647.4,91214.33,5.6,12.5,12.1,5,1,-8.1,63.7,1,0,11.5,0,0,4,0,404452.05
CUST-2081,Arjun Mishra,arjun.mishra.2081@example.com,38,Male,Delhi NCR,Standard,2026-06-16,1,4582.7,4764.93,4535.59,6.8,15.1,32.7,0,8,-25.3,54.6,1,0,1.0,0,0,4,0,223651.2
CUST-2082,Arjun Bhatia,arjun.bhatia.2082@example.com,47,Male,Kolkata,Standard,2026-04-23,3,4949.76,5146.59,14696.62,5.0,11.1,10.7,14,6,-13.4,15.2,3,0,16.6,0,1,5,0,253355.75
CUST-2083,Priya Chopra,priya.chopra.2083@example.com,42,Female,Hyderabad,Basic,2024-09-19,22,1587.1,1650.21,34557.24,5.7,12.7,27.5,0,6,48.6,54.7,1,0,32.5,0,0,5,0,95791.51
CUST-2084,Simran Verma,simran.verma.2084@example.com,29,Female,Ahmedabad,Standard,2024-10-15,21,4484.29,4662.61,93201.97,5.0,11.1,28.3,0,5,-10.3,45.0,4,1,42.3,0,1,4,0,208615.42
CUST-2085,Aarav Kumar,aarav.kumar.2085@example.com,42,Male,Jaipur,Standard,2024-10-02,22,4353.78,4526.91,94798.46,4.2,9.4,22.6,7,10,9.5,0.0,0,0,27.8,1,1,4,0,269718.37
CUST-2086,Manish Mishra,manish.mishra.2086@example.com,32,Male,Kolkata,Basic,2023-07-13,36,1428.12,1484.91,50883.78,6.0,13.4,16.6,27,3,-48.4,79.4,3,1,7.6,1,0,4,0,56923.67
CUST-2087,Sneha Bose,sneha.bose.2087@example.com,59,Female,Ahmedabad,Basic,2026-06-01,2,1591.07,1654.34,3149.43,7.6,16.9,23.6,14,6,-32.9,33.7,3,0,13.7,1,0,4,0,58714.23
CUST-2088,Swati Rao,swati.rao.2088@example.com,29,Female,Ahmedabad,Standard,2026-04-29,3,4361.68,4535.12,12950.52,6.0,13.4,24.9,2,1,24.1,77.5,0,0,18.8,1,1,4,0,182251.83
CUST-2089,Aditi Joshi,aditi.joshi.2089@example.com,45,Male,Mumbai,Enterprise,2026-01-19,6,30817.83,32043.3,183006.04,3.8,8.5,41.7,1,7,44.7,40.4,4,1,28.7,1,1,4,0,1200000.0
CUST-2090,Tara Mishra,tara.mishra.2090@example.com,56,Male,Jaipur,Enterprise,2023-08-18,35,25706.19,26728.39,890467.11,3.8,8.5,12.4,7,6,4.2,65.6,2,0,1.0,1,1,4,0,1200000.0
CUST-2091,Rajesh Chopra,rajesh.chopra.2091@example.com,35,Female,Chennai,Basic,2024-10-28,21,1863.31,1937.4,38727.24,3.9,8.7,15.9,12,5,-10.6,21.4,4,1,48.7,0,0,3,0,89968.66
CUST-2092,Sneha Mishra,sneha.mishra.2092@example.com,35,Female,Hyderabad,Premium,2026-01-09,6,9807.16,10197.14,58238.02,6.2,13.8,25.1,3,3,11.9,47.1,4,0,31.8,0,0,5,0,400633.23
CUST-2093,Rahul Kumar,rahul.kumar.2093@example.com,31,Male,Pune,Premium,2026-05-24,2,8862.79,9215.22,17543.35,3.1,6.9,19.2,4,8,-74.7,45.5,0,0,16.0,0,1,5,0,425877.03
CUST-2094,Shreya Reddy,shreya.reddy.2094@example.com,33,Male,Chandigarh,Premium,2025-05-17,14,8702.78,9048.84,120586.35,2.0,4.5,20.9,0,4,4.4,34.2,3,1,25.5,2,1,3,0,415635.6
CUST-2095,Shreya Iyer,shreya.iyer.2095@example.com,59,Female,Pune,Standard,2026-02-20,5,3797.42,3948.42,18791.9,5.2,11.6,33.8,1,9,-31.3,21.1,1,0,10.0,0,0,4,0,201467.89
CUST-2096,Aditi Kapoor,aditi.kapoor.2096@example.com,55,Male,Kolkata,Basic,2025-08-28,11,1586.73,1649.83,17274.59,4.2,9.4,2.0,6,9,20.2,0.0,2,0,30.8,0,0,4,0,73006.39
CUST-2097,Isha Pandey,isha.pandey.2097@example.com,31,Male,Jaipur,Premium,2023-03-20,40,8168.16,8492.97,323367.49,7.3,16.3,15.4,0,5,-63.4,21.7,5,3,26.1,2,0,1,1,179368.32
CUST-2098,Isha Saxena,isha.saxena.2098@example.com,38,Female,Kolkata,Basic,2025-07-30,12,1582.59,1645.52,18795.84,0.2,0.5,2.8,1,7,-19.6,58.8,0,0,17.4,1,0,4,0,74345.56
CUST-2099,Rohan Gupta,rohan.gupta.2099@example.com,38,Male,Jaipur,Basic,2023-06-28,37,1867.67,1941.94,68393.37,4.6,10.2,8.8,2,6,-3.1,8.5,2,0,6.0,0,0,5,0,108832.41
CUST-2100,Aditya Das,aditya.das.2100@example.com,24,Female,Hyderabad,Standard,2025-12-23,7,4537.01,4717.42,31432.57,3.4,7.6,48.5,4,6,-23.3,13.5,2,1,23.8,1,0,3,1,179134.14
CUST-2101,Rhea Joshi,rhea.joshi.2101@example.com,52,Male,Chandigarh,Enterprise,2025-04-10,15,29146.96,30305.98,432709.72,5.9,13.1,28.6,0,4,-12.5,7.6,2,0,30.0,0,0,4,0,1200000.0
CUST-2102,Neha Nair,neha.nair.2102@example.com,22,Female,Chandigarh,Basic,2023-11-10,32,1411.54,1467.67,44704.92,3.6,8.0,32.5,5,10,23.3,47.0,0,0,8.3,0,0,5,0,94171.01
CUST-2103,Aarav Kapoor,aarav.kapoor.2103@example.com,33,Male,Hyderabad,Standard,2025-06-29,13,4261.28,4430.73,54827.13,3.0,6.7,21.1,19,8,-2.7,20.6,3,1,26.2,0,1,4,0,247734.6
CUST-2104,Isha Bhatia,isha.bhatia.2104@example.com,25,Male,Chennai,Basic,2025-05-14,14,1499.27,1558.89,20773.99,6.2,13.8,30.3,0,10,-28.1,71.3,0,0,14.5,2,0,3,0,82145.25
CUST-2105,Neha Bhatia,neha.bhatia.2105@example.com,34,Male,Ahmedabad,Premium,2025-01-27,18,10915.19,11349.23,194453.57,6.9,15.4,2.6,7,3,24.3,59.6,4,3,31.2,0,1,2,0,490214.7
CUST-2106,Vikram Malhotra,vikram.malhotra.2106@example.com,55,Female,Jaipur,Standard,2024-01-28,30,3852.85,4006.06,114397.22,4.0,8.9,33.4,13,5,5.0,46.8,3,1,16.6,1,0,4,0,225636.72
CUST-2107,Simran Joshi,simran.joshi.2107@example.com,42,Female,Bengaluru,Basic,2026-05-23,2,1589.77,1652.99,3146.85,4.0,8.9,13.0,2,1,6.2,49.3,1,0,8.7,0,1,5,0,54854.25
CUST-2108,Simran Joshi,simran.joshi.2108@example.com,43,Male,Bengaluru,Basic,2026-01-13,6,1657.62,1723.53,9843.47,6.9,15.4,16.2,1,1,-27.0,23.7,0,0,1.0,1,1,4,0,57192.24
CUST-2109,Aditya Saxena,aditya.saxena.2109@example.com,25,Female,Ahmedabad,Standard,2025-11-27,8,4318.58,4490.31,34193.46,6.6,14.7,27.6,0,9,-73.3,23.7,2,1,22.1,0,1,5,0,216302.13
CUST-2110,Sanjay Nair,sanjay.nair.2110@example.com,39,Female,Kolkata,Basic,2023-09-13,34,1784.69,1855.66,60055.64,6.4,14.2,25.5,7,4,-27.4,59.1,4,0,16.9,0,1,5,0,88897.62
CUST-2111,Manish Deshmukh,manish.deshmukh.2111@example.com,26,Female,Jaipur,Basic,2022-11-26,44,1470.53,1529.01,64038.14,3.4,7.6,22.9,6,9,-30.2,63.9,2,2,13.8,0,0,4,0,102579.74
CUST-2112,Divya Mehta,divya.mehta.2112@example.com,40,Male,Delhi NCR,Standard,2026-05-27,2,4127.32,4291.44,8169.78,2.8,6.2,7.0,1,7,-19.2,58.9,3,1,18.6,0,1,4,0,210446.97
CUST-2113,Rajesh Nair,rajesh.nair.2113@example.com,23,Female,Chandigarh,Standard,2026-05-26,2,4707.74,4894.94,9318.68,7.6,16.9,23.1,13,10,-25.6,30.7,1,0,13.3,1,0,4,0,247931.1
CUST-2114,Siddharth Kumar,siddharth.kumar.2114@example.com,33,Male,Pune,Premium,2023-04-22,39,9762.34,10150.54,376817.15,5.5,12.2,32.6,9,8,1.2,32.6,1,0,25.7,0,1,4,0,585268.89
CUST-2115,Deepak Sharma,deepak.sharma.2115@example.com,38,Male,Delhi NCR,Basic,2026-02-26,5,1560.07,1622.11,7720.16,2.6,5.8,16.1,2,9,22.7,19.6,1,0,36.7,0,0,5,0,93267.24
CUST-2116,Siddharth Pandey,siddharth.pandey.2116@example.com,31,Female,Pune,Standard,2026-03-16,4,3640.31,3785.07,14411.54,4.0,8.9,36.5,10,1,28.1,60.4,1,0,20.7,0,0,5,0,151723.69
CUST-2117,Vikram Deshmukh,vikram.deshmukh.2117@example.com,55,Female,Chandigarh,Standard,2026-06-09,1,4653.58,4838.63,4605.74,4.4,9.8,12.4,2,7,21.4,0.0,1,1,7.5,1,1,3,0,219697.13
CUST-2118,Varun Rao,varun.rao.2118@example.com,27,Male,Bengaluru,Basic,2026-02-22,5,1859.16,1933.09,9200.23,4.0,8.9,22.1,8,8,-27.1,0.0,2,0,4.9,0,1,4,0,94378.01
CUST-2119,Kavya Kumar,kavya.kumar.2119@example.com,29,Male,Hyderabad,Standard,2025-03-02,17,4467.28,4644.92,75163.02,3.6,8.0,38.9,0,2,-0.4,0.0,3,1,24.9,0,0,3,0,187855.99
CUST-2120,Aditi Bhatia,aditi.bhatia.2120@example.com,32,Female,Chennai,Basic,2025-11-16,8,1798.48,1870.0,14239.93,6.8,15.1,14.5,8,10,41.8,0.0,4,1,18.6,0,1,5,0,94157.68
CUST-2121,Karan Agarwal,karan.agarwal.2121@example.com,33,Female,Mumbai,Premium,2025-08-19,11,9727.08,10113.88,105897.89,5.3,11.8,33.6,2,9,-46.4,74.6,1,1,23.5,0,0,4,0,530052.61
CUST-2122,Nikhil Kapoor,nikhil.kapoor.2122@example.com,30,Male,Kolkata,Standard,2023-08-17,35,3923.37,4079.38,135906.25,8.9,19.8,43.7,6,1,35.8,60.9,2,0,25.9,0,0,5,0,209101.04
CUST-2123,Rahul Bhatia,rahul.bhatia.2123@example.com,23,Female,Ahmedabad,Standard,2026-05-28,2,3619.31,3763.23,7164.2,6.9,15.4,23.9,1,3,-29.9,13.2,2,0,13.9,0,1,5,0,143335.28
CUST-2124,Ananya Chopra,ananya.chopra.2124@example.com,29,Male,Bengaluru,Basic,2026-05-31,2,1691.91,1759.19,3349.03,4.5,10.0,16.2,9,9,6.2,39.5,3,1,53.4,0,0,5,0,78193.06
CUST-2125,Swati Das,swati.das.2125@example.com,32,Male,Hyderabad,Basic,2024-04-17,27,1607.81,1671.74,42964.58,7.2,16.0,13.5,0,1,9.6,77.2,0,0,1.0,0,0,4,0,77933.59
CUST-2126,Tara Agarwal,tara.agarwal.2126@example.com,57,Female,Hyderabad,Standard,2024-10-20,21,4693.76,4880.41,97555.62,4.9,10.9,36.4,1,4,3.3,54.0,1,0,22.5,0,1,5,0,250501.43
CUST-2127,Aditi Bhatia,aditi.bhatia.2127@example.com,31,Male,Pune,Standard,2026-02-25,5,4571.41,4753.19,22622.07,9.3,20.7,36.0,1,10,60.4,92.7,2,2,12.0,1,0,3,0,238912.14
CUST-2128,Ananya Rao,ananya.rao.2128@example.com,42,Male,Hyderabad,Basic,2026-01-24,6,1867.43,1941.69,11089.39,3.5,7.8,37.9,0,6,-10.4,39.3,3,1,13.8,0,0,3,0,89192.29
CUST-2129,Rhea Rao,rhea.rao.2129@example.com,41,Female,Jaipur,Basic,2026-01-07,6,1616.84,1681.13,9601.31,5.2,11.6,21.6,10,6,-47.9,26.3,3,0,26.1,0,0,4,1,61650.27
CUST-2130,Aditi Mehta,aditi.mehta.2130@example.com,29,Female,Kolkata,Basic,2025-04-27,15,1573.22,1635.78,23355.7,2.9,6.5,33.4,29,4,8.0,16.1,1,1,1.0,0,0,4,1,58369.18
CUST-2131,Rhea Reddy,rhea.reddy.2131@example.com,57,Male,Mumbai,Standard,2026-06-17,1,4000.44,4159.52,3959.31,3.4,7.6,21.5,11,10,-6.8,42.6,2,0,19.6,0,1,5,0,173388.69
CUST-2132,Simran Bose,simran.bose.2132@example.com,50,Female,Bengaluru,Basic,2025-09-26,10,1599.29,1662.89,15828.48,3.5,7.8,12.3,14,10,13.5,64.5,2,1,9.1,1,0,3,0,87611.01
CUST-2133,Siddharth Patel,siddharth.patel.2133@example.com,33,Female,Jaipur,Standard,2026-04-16,3,4820.81,5012.51,14313.75,6.8,15.1,34.4,0,10,22.7,44.4,3,1,23.2,0,1,4,0,206822.73
CUST-2134,Aditya Malhotra,aditya.malhotra.2134@example.com,35,Male,Bengaluru,Basic,2024-07-13,24,1371.37,1425.9,32574.52,4.6,10.2,40.0,0,10,-2.9,33.4,0,0,8.4,0,0,4,0,82389.12
CUST-2135,Nikhil Gupta,nikhil.gupta.2135@example.com,42,Female,Chennai,Standard,2025-12-30,7,4967.82,5165.36,34417.24,0.2,0.5,10.8,6,1,10.2,72.2,0,0,16.2,2,0,4,0,193867.13
CUST-2136,Rajesh Chauhan,rajesh.chauhan.2136@example.com,43,Male,Mumbai,Basic,2025-08-10,11,1870.24,1944.61,20361.14,4.4,9.8,10.6,28,5,2.0,54.7,2,1,28.8,0,0,3,0,68212.22
CUST-2137,Aditi Saxena,aditi.saxena.2137@example.com,42,Male,Hyderabad,Standard,2026-06-21,1,4435.84,4612.23,4390.24,2.2,4.9,22.4,8,5,48.2,39.3,2,0,28.7,0,0,4,0,171388.78
CUST-2138,Tanvi Bose,tanvi.bose.2138@example.com,51,Female,Chennai,Basic,2026-06-08,1,1523.04,1583.6,1507.38,3.3,7.3,32.5,3,3,-12.4,23.6,2,1,25.7,0,0,3,0,47896.12
CUST-2139,Sanjay Kapoor,sanjay.kapoor.2139@example.com,41,Female,Pune,Basic,2025-03-28,16,1466.12,1524.42,23216.76,6.6,14.7,9.5,1,3,-21.2,35.9,2,1,31.4,0,1,4,0,72643.45
CUST-2140,Ananya Kapoor,ananya.kapoor.2140@example.com,45,Male,Chennai,Standard,2024-10-12,21,3986.09,4144.6,82847.33,1.4,3.1,24.5,1,4,22.7,53.3,2,0,15.2,1,0,4,0,227136.25
CUST-2141,Aarav Kapoor,aarav.kapoor.2141@example.com,44,Male,Delhi NCR,Standard,2025-01-25,18,3669.23,3815.14,65367.15,1.6,3.6,15.5,3,3,-28.0,23.3,3,1,7.9,0,0,4,0,157711.2
CUST-2142,Meera Sharma,meera.sharma.2142@example.com,28,Male,Pune,Standard,2024-12-22,19,4264.09,4433.65,80184.81,0.7,1.6,29.7,9,3,9.0,12.4,1,0,2.3,0,0,4,0,195230.69
CUST-2143,Siddharth Chauhan,siddharth.chauhan.2143@example.com,30,Male,Mumbai,Premium,2026-05-25,2,8279.65,8608.89,16389.06,3.4,7.6,13.2,0,3,-6.7,30.5,1,0,33.9,0,1,4,0,299915.12
CUST-2144,Tara Bhatia,tara.bhatia.2144@example.com,22,Male,Kolkata,Premium,2025-02-16,17,10362.04,10774.08,174343.72,0.7,1.6,30.5,14,7,-4.8,40.8,2,0,1.4,0,0,5,0,563904.8
CUST-2145,Simran Nair,simran.nair.2145@example.com,47,Male,Delhi NCR,Basic,2026-04-28,3,1544.23,1605.64,4585.06,0.8,1.8,20.3,21,9,66.2,74.7,2,0,18.3,0,1,4,0,86989.07
CUST-2146,Deepak Patel,deepak.patel.2146@example.com,59,Female,Bengaluru,Premium,2026-05-19,2,8727.03,9074.06,17274.62,3.7,8.2,11.7,16,1,32.6,14.2,1,0,18.1,0,1,4,0,318323.85
CUST-2147,Pooja Iyer,pooja.iyer.2147@example.com,59,Male,Ahmedabad,Standard,2024-11-11,20,4361.7,4535.14,86337.19,4.9,10.9,22.7,18,8,26.6,47.4,5,2,33.4,2,0,3,0,241657.11
CUST-2148,Nikhil Bose,nikhil.bose.2148@example.com,43,Male,Ahmedabad,Basic,2023-12-30,31,1859.98,1933.94,57066.61,2.3,5.1,2.0,0,10,12.9,35.3,0,0,28.3,0,0,5,0,95639.0
CUST-2149,Manish Rao,manish.rao.2149@example.com,31,Female,Delhi NCR,Enterprise,2025-01-27,18,28581.25,29717.78,509173.56,5.0,11.1,15.8,28,1,-21.4,36.5,2,0,8.3,0,0,2,1,792867.7
CUST-2150,Vikram Das,vikram.das.2150@example.com,27,Female,Kolkata,Premium,2024-08-26,23,9647.93,10031.58,219621.12,4.4,9.8,25.7,3,9,5.3,78.9,1,0,13.5,0,0,3,0,581690.36
CUST-2151,Harsh Deshmukh,harsh.deshmukh.2151@example.com,38,Male,Jaipur,Enterprise,2022-08-01,48,29296.83,30461.81,1391790.9,5.3,11.8,2.5,15,8,14.3,43.9,1,0,11.9,0,0,5,0,1200000.0
CUST-2152,Priya Malhotra,priya.malhotra.2152@example.com,59,Male,Ahmedabad,Basic,2026-04-29,3,1736.02,1805.05,5154.52,2.0,4.5,2.0,1,6,3.6,20.1,1,0,1.0,0,1,4,0,73317.36
CUST-2153,Pooja Agarwal,pooja.agarwal.2153@example.com,45,Female,Delhi NCR,Basic,2022-08-10,47,1816.95,1889.2,84518.73,8.4,18.7,2.0,4,6,0.7,63.3,3,1,14.9,0,0,3,0,109566.6
CUST-2154,Meera Mishra,meera.mishra.2154@example.com,31,Male,Mumbai,Standard,2025-06-18,13,3885.56,4040.07,49992.99,1.8,4.0,36.6,0,10,-13.1,61.6,2,0,28.8,0,1,4,0,224401.12
CUST-2155,Manish Mishra,manish.mishra.2155@example.com,29,Male,Chandigarh,Standard,2024-08-01,24,4801.23,4992.15,114044.9,2.9,6.5,21.2,0,7,5.7,18.0,2,1,48.3,0,1,4,0,268428.55
CUST-2156,Pooja Kumar,pooja.kumar.2156@example.com,42,Female,Kolkata,Basic,2025-04-09,15,1507.03,1566.96,22373.05,5.3,11.8,16.1,21,8,-16.7,13.4,0,0,27.4,0,0,4,0,72101.88
CUST-2157,Manish Patel,manish.patel.2157@example.com,27,Male,Kolkata,Premium,2025-07-09,12,11062.92,11502.84,131390.25,4.4,9.8,32.4,12,7,17.7,51.9,1,0,20.7,0,0,2,0,531461.76
CUST-2158,Tara Mishra,tara.mishra.2158@example.com,42,Male,Jaipur,Standard,2025-01-27,18,3992.49,4151.25,71126.01,6.0,13.4,17.6,5,1,-58.4,41.2,1,0,1.0,0,0,4,0,131996.74
CUST-2159,Tanvi Singh,tanvi.singh.2159@example.com,45,Male,Pune,Standard,2026-01-25,6,4896.36,5091.06,29076.14,3.5,7.8,25.0,5,10,36.0,30.7,2,2,34.2,0,0,4,0,257935.84
CUST-2160,Meera Singh,meera.singh.2160@example.com,54,Male,Hyderabad,Standard,2023-06-13,37,4948.07,5144.83,181196.45,1.6,3.6,22.3,10,4,-38.7,67.4,2,1,25.2,0,1,3,0,276229.22
CUST-2161,Vikram Chopra,vikram.chopra.2161@example.com,39,Male,Ahmedabad,Standard,2026-05-17,2,3802.74,3953.96,7527.29,1.0,2.2,16.8,3,4,-31.9,27.8,1,0,44.1,0,0,5,0,164468.48
CUST-2162,Aditi Malhotra,aditi.malhotra.2162@example.com,49,Other,Hyderabad,Basic,2026-01-24,6,1860.37,1934.35,11047.47,7.9,17.6,25.2,10,9,9.4,52.1,1,1,3.0,1,0,3,0,104412.76
CUST-2163,Ananya Joshi,ananya.joshi.2163@example.com,53,Male,Hyderabad,Enterprise,2026-06-24,1,23249.15,24173.65,23010.14,3.6,8.0,30.5,4,9,13.1,70.2,3,0,1.0,0,0,5,0,1200000.0
CUST-2164,Varun Verma,varun.verma.2164@example.com,33,Male,Mumbai,Standard,2026-02-21,5,3905.02,4060.3,19324.37,3.8,8.5,20.0,7,3,56.2,33.9,0,0,30.5,0,0,5,0,151196.78
CUST-2165,Aditi Gupta,aditi.gupta.2165@example.com,48,Male,Bengaluru,Basic,2026-03-23,4,1582.13,1645.04,6263.46,8.0,17.8,16.9,25,9,6.3,0.0,0,0,34.5,0,1,4,0,79988.53
CUST-2166,Arjun Pandey,arjun.pandey.2166@example.com,31,Female,Hyderabad,Premium,2026-07-02,1,11228.58,11675.08,11113.14,3.2,7.1,18.2,4,5,-3.1,32.3,2,2,36.0,0,0,3,0,367831.85
CUST-2167,Simran Patel,simran.patel.2167@example.com,53,Female,Kolkata,Enterprise,2025-09-17,10,26773.86,27838.52,264986.11,4.3,9.6,2.0,4,6,3.4,46.5,1,0,11.6,0,0,5,0,1200000.0
CUST-2168,Karan Pandey,karan.pandey.2168@example.com,47,Male,Jaipur,Premium,2025-10-25,9,9832.7,10223.7,87584.53,2.0,4.5,25.1,17,7,42.5,66.1,4,2,38.9,0,0,2,0,476290.81
CUST-2169,Karan Rao,karan.rao.2169@example.com,46,Female,Jaipur,Premium,2026-05-15,2,10286.3,10695.33,20361.1,1.4,3.1,8.7,17,3,65.9,29.5,2,0,42.1,0,1,5,0,448868.85
CUST-2170,Divya Patel,divya.patel.2170@example.com,32,Male,Chandigarh,Standard,2026-02-19,5,4954.37,5151.38,24517.18,8.2,18.3,28.9,36,4,-7.2,83.4,1,1,16.2,0,1,4,0,193036.63
CUST-2171,Karan Bhatia,karan.bhatia.2171@example.com,44,Male,Bengaluru,Enterprise,2022-12-28,43,29353.15,30520.37,1249209.54,8.2,18.3,21.0,6,5,13.2,10.8,3,1,29.6,0,1,4,0,1200000.0
CUST-2172,Nikhil Agarwal,nikhil.agarwal.2172@example.com,55,Male,Pune,Basic,2026-05-24,2,1466.7,1525.02,2903.24,6.3,14.0,23.2,3,1,-4.1,45.9,3,0,13.6,0,0,3,0,47474.08
CUST-2173,Siddharth Chauhan,siddharth.chauhan.2173@example.com,44,Male,Kolkata,Premium,2026-01-08,6,9053.42,9413.43,53762.08,6.3,14.0,29.7,2,8,-4.6,36.3,3,2,36.4,3,0,3,0,421269.97
CUST-2174,Sanjay Kapoor,sanjay.kapoor.2174@example.com,50,Male,Kolkata,Standard,2026-06-28,1,3735.75,3884.3,3697.34,5.8,12.9,11.8,0,7,50.6,74.3,2,0,25.3,1,0,3,0,156966.14
CUST-2175,Deepak Chauhan,deepak.chauhan.2175@example.com,52,Female,Chandigarh,Basic,2026-04-09,3,1687.21,1754.3,5009.59,2.6,5.8,26.1,9,2,-27.9,6.6,2,1,17.0,0,0,3,0,31028.42
CUST-2176,Deepak Reddy,deepak.reddy.2176@example.com,28,Male,Chennai,Standard,2025-02-25,17,3852.07,4005.25,64811.97,4.8,10.7,24.9,1,7,-67.4,52.2,1,0,27.8,1,1,4,0,202726.27
CUST-2177,Divya Reddy,divya.reddy.2177@example.com,54,Female,Chandigarh,Standard,2025-12-26,7,3959.38,4116.82,27430.73,3.1,6.9,20.0,6,9,6.9,36.1,0,0,10.1,0,0,5,0,174192.19
CUST-2178,Rajesh Patel,rajesh.patel.2178@example.com,42,Male,Hyderabad,Standard,2025-10-10,9,4842.15,5034.7,43131.33,0.2,0.5,11.8,18,5,31.6,78.7,2,1,30.9,0,1,2,0,223848.02
CUST-2179,Karan Sharma,karan.sharma.2179@example.com,23,Male,Delhi NCR,Basic,2026-04-08,3,1520.53,1580.99,4514.69,6.6,14.7,28.5,22,6,4.2,22.1,3,1,1.0,0,0,3,1,56442.26
CUST-2180,Isha Mehta,isha.mehta.2180@example.com,39,Male,Jaipur,Premium,2025-02-10,17,9883.84,10276.87,166297.89,5.4,12.0,29.7,0,5,12.1,52.0,2,2,41.2,1,1,2,0,546517.52
CUST-2181,Divya Iyer,divya.iyer.2181@example.com,54,Female,Chandigarh,Basic,2024-11-10,20,1557.68,1619.62,30833.33,1.4,3.1,23.2,2,1,19.1,21.9,5,2,21.4,0,0,2,0,51852.79
CUST-2182,Sneha Sharma,sneha.sharma.2182@example.com,58,Male,Hyderabad,Standard,2026-04-24,3,3702.72,3849.96,10993.96,3.4,7.6,10.2,13,6,1.1,46.5,1,0,10.0,0,0,5,0,174951.42
CUST-2183,Priya Rao,priya.rao.2183@example.com,55,Female,Ahmedabad,Premium,2026-06-18,1,9241.99,9609.5,9146.98,6.4,14.2,16.2,5,7,13.6,33.1,0,0,1.0,0,0,4,0,447691.88
CUST-2184,Sneha Iyer,sneha.iyer.2184@example.com,41,Male,Bengaluru,Standard,2026-05-28,2,4170.25,4336.08,8254.76,4.5,10.0,21.3,12,5,13.1,32.8,0,0,13.3,2,1,3,0,176505.26
CUST-2185,Priya Bose,priya.bose.2185@example.com,56,Male,Kolkata,Standard,2025-04-17,15,4852.77,5045.74,72043.22,0.6,1.3,29.6,14,3,-56.8,0.0,3,0,31.9,0,0,3,0,105743.07
CUST-2186,Meera Chauhan,meera.chauhan.2186@example.com,39,Male,Chennai,Basic,2026-04-26,3,1519.32,1579.74,4511.1,1.7,3.8,4.6,4,6,1.2,52.0,2,1,5.2,2,0,3,0,59760.86
CUST-2187,Sanjay Chauhan,sanjay.chauhan.2187@example.com,45,Male,Bengaluru,Standard,2025-09-17,10,4129.9,4294.12,40874.43,8.1,18.0,15.8,3,7,-46.0,16.0,4,2,34.3,0,0,3,0,138882.88
CUST-2188,Rohan Iyer,rohan.iyer.2188@example.com,29,Male,Hyderabad,Enterprise,2026-04-10,3,29349.17,30516.23,87142.34,4.3,9.6,17.6,4,10,-3.1,15.2,0,0,1.0,0,0,4,0,1200000.0
CUST-2189,Swati Gupta,swati.gupta.2189@example.com,51,Male,Pune,Enterprise,2026-05-01,3,29139.71,30298.45,86520.42,6.4,14.2,21.1,7,10,-15.9,4.7,2,1,22.2,0,0,3,0,1200000.0
CUST-2190,Rohan Sharma,rohan.sharma.2190@example.com,31,Female,Ahmedabad,Premium,2026-06-25,1,10613.42,11035.46,10504.31,8.1,18.0,7.7,3,9,27.0,16.7,1,0,26.3,0,0,5,0,487813.25
CUST-2191,Aditya Mehta,aditya.mehta.2191@example.com,44,Male,Hyderabad,Basic,2026-01-20,6,1849.5,1923.05,10982.92,3.2,7.1,19.6,11,7,4.8,54.0,4,1,22.7,0,0,2,0,83289.73
CUST-2192,Harsh Patel,harsh.patel.2192@example.com,32,Female,Delhi NCR,Basic,2026-05-23,2,1766.49,1836.73,3496.66,4.9,10.9,18.6,17,3,11.2,52.8,1,0,25.4,0,0,5,0,72654.51
CUST-2193,Swati Verma,swati.verma.2193@example.com,23,Male,Mumbai,Basic,2025-11-26,8,1562.95,1625.1,12375.06,0.2,0.5,10.6,2,1,-7.4,57.9,1,0,10.0,3,0,2,1,35668.09
CUST-2194,Rhea Chauhan,rhea.chauhan.2194@example.com,47,Male,Hyderabad,Standard,2025-06-13,13,4748.92,4937.76,61101.28,2.9,6.5,20.7,25,7,27.5,17.4,2,0,47.0,0,0,5,0,229049.89
CUST-2195,Harsh Deshmukh,harsh.deshmukh.2195@example.com,57,Female,Chandigarh,Basic,2025-12-20,7,1615.98,1680.24,11195.57,5.4,12.0,16.0,7,8,-46.7,47.2,2,1,37.2,0,0,4,0,66307.47
CUST-2196,Shreya Gupta,shreya.gupta.2196@example.com,54,Male,Hyderabad,Basic,2025-01-09,18,1494.8,1554.24,26629.79,3.8,8.5,27.5,15,1,-27.1,27.2,3,1,26.5,0,0,4,1,36839.0
CUST-2197,Nikhil Verma,nikhil.verma.2197@example.com,34,Male,Chandigarh,Standard,2024-12-17,19,4023.08,4183.06,75652.69,5.1,11.4,12.3,0,5,34.0,64.9,1,0,36.5,0,1,4,0,185616.45
CUST-2198,Nikhil Das,nikhil.das.2198@example.com,46,Female,Pune,Basic,2025-02-24,17,1466.54,1524.86,24674.87,6.2,13.8,23.0,2,8,-14.2,52.2,2,0,32.7,0,1,4,0,71584.97
CUST-2199,Varun Das,varun.das.2199@example.com,25,Female,Kolkata,Standard,2023-04-18,39,3802.04,3953.23,146755.17,5.4,12.0,13.1,2,10,-62.1,26.2,4,1,17.6,3,0,2,0,214389.71
CUST-2200,Vikram Mehta,vikram.mehta.2200@example.com,40,Male,Jaipur,Enterprise,2026-03-21,4,24113.33,25072.19,95461.73,4.9,10.9,15.4,2,7,38.7,67.0,1,1,30.0,1,1,4,0,1015827.4
CUST-2201,Rhea Nair,rhea.nair.2201@example.com,39,Male,Mumbai,Standard,2026-04-29,3,3687.53,3834.16,10948.86,4.6,10.2,25.3,1,2,28.2,54.2,1,1,20.4,0,1,4,0,147425.99
CUST-2202,Tara Kumar,tara.kumar.2202@example.com,58,Female,Pune,Premium,2025-05-14,14,10897.41,11330.74,150995.31,3.0,6.7,24.6,15,4,17.9,8.7,1,1,35.0,0,0,3,0,426354.69
CUST-2203,Pooja Patel,pooja.patel.2203@example.com,51,Male,Chandigarh,Premium,2025-06-23,13,11031.45,11470.11,141934.53,2.3,5.1,17.4,4,6,0.6,1.9,1,0,34.9,0,0,4,0,571482.61
CUST-2204,Harsh Chauhan,harsh.chauhan.2204@example.com,40,Female,Jaipur,Basic,2025-09-07,10,1656.95,1722.84,16399.16,7.0,15.6,19.0,24,7,44.5,9.7,5,3,22.2,0,0,2,1,65296.84
CUST-2205,Isha Patel,isha.patel.2205@example.com,44,Male,Delhi NCR,Basic,2026-06-11,1,1790.06,1861.24,1771.66,5.9,13.1,6.0,6,7,33.2,81.6,0,0,17.4,1,0,4,0,85276.55
CUST-2206,Varun Das,varun.das.2206@example.com,37,Male,Bengaluru,Basic,2025-07-14,12,1445.41,1502.89,17166.61,2.5,5.6,37.4,1,3,41.3,17.6,3,1,41.5,1,1,4,0,68343.05
CUST-2207,Ananya Bose,ananya.bose.2207@example.com,22,Female,Mumbai,Basic,2023-05-19,38,1822.16,1894.62,68530.24,4.3,9.6,29.6,5,8,17.5,87.0,0,0,25.1,1,0,3,0,117487.98
CUST-2208,Aarav Bose,aarav.bose.2208@example.com,33,Female,Chennai,Standard,2026-01-15,6,4307.83,4479.13,25581.26,1.3,2.9,29.2,37,7,1.4,16.4,1,1,29.1,0,1,5,0,165008.89
CUST-2209,Vikram Verma,vikram.verma.2209@example.com,45,Male,Pune,Enterprise,2022-07-27,48,23086.77,24004.81,1096772.46,3.2,7.1,4.5,6,4,-13.2,13.8,2,2,44.9,0,0,3,0,1200000.0
CUST-2210,Amit Bose,amit.bose.2210@example.com,55,Male,Bengaluru,Enterprise,2025-12-22,7,23735.54,24679.38,164440.69,5.3,11.8,15.4,0,10,-37.5,63.1,6,2,15.9,0,1,2,0,1200000.0
CUST-2211,Neha Bhatia,neha.bhatia.2211@example.com,29,Female,Bengaluru,Basic,2026-04-08,3,1511.2,1571.29,4486.99,4.7,10.5,18.3,20,4,12.1,64.2,3,2,38.8,0,0,2,0,38763.54
CUST-2212,Shreya Nair,shreya.nair.2212@example.com,39,Female,Hyderabad,Enterprise,2025-11-27,8,22880.21,23790.04,181159.92,4.4,9.8,2.0,2,4,14.4,55.3,1,0,30.8,2,0,3,0,1142112.06
CUST-2213,Kavya Malhotra,kavya.malhotra.2213@example.com,26,Male,Hyderabad,Basic,2025-09-11,10,1511.37,1571.47,14958.32,2.3,5.1,31.8,8,5,-11.8,58.2,0,0,22.8,1,0,4,0,65147.85
CUST-2214,Aditi Verma,aditi.verma.2214@example.com,47,Female,Chennai,Premium,2025-05-18,14,8287.86,8617.43,114837.19,1.9,4.2,38.0,5,2,15.2,22.8,1,0,1.4,0,1,4,0,371864.58
CUST-2215,Manish Chauhan,manish.chauhan.2215@example.com,51,Female,Chennai,Basic,2025-09-08,10,1472.93,1531.5,14577.88,6.2,13.8,44.7,2,9,-11.3,62.0,3,0,11.5,0,1,5,0,84444.55
CUST-2216,Kavya Kapoor,kavya.kapoor.2216@example.com,34,Female,Chandigarh,Basic,2025-08-25,11,1488.48,1547.67,16204.95,7.8,17.4,10.5,2,6,22.3,47.8,2,1,24.1,0,0,4,0,67998.9
CUST-2217,Shreya Deshmukh,shreya.deshmukh.2217@example.com,40,Female,Chennai,Standard,2026-06-12,1,4990.87,5189.33,4939.56,5.4,12.0,23.3,19,8,-26.7,33.2,2,1,14.2,0,0,4,0,200552.19
CUST-2218,Arjun Verma,arjun.verma.2218@example.com,50,Male,Bengaluru,Premium,2026-02-15,5,8840.99,9192.55,43750.5,3.8,8.5,36.6,18,1,-31.5,44.3,1,1,13.2,0,0,4,0,210782.69
CUST-2219,Aditya Singh,aditya.singh.2219@example.com,24,Female,Chandigarh,Basic,2026-01-28,6,1474.59,1533.23,8756.58,6.8,15.1,19.2,5,6,-8.7,67.5,1,0,21.9,0,1,4,1,69545.85
CUST-2220,Amit Malhotra,amit.malhotra.2220@example.com,47,Female,Jaipur,Basic,2022-07-29,48,1709.42,1777.39,81208.62,2.4,5.3,15.8,2,6,21.2,51.4,2,1,43.8,0,0,3,0,113346.12
CUST-2221,Shreya Nair,shreya.nair.2221@example.com,33,Male,Kolkata,Enterprise,2026-02-10,5,30018.18,31211.85,148547.89,6.4,14.2,2.0,0,8,-34.4,0.0,1,1,1.4,0,0,3,0,1200000.0
CUST-2222,Sanjay Verma,sanjay.verma.2222@example.com,23,Male,Kolkata,Enterprise,2023-11-26,32,25885.7,26915.04,819826.62,2.9,6.5,34.5,1,1,27.4,63.4,1,0,10.2,0,1,4,0,1200000.0
CUST-2223,Siddharth Verma,siddharth.verma.2223@example.com,32,Male,Kolkata,Basic,2026-01-23,6,1808.49,1880.4,10739.39,3.1,6.9,21.8,5,5,-48.0,61.6,4,0,7.3,0,0,4,0,72305.76
CUST-2224,Sanjay Bose,sanjay.bose.2224@example.com,49,Female,Mumbai,Premium,2026-05-21,2,9170.43,9535.09,18152.31,3.5,7.8,14.0,2,3,-8.9,32.9,2,1,42.0,0,0,4,0,373541.91
CUST-2225,Isha Pandey,isha.pandey.2225@example.com,39,Male,Mumbai,Basic,2026-03-17,4,1452.46,1510.22,5750.11,4.0,8.9,25.1,0,6,-41.6,44.8,1,0,24.7,1,0,3,0,54214.29
CUST-2226,Siddharth Rao,siddharth.rao.2226@example.com,34,Female,Chennai,Standard,2026-02-22,5,4060.48,4221.94,20093.68,6.1,13.6,23.7,4,9,-75.1,44.7,0,0,32.7,0,1,4,0,179977.62
CUST-2227,Meera Verma,meera.verma.2227@example.com,58,Female,Kolkata,Standard,2022-07-22,48,4451.99,4629.02,211498.62,1.5,3.3,23.9,10,10,8.3,0.0,0,0,26.6,1,0,4,0,335810.24
CUST-2228,Simran Reddy,simran.reddy.2228@example.com,43,Female,Delhi NCR,Standard,2025-03-25,16,4112.97,4276.52,65130.99,2.9,6.5,19.6,16,3,-7.0,32.4,3,2,46.2,0,1,3,0,144318.52
CUST-2229,Karan Patel,karan.patel.2229@example.com,33,Female,Hyderabad,Standard,2023-05-29,38,4540.92,4721.49,170781.01,4.6,10.2,39.8,6,9,-41.1,33.3,0,0,19.4,0,0,4,0,274671.38
CUST-2230,Rajesh Chauhan,rajesh.chauhan.2230@example.com,23,Female,Delhi NCR,Standard,2024-05-24,26,3930.73,4087.03,101148.32,5.4,12.0,20.5,9,9,-16.5,38.2,3,1,29.7,0,0,3,0,220624.55
CUST-2231,Divya Deshmukh,divya.deshmukh.2231@example.com,58,Male,Kolkata,Standard,2025-06-28,13,4580.24,4762.37,58930.99,0.6,1.3,39.8,3,1,10.4,29.4,2,0,22.3,0,0,5,0,205081.77
CUST-2232,Harsh Das,harsh.das.2232@example.com,28,Female,Kolkata,Premium,2025-03-27,16,9193.41,9558.98,145582.35,2.5,5.6,28.2,5,2,-12.3,57.9,1,0,16.4,0,1,4,0,447139.65
CUST-2233,Manish Pandey,manish.pandey.2233@example.com,47,Male,Hyderabad,Premium,2025-05-23,14,9534.93,9914.08,132116.68,0.5,1.1,25.9,9,4,-7.6,22.6,0,0,16.1,0,1,5,0,495111.23
CUST-2234,Shreya Deshmukh,shreya.deshmukh.2234@example.com,47,Female,Kolkata,Standard,2025-03-10,16,4379.75,4553.91,69355.58,2.7,6.0,20.8,9,7,-13.2,63.8,3,1,29.7,0,0,3,0,215042.46
CUST-2235,Priya Mishra,priya.mishra.2235@example.com,45,Male,Pune,Basic,2026-02-22,5,1709.13,1777.09,8457.8,3.3,7.3,32.7,4,2,-18.3,56.8,1,0,21.4,0,1,5,0,67165.09
CUST-2236,Aarav Reddy,aarav.reddy.2236@example.com,33,Other,Bengaluru,Standard,2025-11-07,8,3933.22,4089.62,31142.28,5.3,11.8,23.2,5,7,-18.7,74.7,0,0,18.5,0,0,4,0,194905.91
CUST-2237,Sneha Chopra,sneha.chopra.2237@example.com,37,Female,Chandigarh,Premium,2025-06-23,13,10732.04,11158.8,138082.22,0.2,0.5,11.7,19,5,-19.5,83.6,4,2,34.2,0,1,3,0,423449.0
CUST-2238,Manish Reddy,manish.reddy.2238@example.com,44,Female,Hyderabad,Standard,2026-06-22,1,4609.43,4792.72,4562.04,5.6,12.5,11.4,7,10,-23.1,83.8,2,1,32.5,0,0,3,0,232364.86
CUST-2239,Rohan Sharma,rohan.sharma.2239@example.com,30,Male,Kolkata,Standard,2025-09-29,10,3926.76,4082.91,38863.91,3.1,6.9,26.6,7,7,-30.5,13.5,1,0,14.5,0,1,5,0,190943.26
CUST-2240,Harsh Kapoor,harsh.kapoor.2240@example.com,53,Male,Mumbai,Basic,2024-03-26,28,1860.62,1934.61,51561.77,3.5,7.8,12.0,11,9,-12.6,50.3,1,0,1.4,0,0,5,0,124064.43
CUST-2241,Tanvi Gupta,tanvi.gupta.2241@example.com,36,Female,Mumbai,Standard,2025-09-15,10,4529.58,4709.7,44830.14,6.2,13.8,21.3,0,9,-19.9,24.8,0,0,18.5,0,1,5,0,231222.17
CUST-2242,Siddharth Chopra,siddharth.chopra.2242@example.com,58,Male,Bengaluru,Basic,2025-07-27,12,1586.47,1649.56,18841.92,7.0,15.6,33.6,5,3,-32.0,100.0,0,0,5.2,0,0,4,0,68930.27
CUST-2243,Siddharth Bose,siddharth.bose.2243@example.com,34,Female,Mumbai,Enterprise,2026-03-22,4,23877.41,24826.89,94527.75,2.8,6.2,25.3,24,3,19.4,56.7,1,0,28.5,0,0,5,0,1200000.0
CUST-2244,Rajesh Chopra,rajesh.chopra.2244@example.com,26,Male,Chandigarh,Standard,2024-08-17,23,4345.42,4518.21,98917.18,2.8,6.2,14.1,3,7,32.5,76.0,0,0,9.0,1,0,5,0,228169.88
CUST-2245,Meera Bhatia,meera.bhatia.2245@example.com,32,Female,Ahmedabad,Basic,2025-12-18,7,1435.55,1492.63,9945.54,3.5,7.8,37.5,2,5,-2.0,52.4,0,0,10.0,2,1,4,0,65217.38
CUST-2246,Isha Chopra,isha.chopra.2246@example.com,31,Male,Ahmedabad,Standard,2022-11-13,44,4200.24,4367.26,182910.61,2.8,6.2,28.0,6,5,-0.1,0.0,1,0,21.0,0,1,4,0,264134.26
CUST-2247,Kavya Bhatia,kavya.bhatia.2247@example.com,34,Female,Ahmedabad,Premium,2022-07-22,48,9386.4,9759.65,445915.35,1.2,2.7,33.2,1,5,-21.4,23.2,2,0,15.9,0,0,4,0,565514.01
CUST-2248,Shreya Mishra,shreya.mishra.2248@example.com,36,Female,Bengaluru,Basic,2023-08-16,35,1726.82,1795.49,59817.36,4.1,9.1,2.0,6,9,27.9,25.5,4,1,38.2,0,0,3,0,114200.85
CUST-2249,Tara Kapoor,tara.kapoor.2249@example.com,28,Male,Bengaluru,Standard,2026-05-16,2,3868.37,4022.2,7657.2,2.8,6.2,25.6,1,4,46.7,32.6,2,1,21.5,1,1,3,0,158182.5
CUST-2250,Deepak Deshmukh,deepak.deshmukh.2250@example.com,49,Male,Chandigarh,Standard,2026-01-08,6,4749.43,4938.29,28203.62,4.4,9.8,31.3,6,6,-6.6,50.6,3,2,28.5,1,0,3,0,186325.88
CUST-2251,Kavya Deshmukh,kavya.deshmukh.2251@example.com,53,Male,Hyderabad,Premium,2023-02-28,41,9126.3,9489.21,370331.56,7.8,17.4,40.7,6,6,-16.6,54.0,1,1,14.8,1,1,4,0,492760.47
CUST-2252,Meera Singh,meera.singh.2252@example.com,56,Female,Chennai,Basic,2024-08-19,23,1582.04,1644.95,36012.84,4.0,8.9,5.9,4,7,7.6,0.0,0,0,1.8,0,0,4,0,87523.08
CUST-2253,Aditi Singh,aditi.singh.2253@example.com,36,Female,Ahmedabad,Standard,2023-09-23,34,4680.11,4866.21,157487.87,2.6,5.8,35.3,3,2,1.6,36.3,1,0,9.7,0,1,5,0,232652.73
CUST-2254,Arjun Mehta,arjun.mehta.2254@example.com,57,Female,Mumbai,Enterprise,2025-07-31,12,27971.06,29083.32,332202.04,3.6,8.0,40.1,2,6,-16.0,30.3,3,1,28.9,0,0,5,0,1200000.0
CUST-2255,Shreya Chauhan,shreya.chauhan.2255@example.com,42,Male,Delhi NCR,Enterprise,2025-09-15,10,25194.21,26196.05,249352.01,4.5,10.0,2.0,3,9,11.2,75.1,0,0,31.4,0,0,5,0,1200000.0
CUST-2256,Kavya Mishra,kavya.mishra.2256@example.com,27,Male,Chennai,Standard,2026-05-11,2,4139.65,4304.26,8194.18,3.9,8.7,27.3,5,3,24.3,56.2,2,1,34.2,0,0,3,0,167863.67
CUST-2257,Aditya Saxena,aditya.saxena.2257@example.com,22,Male,Chandigarh,Enterprise,2024-05-22,26,25174.63,26175.69,647811.37,3.0,6.7,28.8,2,2,-24.0,37.6,2,0,9.2,0,0,5,0,1200000.0
CUST-2258,Meera Saxena,meera.saxena.2258@example.com,25,Male,Hyderabad,Standard,2024-11-29,20,4431.57,4607.79,87720.22,0.7,1.6,18.4,11,8,69.2,47.4,1,0,17.9,2,0,4,0,222281.08
CUST-2259,Nikhil Agarwal,nikhil.agarwal.2259@example.com,32,Male,Mumbai,Standard,2026-06-10,1,4064.66,4226.29,4022.87,5.5,12.2,16.6,9,1,-44.9,1.5,2,0,16.3,2,0,5,0,44158.7
CUST-2260,Rahul Das,rahul.das.2260@example.com,47,Female,Kolkata,Standard,2026-04-01,4,4614.82,4798.33,18269.51,2.3,5.1,29.3,2,8,-25.8,57.9,3,0,29.9,0,1,5,0,248120.99
CUST-2261,Rohan Agarwal,rohan.agarwal.2261@example.com,58,Female,Hyderabad,Basic,2025-07-30,12,1653.29,1719.03,19635.52,7.3,16.3,15.2,0,5,4.6,32.5,4,0,31.8,1,1,4,0,59819.07
CUST-2262,Siddharth Das,siddharth.das.2262@example.com,44,Male,Ahmedabad,Standard,2025-02-14,17,3803.04,3954.27,63987.03,3.4,7.6,19.6,0,9,60.9,22.6,1,0,1.0,2,1,4,0,216887.83
CUST-2263,Deepak Saxena,deepak.saxena.2263@example.com,50,Female,Ahmedabad,Standard,2026-04-13,3,4033.37,4193.76,11975.71,3.1,6.9,30.9,6,9,-17.8,73.5,3,0,32.7,0,1,5,0,179994.6
CUST-2264,Kavya Chopra,kavya.chopra.2264@example.com,42,Female,Kolkata,Premium,2026-03-13,4,8796.58,9146.37,34824.59,3.2,7.1,41.3,1,4,-31.8,48.6,2,0,1.0,0,0,5,0,405117.7
CUST-2265,Karan Pandey,karan.pandey.2265@example.com,48,Male,Chandigarh,Premium,2026-03-20,4,9328.45,9699.39,36930.2,4.5,10.0,27.9,0,1,13.4,26.0,1,0,19.3,2,1,4,1,377138.66
CUST-2266,Siddharth Rao,siddharth.rao.2266@example.com,34,Male,Jaipur,Standard,2026-03-26,4,4321.3,4493.14,17107.5,2.4,5.3,23.5,3,5,-9.0,27.5,0,0,1.0,0,1,5,0,179240.51
CUST-2267,Tara Mishra,tara.mishra.2267@example.com,44,Male,Hyderabad,Basic,2023-08-02,36,1614.97,1679.19,57541.22,2.8,6.2,16.3,24,7,16.6,50.8,1,1,36.2,1,0,3,0,90355.07
CUST-2268,Arjun Mehta,arjun.mehta.2268@example.com,37,Male,Kolkata,Basic,2025-01-13,18,1744.96,1814.35,31086.38,5.5,12.2,10.9,8,9,-4.0,48.9,0,0,11.9,0,1,4,0,96712.0
CUST-2269,Rhea Bose,rhea.bose.2269@example.com,51,Female,Chandigarh,Basic,2024-12-23,19,1448.35,1505.94,27235.74,2.1,4.7,34.2,14,10,-26.0,42.7,2,0,24.1,0,0,4,0,78848.43
CUST-2270,Shreya Deshmukh,shreya.deshmukh.2270@example.com,25,Female,Chandigarh,Standard,2024-08-28,23,4923.83,5119.63,112083.84,5.4,12.0,20.3,1,9,63.8,13.1,3,2,28.5,0,0,3,0,304196.96
CUST-2271,Ananya Chauhan,ananya.chauhan.2271@example.com,37,Male,Bengaluru,Basic,2025-12-22,7,1528.97,1589.77,10592.76,5.9,13.1,34.7,0,9,-84.7,16.7,1,0,27.7,0,0,4,0,67870.99
CUST-2272,Rohan Agarwal,rohan.agarwal.2272@example.com,52,Male,Hyderabad,Standard,2024-10-24,21,4019.34,4179.17,83538.4,5.6,12.5,18.4,0,6,49.0,24.0,1,0,1.0,1,1,5,0,226940.64
CUST-2273,Nikhil Joshi,nikhil.joshi.2273@example.com,46,Female,Mumbai,Standard,2022-07-19,48,4558.11,4739.36,216540.01,4.7,10.5,14.9,23,2,24.1,37.3,1,1,31.3,0,0,3,0,252576.48
CUST-2274,Siddharth Deshmukh,siddharth.deshmukh.2274@example.com,33,Female,Jaipur,Premium,2025-02-27,17,10636.2,11059.15,178956.53,0.4,0.9,26.6,2,5,-22.9,41.0,2,0,21.0,0,0,4,0,580060.22
CUST-2275,Swati Das,swati.das.2275@example.com,47,Female,Pune,Premium,2025-11-17,8,9291.15,9660.61,73565.06,1.7,3.8,21.2,4,3,50.4,38.2,2,1,28.5,1,0,4,0,352006.11
CUST-2276,Sanjay Verma,sanjay.verma.2276@example.com,58,Female,Delhi NCR,Standard,2025-01-18,18,4644.42,4829.1,82740.11,1.4,3.1,8.7,3,6,-40.4,39.3,1,0,22.2,1,0,4,1,222707.19
CUST-2277,Deepak Agarwal,deepak.agarwal.2277@example.com,54,Male,Hyderabad,Basic,2023-10-25,33,1812.75,1884.83,59205.76,3.4,7.6,42.0,9,5,26.2,87.1,2,0,29.6,1,0,4,0,106139.87
CUST-2278,Vikram Pandey,vikram.pandey.2278@example.com,49,Female,Chennai,Standard,2026-05-14,2,4672.36,4858.16,9248.65,4.3,9.6,15.1,2,10,-60.3,62.4,4,0,27.8,0,0,4,0,217042.1
CUST-2279,Tara Verma,tara.verma.2279@example.com,30,Female,Chandigarh,Basic,2026-02-26,5,1367.04,1421.4,6764.93,1.7,3.8,32.2,5,1,-34.1,70.5,1,1,7.1,1,1,3,0,28477.86
CUST-2280,Pooja Kumar,pooja.kumar.2280@example.com,33,Male,Bengaluru,Basic,2023-07-20,36,1783.18,1854.09,63534.53,3.8,8.5,31.3,40,10,-34.2,53.1,3,1,25.4,0,0,4,0,92349.98
CUST-2281,Rahul Gupta,rahul.gupta.2281@example.com,26,Female,Kolkata,Basic,2023-02-24,41,1755.43,1825.23,71232.71,5.6,12.5,8.1,4,10,-23.0,43.7,0,0,20.3,0,0,4,0,118991.74
CUST-2282,Sanjay Joshi,sanjay.joshi.2282@example.com,49,Male,Ahmedabad,Basic,2025-09-28,10,1700.24,1767.85,16827.61,2.1,4.7,11.0,6,2,-1.7,51.8,1,1,23.2,0,0,4,0,72095.78
CUST-2283,Manish Kapoor,manish.kapoor.2283@example.com,56,Male,Kolkata,Basic,2025-12-12,7,1747.85,1817.35,12109.17,2.5,5.6,18.7,5,5,-25.1,47.4,0,0,17.9,0,1,5,0,76808.95
CUST-2284,Rahul Rao,rahul.rao.2284@example.com,26,Male,Kolkata,Basic,2026-02-10,5,1862.96,1937.04,9219.04,6.7,14.9,12.5,12,6,-59.0,61.4,3,1,29.7,0,0,3,1,54425.14
CUST-2285,Isha Kapoor,isha.kapoor.2285@example.com,55,Male,Jaipur,Basic,2025-09-28,10,1575.28,1637.92,15590.85,2.3,5.1,41.0,2,1,11.0,18.6,1,1,33.1,0,0,4,0,68787.13
CUST-2286,Shreya Agarwal,shreya.agarwal.2286@example.com,55,Male,Hyderabad,Standard,2023-04-15,39,3693.19,3840.05,142553.66,4.9,10.9,19.8,1,7,-0.6,59.4,2,0,22.8,0,1,5,0,240328.71
CUST-2287,Simran Mishra,simran.mishra.2287@example.com,34,Male,Kolkata,Enterprise,2026-04-12,3,26531.73,27586.76,78776.91,6.8,15.1,31.8,10,3,9.4,46.0,1,0,26.4,0,0,5,0,1200000.0
CUST-2288,Neha Nair,neha.nair.2288@example.com,35,Male,Jaipur,Premium,2025-11-10,8,8245.35,8573.22,65284.67,1.7,3.8,27.7,4,1,2.8,0.0,2,0,39.6,0,0,4,0,303846.21
CUST-2289,Sanjay Kapoor,sanjay.kapoor.2289@example.com,32,Male,Pune,Basic,2023-09-27,34,1503.48,1563.27,50592.8,1.9,4.2,24.9,18,7,24.7,44.1,1,1,21.5,0,0,5,0,86930.74
CUST-2290,Manish Deshmukh,manish.deshmukh.2290@example.com,59,Male,Mumbai,Standard,2025-12-18,7,4420.53,4596.31,30625.59,3.7,8.2,22.4,7,7,-4.1,10.7,2,0,14.4,1,0,3,0,206576.92
CUST-2291,Arjun Pandey,arjun.pandey.2291@example.com,25,Male,Pune,Premium,2024-10-11,21,9074.3,9435.14,188601.24,4.3,9.6,35.6,6,10,26.4,29.2,3,2,40.4,0,0,4,0,530253.21
CUST-2292,Tanvi Agarwal,tanvi.agarwal.2292@example.com,54,Female,Hyderabad,Basic,2025-12-16,7,1708.69,1776.64,11837.87,2.9,6.5,12.9,0,3,-23.7,38.2,1,0,15.9,0,0,5,0,73796.63
CUST-2293,Sanjay Chauhan,sanjay.chauhan.2293@example.com,28,Male,Ahmedabad,Premium,2024-08-15,23,10688.07,11113.08,243298.4,8.3,18.5,41.0,9,6,-22.1,5.8,1,1,19.9,0,0,4,0,446672.9
CUST-2294,Priya Gupta,priya.gupta.2294@example.com,29,Male,Pune,Standard,2022-07-28,48,4187.57,4354.09,198936.94,5.3,11.8,7.8,8,4,36.5,40.7,3,1,18.5,0,1,4,0,245549.22
CUST-2295,Pooja Nair,pooja.nair.2295@example.com,58,Female,Jaipur,Enterprise,2025-12-14,7,30374.99,31582.85,210439.04,2.5,5.6,30.6,7,4,36.0,43.6,1,0,23.5,0,0,5,0,1200000.0
CUST-2296,Rohan Iyer,rohan.iyer.2296@example.com,31,Female,Jaipur,Premium,2024-04-24,27,8350.56,8682.62,223147.22,1.3,2.9,6.5,2,9,14.1,60.1,1,1,29.4,0,0,4,0,434173.66
CUST-2297,Amit Joshi,amit.joshi.2297@example.com,36,Female,Delhi NCR,Standard,2022-07-22,48,4774.96,4964.84,226841.81,4.1,9.1,18.5,21,7,-26.9,31.1,2,1,46.4,3,0,2,0,219435.2
CUST-2298,Arjun Kumar,arjun.kumar.2298@example.com,59,Male,Chandigarh,Standard,2022-08-02,48,4758.81,4948.04,226074.58,5.1,11.4,23.0,2,6,-29.1,48.6,2,2,19.7,2,0,2,0,268352.91
CUST-2299,Rhea Sharma,rhea.sharma.2299@example.com,36,Male,Chennai,Basic,2025-11-10,8,1518.03,1578.39,12019.39,8.1,18.0,16.6,1,9,35.2,39.7,1,0,4.0,3,0,3,0,66789.1
CUST-2300,Siddharth Kumar,siddharth.kumar.2300@example.com,26,Female,Chennai,Basic,2025-09-12,10,1505.82,1565.7,14903.39,4.4,9.8,20.0,32,3,33.6,32.0,5,4,48.8,0,0,2,1,17467.59
CUST-2301,Priya Bhatia,priya.bhatia.2301@example.com,50,Male,Hyderabad,Standard,2026-01-21,6,4026.13,4186.23,23908.44,3.7,8.2,6.7,10,4,-3.8,1.9,1,1,14.6,1,1,4,0,158090.05
CUST-2302,Siddharth Gupta,siddharth.gupta.2302@example.com,40,Male,Chandigarh,Basic,2026-01-27,6,1774.8,1845.37,10539.32,2.1,4.7,11.1,4,9,63.6,39.3,0,0,1.0,0,1,4,0,76677.36
CUST-2303,Isha Verma,isha.verma.2303@example.com,31,Male,Delhi NCR,Basic,2025-09-26,10,1785.43,1856.43,17670.75,5.0,11.1,27.5,20,4,10.8,59.9,2,1,18.9,0,1,3,0,71969.48
CUST-2304,Aditi Joshi,aditi.joshi.2304@example.com,33,Female,Bengaluru,Basic,2026-03-31,4,1522.09,1582.62,6025.77,6.3,14.0,22.3,0,7,-33.0,19.6,1,1,50.0,2,0,2,1,34884.28
CUST-2305,Siddharth Mehta,siddharth.mehta.2305@example.com,25,Male,Kolkata,Premium,2025-01-31,18,9965.55,10361.83,177535.78,0.4,0.9,14.4,0,9,-9.7,36.8,1,1,53.8,0,0,4,0,582646.1
CUST-2306,Sneha Mehta,sneha.mehta.2306@example.com,52,Female,Pune,Basic,2025-08-30,11,1421.99,1478.54,15481.08,4.4,9.8,36.6,8,4,-1.8,40.3,2,1,30.5,0,0,4,0,65012.05
CUST-2307,Sneha Agarwal,sneha.agarwal.2307@example.com,39,Female,Chandigarh,Basic,2023-12-01,32,1595.04,1658.47,50516.55,2.1,4.7,8.6,1,9,0.4,68.5,0,0,2.6,0,1,5,0,103549.4
CUST-2308,Manish Rao,manish.rao.2308@example.com,37,Male,Kolkata,Standard,2024-07-12,24,4997.06,5195.77,118696.5,1.3,2.9,18.0,18,7,33.0,42.7,4,2,22.6,1,0,4,0,292473.33
CUST-2309,Neha Bhatia,neha.bhatia.2309@example.com,57,Female,Bengaluru,Standard,2026-01-28,6,3821.42,3973.38,22692.8,7.8,17.4,16.4,13,4,-28.8,48.9,2,1,25.1,0,0,4,1,142017.57
CUST-2310,Nikhil Bose,nikhil.bose.2310@example.com,46,Female,Ahmedabad,Basic,2025-09-25,10,1846.24,1919.66,18272.6,6.1,13.6,28.8,2,3,-39.3,41.8,0,0,10.0,0,0,5,1,86695.26
CUST-2311,Pooja Bhatia,pooja.bhatia.2311@example.com,44,Female,Delhi NCR,Enterprise,2024-11-17,20,29711.04,30892.49,588111.91,2.9,6.5,22.5,16,6,14.9,30.2,4,2,34.0,1,0,3,0,1200000.0
CUST-2312,Amit Kapoor,amit.kapoor.2312@example.com,33,Male,Kolkata,Standard,2026-03-23,4,4959.86,5157.09,19635.48,3.9,8.7,20.8,0,3,-16.2,14.8,3,1,24.5,1,1,2,0,132547.27
CUST-2313,Vikram Nair,vikram.nair.2313@example.com,55,Female,Delhi NCR,Standard,2026-06-15,1,3850.45,4003.56,3810.87,3.5,7.8,2.0,5,7,65.9,35.2,3,1,9.3,2,0,2,0,199324.67
CUST-2314,Ananya Malhotra,ananya.malhotra.2314@example.com,57,Male,Delhi NCR,Basic,2024-04-22,27,1461.12,1519.22,39044.67,1.8,4.0,31.5,20,1,24.4,51.4,4,1,23.4,0,0,4,0,63369.31
CUST-2315,Tanvi Pandey,tanvi.pandey.2315@example.com,58,Female,Chandigarh,Standard,2026-04-29,3,3622.71,3766.77,10756.4,3.1,6.9,19.6,14,7,-16.7,45.0,1,1,29.6,0,0,4,0,159705.86
CUST-2316,Shreya Joshi,shreya.joshi.2316@example.com,24,Male,Jaipur,Premium,2023-12-10,31,10381.66,10794.48,318522.87,5.8,12.9,23.3,3,3,32.0,77.5,3,1,19.5,2,0,2,0,544473.31
CUST-2317,Swati Bhatia,swati.bhatia.2317@example.com,30,Male,Mumbai,Basic,2023-08-23,35,1687.02,1754.1,58438.68,3.0,6.7,13.8,1,9,18.5,64.7,2,1,35.4,0,1,4,0,109498.14
CUST-2318,Aditi Iyer,aditi.iyer.2318@example.com,39,Female,Hyderabad,Standard,2025-10-27,9,3848.33,4001.36,34278.9,5.2,11.6,12.0,1,6,15.7,71.8,1,0,16.7,0,0,4,0,178309.9
CUST-2319,Aditya Kapoor,aditya.kapoor.2319@example.com,56,Female,Chennai,Basic,2024-07-15,24,1764.17,1834.32,41904.8,3.0,6.7,38.5,5,7,-5.4,0.0,1,1,22.4,2,0,3,0,82056.27
CUST-2320,Meera Deshmukh,meera.deshmukh.2320@example.com,55,Female,Delhi NCR,Enterprise,2025-12-15,7,25116.96,26115.73,174011.21,1.7,3.8,2.5,6,9,9.8,79.9,3,0,16.7,0,0,4,0,1200000.0
CUST-2321,Aditya Sharma,aditya.sharma.2321@example.com,35,Male,Chandigarh,Basic,2024-03-19,28,1419.93,1476.39,39349.31,6.7,14.9,10.4,0,6,-60.9,48.4,0,0,9.5,0,0,4,0,70653.26
CUST-2322,Arjun Pandey,arjun.pandey.2322@example.com,25,Male,Chandigarh,Premium,2024-06-30,25,9430.02,9805.0,233326.86,0.2,0.5,38.3,4,10,34.9,51.8,1,1,28.9,0,1,4,0,616823.46
CUST-2323,Ananya Deshmukh,ananya.deshmukh.2323@example.com,50,Female,Kolkata,Basic,2026-05-17,2,1396.83,1452.37,2764.94,7.9,17.6,29.0,13,2,-85.0,63.5,3,1,13.7,2,0,3,1,5000.0
CUST-2324,Vikram Singh,vikram.singh.2324@example.com,36,Female,Kolkata,Standard,2025-07-02,13,3967.55,4125.32,51047.9,6.3,14.0,18.4,4,6,-14.4,42.5,4,1,52.7,0,0,4,0,195661.52
CUST-2325,Sanjay Rao,sanjay.rao.2325@example.com,49,Female,Pune,Standard,2025-05-01,15,4118.84,4282.62,61147.44,4.6,10.2,35.7,1,6,-46.7,16.3,0,0,40.3,0,0,4,0,189988.57
CUST-2326,Aarav Deshmukh,aarav.deshmukh.2326@example.com,37,Male,Delhi NCR,Basic,2026-06-14,1,1796.03,1867.45,1777.57,3.3,7.3,26.9,23,2,-16.0,76.7,2,2,31.1,2,0,1,1,5000.0
CUST-2327,Varun Chopra,varun.chopra.2327@example.com,33,Male,Mumbai,Standard,2022-07-26,48,4708.39,4895.62,223679.3,3.4,7.6,24.6,2,7,-4.1,23.6,2,0,22.8,0,0,4,0,324215.94
CUST-2328,Isha Chopra,isha.chopra.2328@example.com,26,Female,Hyderabad,Basic,2025-11-24,8,1581.39,1644.27,12521.06,4.6,10.2,24.5,12,9,-35.5,18.3,1,0,23.2,0,0,4,0,74231.79
CUST-2329,Varun Kumar,varun.kumar.2329@example.com,55,Female,Hyderabad,Basic,2025-08-21,11,1729.25,1798.01,18826.2,4.6,10.2,27.1,1,10,-79.7,36.4,3,1,31.1,0,0,3,0,62998.68
CUST-2330,Ananya Bose,ananya.bose.2330@example.com,22,Male,Ahmedabad,Premium,2026-03-19,4,9890.15,10283.43,39153.9,2.2,4.9,27.6,4,4,3.8,32.7,1,1,32.2,0,0,4,0,415963.81
CUST-2331,Ananya Iyer,ananya.iyer.2331@example.com,53,Female,Ahmedabad,Basic,2025-05-09,14,1527.92,1588.68,21170.97,4.3,9.6,46.2,5,5,56.4,42.1,1,1,33.1,0,0,3,0,69724.23
CUST-2332,Deepak Sharma,deepak.sharma.2332@example.com,47,Female,Pune,Standard,2024-07-11,24,4615.07,4798.59,109622.99,4.7,10.5,19.9,5,6,-11.8,39.6,0,0,24.3,1,0,3,0,227185.79
CUST-2333,Divya Pandey,divya.pandey.2333@example.com,38,Male,Chennai,Basic,2025-06-26,13,1707.7,1775.61,21971.87,3.6,8.0,20.2,5,1,24.9,74.3,1,1,14.6,0,0,5,0,68350.65
CUST-2334,Priya Joshi,priya.joshi.2334@example.com,48,Male,Ahmedabad,Basic,2024-09-12,22,1673.91,1740.47,36447.43,8.9,19.8,8.4,1,8,40.1,53.0,1,0,21.3,0,0,5,0,108349.69
CUST-2335,Simran Kumar,simran.kumar.2335@example.com,45,Male,Bengaluru,Standard,2024-12-17,19,4464.02,4641.53,83944.42,3.9,8.7,21.4,5,9,-55.2,21.4,2,0,7.1,0,0,4,0,241056.37
CUST-2336,Karan Kapoor,karan.kapoor.2336@example.com,56,Female,Pune,Standard,2026-03-27,4,4555.04,4736.17,18032.85,0.5,1.1,42.5,4,1,-14.8,24.7,2,1,30.3,0,0,4,0,133964.84
CUST-2337,Simran Mehta,simran.mehta.2337@example.com,47,Male,Hyderabad,Basic,2025-10-13,9,1550.85,1612.52,13814.16,2.1,4.7,32.8,1,4,-37.7,32.7,1,0,27.2,0,1,5,0,72804.3
CUST-2338,Simran Rao,simran.rao.2338@example.com,59,Male,Hyderabad,Standard,2026-04-12,3,4815.5,5006.99,14297.98,5.7,12.7,16.0,33,6,-24.6,32.8,2,1,28.5,0,0,3,1,100154.7
CUST-2339,Simran Gupta,simran.gupta.2339@example.com,44,Female,Mumbai,Basic,2026-06-21,1,1434.25,1491.28,1419.51,2.7,6.0,22.3,15,10,45.7,29.6,1,0,25.0,1,0,4,0,79337.48
CUST-2340,Rajesh Chopra,rajesh.chopra.2340@example.com,43,Male,Chandigarh,Premium,2026-06-16,1,10883.03,11315.79,10771.15,2.1,4.7,7.7,16,1,4.3,15.6,1,0,18.6,0,0,4,0,403616.14
CUST-2341,Meera Saxena,meera.saxena.2341@example.com,25,Male,Bengaluru,Basic,2023-03-24,40,1528.68,1589.47,60518.58,7.1,15.8,11.3,8,3,20.1,49.0,2,0,38.2,0,0,5,0,98290.34
CUST-2342,Deepak Bhatia,deepak.bhatia.2342@example.com,30,Male,Chennai,Basic,2022-07-31,48,1414.7,1470.96,67207.5,4.6,10.2,23.6,1,7,-3.2,31.1,4,1,28.9,0,0,4,0,87758.51
CUST-2343,Amit Bhatia,amit.bhatia.2343@example.com,25,Male,Kolkata,Premium,2026-05-15,2,9988.98,10386.19,19772.58,2.9,6.5,16.6,6,8,-35.9,19.2,5,1,13.0,0,0,3,1,457904.72
CUST-2344,Deepak Joshi,deepak.joshi.2344@example.com,28,Female,Pune,Basic,2026-01-30,6,1546.36,1607.85,9182.78,0.2,0.5,10.5,12,8,17.0,53.7,4,3,34.2,0,0,3,0,64567.68
CUST-2345,Rohan Iyer,rohan.iyer.2345@example.com,44,Male,Ahmedabad,Basic,2026-06-01,2,1776.95,1847.61,3517.36,5.5,12.2,27.4,0,5,33.1,62.3,1,1,29.2,0,1,3,0,76060.1
CUST-2346,Nikhil Singh,nikhil.singh.2346@example.com,23,Female,Jaipur,Standard,2024-05-10,26,4202.05,4369.14,108130.12,4.2,9.4,21.1,5,1,6.9,36.1,0,0,31.8,0,1,5,0,206424.64
CUST-2347,Rajesh Kapoor,rajesh.kapoor.2347@example.com,45,Female,Mumbai,Premium,2025-09-15,10,10204.84,10610.63,100999.29,6.9,15.4,4.8,3,1,11.7,84.8,3,2,36.8,3,0,2,0,293056.08
CUST-2348,Sneha Iyer,sneha.iyer.2348@example.com,52,Male,Hyderabad,Enterprise,2025-05-10,14,25196.25,26198.17,349121.08,1.9,4.2,2.0,1,8,-36.6,95.2,1,0,18.7,1,0,4,0,1200000.0
CUST-2349,Vikram Mishra,vikram.mishra.2349@example.com,52,Male,Jaipur,Premium,2025-08-24,11,8758.8,9107.09,95356.31,3.4,7.6,15.7,3,5,17.8,53.9,1,0,2.6,0,0,4,0,409360.52
CUST-2350,Priya Malhotra,priya.malhotra.2350@example.com,55,Male,Pune,Standard,2025-01-10,18,4142.23,4306.95,73793.62,4.8,10.7,4.5,30,9,35.7,30.7,1,0,38.8,0,0,5,0,216217.38
CUST-2351,Meera Reddy,meera.reddy.2351@example.com,45,Male,Delhi NCR,Standard,2026-01-31,6,4448.42,4625.31,26416.13,6.8,15.1,2.0,9,1,9.3,48.5,2,1,8.1,0,0,4,0,172335.12
CUST-2352,Rajesh Gupta,rajesh.gupta.2352@example.com,47,Female,Chennai,Standard,2026-04-23,3,4518.6,4698.28,13416.44,4.7,10.5,34.4,2,2,-52.3,12.6,2,2,13.5,2,1,2,1,15126.75
CUST-2353,Ananya Patel,ananya.patel.2353@example.com,37,Female,Delhi NCR,Basic,2026-06-10,1,1652.46,1718.17,1635.47,2.7,6.0,20.9,6,4,43.8,21.1,4,3,34.4,1,0,2,1,49859.52
CUST-2354,Aditi Rao,aditi.rao.2354@example.com,34,Male,Pune,Enterprise,2025-10-18,9,31144.24,32382.69,277416.55,6.9,15.4,19.1,2,10,-28.5,1.6,2,0,23.1,0,1,4,0,1200000.0
CUST-2355,Tanvi Malhotra,tanvi.malhotra.2355@example.com,36,Male,Delhi NCR,Basic,2023-09-13,34,1711.68,1779.74,57598.82,3.5,7.8,19.9,7,7,8.9,26.9,1,1,19.2,2,0,2,0,101818.77
CUST-2356,Tara Agarwal,tara.agarwal.2356@example.com,48,Male,Chennai,Basic,2026-01-17,6,1837.82,1910.9,10913.56,4.6,10.2,9.5,16,4,24.7,12.4,1,0,8.6,0,0,4,0,89252.62
CUST-2357,Karan Das,karan.das.2357@example.com,25,Female,Chandigarh,Premium,2026-03-09,4,8470.55,8807.38,33533.87,5.8,12.9,26.5,6,8,28.2,57.0,3,2,22.1,0,0,2,0,411285.42
CUST-2358,Priya Patel,priya.patel.2358@example.com,37,Male,Pune,Premium,2023-06-12,37,8292.4,8622.15,303664.55,7.5,16.7,20.6,9,7,-52.4,24.0,2,1,45.2,0,0,4,0,454623.95
CUST-2359,Siddharth Joshi,siddharth.joshi.2359@example.com,51,Male,Jaipur,Basic,2026-05-13,2,1512.26,1572.39,2993.43,5.0,11.1,13.7,4,5,1.3,48.6,2,1,28.0,0,1,4,0,71025.74
CUST-2360,Ananya Gupta,ananya.gupta.2360@example.com,51,Male,Delhi NCR,Basic,2026-07-01,1,1420.76,1477.26,1406.15,9.6,21.4,15.3,5,7,-0.6,59.9,4,2,42.8,2,0,2,0,42072.04
CUST-2361,Isha Reddy,isha.reddy.2361@example.com,57,Female,Chennai,Standard,2024-01-19,30,4335.13,4507.52,128716.88,4.0,8.9,8.5,8,8,38.3,70.1,2,1,48.7,0,0,5,0,237113.74
CUST-2362,Manish Gupta,manish.gupta.2362@example.com,24,Female,Ahmedabad,Standard,2025-02-28,17,4325.49,4497.49,72777.37,4.8,10.7,17.5,12,3,10.8,33.5,2,1,48.3,0,0,4,0,208137.04
CUST-2363,Simran Bose,simran.bose.2363@example.com,43,Male,Kolkata,Standard,2025-11-14,8,4403.96,4579.08,34869.48,2.9,6.5,19.4,8,3,38.5,49.5,2,1,13.2,0,0,4,0,197565.7
CUST-2364,Meera Agarwal,meera.agarwal.2364@example.com,43,Male,Chennai,Basic,2024-11-23,20,1740.08,1809.27,34443.82,4.9,10.9,17.2,28,2,13.1,50.2,1,0,19.0,1,1,4,0,76096.84
CUST-2365,Ananya Iyer,ananya.iyer.2365@example.com,33,Female,Mumbai,Enterprise,2024-12-31,19,30997.89,32230.52,582905.1,4.8,10.7,22.6,12,4,-4.1,72.5,1,1,33.4,0,1,4,0,1200000.0
CUST-2366,Nikhil Bose,nikhil.bose.2366@example.com,42,Male,Kolkata,Basic,2026-07-01,1,1809.88,1881.85,1791.27,6.4,14.2,21.1,11,4,3.4,60.8,0,0,17.3,0,0,4,0,80866.61
CUST-2367,Simran Mehta,simran.mehta.2367@example.com,25,Female,Ahmedabad,Standard,2025-03-16,16,3764.77,3914.48,59617.06,5.1,11.4,24.5,13,4,40.7,73.3,3,3,31.9,0,0,2,0,177841.63
CUST-2368,Sanjay Verma,sanjay.verma.2368@example.com,52,Male,Bengaluru,Standard,2025-04-16,15,4072.9,4234.86,60465.43,3.1,6.9,32.4,2,2,-38.3,2.0,2,1,1.0,0,0,4,0,138989.16
CUST-2369,Aditi Malhotra,aditi.malhotra.2369@example.com,52,Female,Jaipur,Basic,2022-08-26,47,1483.32,1542.3,68999.32,4.7,10.5,28.5,4,7,23.4,26.1,3,3,56.2,0,1,2,0,103487.43
CUST-2370,Siddharth Gupta,siddharth.gupta.2370@example.com,44,Male,Hyderabad,Basic,2022-07-27,48,1441.87,1499.21,68498.25,2.8,6.2,32.5,6,10,-19.6,66.8,0,0,38.2,0,1,5,0,105967.62
CUST-2371,Karan Gupta,karan.gupta.2371@example.com,41,Female,Ahmedabad,Enterprise,2025-12-31,7,27265.25,28349.45,188894.65,5.4,12.0,12.7,4,3,-25.6,55.9,1,0,24.8,0,0,4,0,1200000.0
CUST-2372,Sneha Nair,sneha.nair.2372@example.com,36,Female,Chandigarh,Premium,2025-07-01,13,9841.69,10233.04,126626.66,3.0,6.7,16.4,14,10,26.7,39.0,2,1,23.7,0,0,4,0,525409.57
CUST-2373,Shreya Kumar,shreya.kumar.2373@example.com,44,Female,Kolkata,Basic,2026-04-28,3,1468.32,1526.71,4359.67,1.3,2.9,29.2,0,1,-26.7,30.6,1,0,9.4,0,0,5,0,53254.73
CUST-2374,Nikhil Mishra,nikhil.mishra.2374@example.com,49,Female,Chandigarh,Premium,2026-06-21,1,10341.33,10752.55,10235.02,1.8,4.0,29.4,1,2,8.6,60.9,3,1,25.6,0,0,4,0,389220.95
CUST-2375,Arjun Pandey,arjun.pandey.2375@example.com,37,Female,Kolkata,Basic,2025-11-16,8,1733.62,1802.56,13726.38,1.7,3.8,14.5,16,5,-15.7,0.0,3,1,40.0,0,0,4,0,60367.28
CUST-2376,Neha Mishra,neha.mishra.2376@example.com,58,Male,Mumbai,Standard,2025-02-18,17,3628.46,3772.75,61049.68,3.1,6.9,28.7,0,9,-68.0,61.0,0,0,22.6,0,1,4,0,184719.74
CUST-2377,Vikram Sharma,vikram.sharma.2377@example.com,42,Female,Bengaluru,Basic,2025-07-14,12,1556.73,1618.63,18488.71,2.4,5.3,11.6,1,4,11.4,44.2,1,1,1.0,1,0,3,0,63872.05
CUST-2378,Ananya Mehta,ananya.mehta.2378@example.com,36,Female,Hyderabad,Premium,2025-11-30,8,10902.73,11336.28,86325.16,4.2,9.4,27.3,3,6,1.5,30.3,1,1,43.2,0,1,4,0,518721.7
CUST-2379,Shreya Bose,shreya.bose.2379@example.com,38,Male,Mumbai,Basic,2024-07-10,24,1622.09,1686.59,38529.94,3.4,7.6,21.7,10,3,-55.5,54.1,0,0,24.1,1,0,5,0,74423.89
CUST-2380,Isha Deshmukh,isha.deshmukh.2380@example.com,58,Female,Ahmedabad,Standard,2024-08-25,23,4085.66,4248.13,93004.12,5.3,11.8,6.8,6,9,-21.6,32.7,2,0,3.1,1,1,5,0,239967.44
CUST-2381,Priya Bose,priya.bose.2381@example.com,34,Female,Chandigarh,Premium,2024-12-29,19,8898.09,9251.92,167325.65,5.0,11.1,17.2,23,2,-52.6,42.7,2,2,39.1,3,1,2,1,86150.13
CUST-2382,Nikhil Bose,nikhil.bose.2382@example.com,40,Female,Kolkata,Basic,2026-05-14,2,1476.78,1535.5,2923.2,3.5,7.8,46.0,1,8,18.5,40.9,2,0,18.5,0,1,5,0,72164.05
CUST-2383,Tanvi Verma,tanvi.verma.2383@example.com,51,Male,Ahmedabad,Standard,2024-08-24,23,3738.74,3887.41,85106.99,6.8,15.1,24.2,15,3,36.9,59.9,4,2,34.5,0,0,3,0,189971.4
CUST-2384,Aarav Gupta,aarav.gupta.2384@example.com,39,Male,Chennai,Basic,2023-07-15,36,1777.86,1848.56,63344.98,2.3,5.1,47.3,2,8,21.8,45.8,2,1,11.9,0,1,4,0,106858.89
CUST-2385,Tanvi Pandey,tanvi.pandey.2385@example.com,35,Male,Bengaluru,Standard,2026-06-08,1,3720.39,3868.33,3682.14,6.3,14.0,6.1,2,3,25.7,0.0,2,2,28.9,0,0,3,1,115028.76
CUST-2386,Manish Chauhan,manish.chauhan.2386@example.com,57,Male,Jaipur,Basic,2025-11-13,8,1502.45,1562.19,11896.03,4.5,10.0,30.3,5,4,-16.5,8.6,4,2,12.7,1,0,2,1,20379.08
CUST-2387,Neha Reddy,neha.reddy.2387@example.com,57,Male,Chennai,Standard,2022-08-02,48,3663.03,3808.69,174017.87,3.4,7.6,2.0,0,8,13.3,16.0,2,1,38.7,0,0,3,0,238398.14
CUST-2388,Siddharth Mehta,siddharth.mehta.2388@example.com,41,Male,Chandigarh,Enterprise,2025-06-17,13,29335.96,30502.5,377446.83,6.6,14.7,22.0,3,10,-2.3,53.0,2,1,13.7,0,1,3,0,1200000.0
CUST-2389,Aarav Agarwal,aarav.agarwal.2389@example.com,40,Male,Bengaluru,Basic,2025-08-22,11,1369.71,1424.18,14911.92,5.4,12.0,28.9,3,4,3.2,55.4,0,0,29.5,0,1,5,0,56811.43
CUST-2390,Shreya Patel,shreya.patel.2390@example.com,28,Other,Bengaluru,Basic,2026-04-25,3,1510.85,1570.93,4485.95,1.9,4.2,31.2,1,9,24.8,82.1,0,0,23.4,1,0,5,0,69506.86
CUST-2391,Kavya Nair,kavya.nair.2391@example.com,25,Male,Ahmedabad,Standard,2025-07-22,12,4401.52,4576.55,52275.24,5.0,11.1,13.2,14,9,30.9,17.7,3,1,19.2,0,0,2,0,190470.22
CUST-2392,Swati Joshi,swati.joshi.2392@example.com,55,Male,Chennai,Premium,2025-10-30,9,9389.07,9762.42,83632.91,5.0,11.1,33.4,3,6,-12.9,73.4,1,0,7.0,0,0,4,0,490947.44
CUST-2393,Ananya Joshi,ananya.joshi.2393@example.com,23,Male,Ahmedabad,Enterprise,2026-05-21,2,24968.87,25961.75,49424.35,6.3,14.0,16.1,30,1,-41.4,0.0,3,1,26.5,1,0,4,1,215115.64
CUST-2394,Vikram Chopra,vikram.chopra.2394@example.com,26,Male,Ahmedabad,Basic,2025-10-31,9,1493.48,1552.87,13303.14,5.4,12.0,20.2,17,9,-7.2,42.4,2,1,37.0,0,1,4,0,68770.75
CUST-2395,Simran Chauhan,simran.chauhan.2395@example.com,31,Female,Ahmedabad,Standard,2026-04-20,3,4715.73,4903.25,14001.75,5.6,12.5,17.2,1,9,-8.1,47.9,1,0,25.8,1,0,4,0,229867.63
CUST-2396,Karan Mishra,karan.mishra.2396@example.com,53,Female,Chandigarh,Premium,2024-12-25,19,11166.79,11610.84,209987.8,3.3,7.3,9.5,5,7,6.0,47.8,3,2,38.8,2,0,1,0,520889.73
CUST-2397,Rajesh Mishra,rajesh.mishra.2397@example.com,34,Female,Kolkata,Premium,2022-07-20,48,9195.31,9560.96,436837.32,3.8,8.5,39.3,6,9,21.3,34.6,3,1,22.0,2,0,3,0,645478.54
CUST-2398,Priya Sharma,priya.sharma.2398@example.com,26,Male,Kolkata,Standard,2025-10-09,9,3653.89,3799.19,32546.94,3.7,8.2,22.5,12,8,-55.6,44.8,4,0,25.8,0,1,5,0,196715.13
CUST-2399,Arjun Mehta,arjun.mehta.2399@example.com,31,Female,Chandigarh,Basic,2025-04-12,15,1368.28,1422.69,20313.2,0.8,1.8,34.0,16,9,-20.8,12.4,1,1,5.5,0,1,4,1,62374.94
CUST-2400,Karan Chopra,karan.chopra.2400@example.com,31,Male,Hyderabad,Basic,2025-11-23,8,1747.42,1816.91,13835.65,6.9,15.4,33.5,7,9,-29.0,62.8,3,2,35.0,1,0,4,0,90642.91
CUST-2401,Rohan Kumar,rohan.kumar.2401@example.com,59,Male,Jaipur,Basic,2026-04-22,3,1638.9,1704.07,4866.15,1.8,4.0,11.4,0,7,33.0,48.0,2,0,16.1,0,0,4,0,66536.1
CUST-2402,Aarav Patel,aarav.patel.2402@example.com,48,Male,Mumbai,Enterprise,2022-07-13,48,29355.26,30522.57,1394566.7,4.8,10.7,35.4,4,6,-7.8,50.7,2,1,9.3,0,1,5,0,1200000.0
CUST-2403,Ananya Bose,ananya.bose.2403@example.com,42,Male,Jaipur,Basic,2026-05-13,2,1715.04,1783.24,3394.82,3.5,7.8,27.5,16,2,-16.4,35.3,1,0,11.8,0,0,4,0,55671.17
CUST-2404,Rhea Kapoor,rhea.kapoor.2404@example.com,29,Male,Chandigarh,Standard,2026-05-31,2,4869.29,5062.92,9638.46,3.7,8.2,10.6,9,7,13.1,34.1,4,0,36.3,0,0,5,0,271461.48
CUST-2405,Meera Mishra,meera.mishra.2405@example.com,22,Male,Delhi NCR,Standard,2025-10-26,9,4838.94,5031.36,43102.74,5.6,12.5,26.9,15,1,-18.6,54.6,3,1,30.9,0,0,3,0,119312.54
CUST-2406,Pooja Mishra,pooja.mishra.2406@example.com,49,Other,Mumbai,Standard,2025-03-20,16,4702.48,4889.47,74466.18,2.6,5.8,10.7,8,6,-2.4,80.2,2,0,27.3,1,0,3,0,222419.93
CUST-2407,Vikram Singh,vikram.singh.2407@example.com,35,Male,Hyderabad,Standard,2025-12-18,7,4264.2,4433.77,29542.53,5.2,11.6,39.7,0,6,48.8,8.6,3,2,26.6,0,0,3,0,202262.38
CUST-2408,Deepak Chopra,deepak.chopra.2408@example.com,42,Male,Pune,Standard,2026-04-24,3,4030.37,4190.64,11966.81,5.2,11.6,31.0,25,7,48.0,7.3,2,0,1.0,0,1,4,0,190661.75
CUST-2409,Pooja Joshi,pooja.joshi.2409@example.com,51,Male,Mumbai,Standard,2024-07-14,24,4308.76,4480.1,102347.13,2.6,5.8,21.2,18,2,-13.4,48.4,3,0,34.0,3,1,3,0,192413.63
CUST-2410,Neha Rao,neha.rao.2410@example.com,42,Female,Bengaluru,Basic,2025-12-22,7,1612.51,1676.63,11171.53,6.1,13.6,35.9,1,4,-7.1,34.0,1,0,7.2,0,0,4,0,61441.36
CUST-2411,Aditi Chopra,aditi.chopra.2411@example.com,30,Male,Chandigarh,Standard,2026-03-27,4,4453.27,4630.35,17629.95,7.1,15.8,4.6,0,2,-19.3,45.0,1,0,12.0,0,0,4,0,159170.04
CUST-2412,Arjun Singh,arjun.singh.2412@example.com,38,Female,Pune,Premium,2025-12-21,7,8685.24,9030.61,60171.66,8.5,18.9,13.8,5,4,-55.9,41.4,1,1,7.8,0,0,4,0,285854.33
CUST-2413,Sneha Das,sneha.das.2413@example.com,26,Female,Jaipur,Enterprise,2026-03-15,4,28235.54,29358.32,111781.06,3.6,8.0,19.2,10,3,27.0,56.9,5,2,48.7,0,0,3,0,1200000.0
CUST-2414,Aditi Bose,aditi.bose.2414@example.com,52,Male,Pune,Standard,2025-08-15,11,4238.18,4406.71,46140.7,4.6,10.2,46.6,3,2,65.8,35.1,2,0,20.0,0,0,4,0,176306.24
CUST-2415,Tanvi Iyer,tanvi.iyer.2415@example.com,59,Male,Chandigarh,Premium,2025-03-21,16,10052.53,10452.27,159186.96,4.7,10.5,10.2,1,2,-14.4,13.0,2,1,22.4,1,0,3,0,390492.43
CUST-2416,Aarav Nair,aarav.nair.2416@example.com,40,Male,Jaipur,Standard,2024-08-22,23,3934.46,4090.91,89562.27,5.6,12.5,3.2,5,3,-24.9,23.0,2,0,23.4,0,0,4,0,194645.2
CUST-2417,Rajesh Pandey,rajesh.pandey.2417@example.com,57,Female,Chandigarh,Standard,2026-04-02,4,4207.1,4374.39,16655.4,7.9,17.6,6.1,3,10,-9.6,38.1,3,1,19.6,0,0,3,0,222826.27
CUST-2418,Vikram Verma,vikram.verma.2418@example.com,54,Male,Chennai,Enterprise,2026-04-27,3,24338.29,25306.1,72264.24,5.2,11.6,32.0,3,4,0.4,11.9,2,0,8.7,1,0,3,0,1108790.48
CUST-2419,Amit Mishra,amit.mishra.2419@example.com,34,Male,Delhi NCR,Standard,2026-06-12,1,4824.22,5016.05,4774.62,5.3,11.8,15.5,7,7,-33.8,41.1,2,1,9.8,3,0,2,1,98210.06
CUST-2420,Manish Kapoor,manish.kapoor.2420@example.com,35,Male,Hyderabad,Basic,2026-04-01,4,1605.11,1668.94,6354.43,1.9,4.2,20.3,16,4,-14.8,43.5,6,2,16.3,0,0,2,1,24566.29
CUST-2421,Amit Mehta,amit.mehta.2421@example.com,54,Female,Hyderabad,Enterprise,2026-06-20,1,24467.61,25440.56,24216.07,8.5,18.9,30.4,6,7,26.4,33.4,4,2,44.9,0,0,3,0,1195083.04
CUST-2422,Karan Das,karan.das.2422@example.com,50,Male,Bengaluru,Premium,2026-01-19,6,8228.89,8556.11,48865.76,3.2,7.1,20.3,8,4,1.6,47.0,3,1,39.2,0,0,4,0,336593.99
CUST-2423,Siddharth Singh,siddharth.singh.2423@example.com,57,Male,Delhi NCR,Standard,2026-04-14,3,4544.9,4725.63,13494.53,0.2,0.5,24.2,8,3,33.6,3.3,3,0,1.0,0,0,4,0,179004.05
CUST-2424,Meera Patel,meera.patel.2424@example.com,31,Female,Delhi NCR,Enterprise,2025-06-24,13,24377.17,25346.52,313645.28,0.2,0.5,27.9,6,8,8.2,19.1,3,1,23.4,0,0,3,0,1200000.0
CUST-2425,Ananya Patel,ananya.patel.2425@example.com,52,Female,Bengaluru,Basic,2025-12-14,7,1868.28,1942.57,12943.51,4.9,10.9,17.3,2,3,-32.5,14.6,3,1,25.3,0,0,3,0,49211.78
CUST-2426,Deepak Rao,deepak.rao.2426@example.com,27,Female,Jaipur,Standard,2026-05-11,2,4346.09,4518.91,8602.82,1.5,3.3,20.2,3,8,-18.1,63.1,3,1,16.2,0,0,4,0,207276.56
CUST-2427,Rohan Nair,rohan.nair.2427@example.com,22,Male,Bengaluru,Standard,2025-12-01,8,4003.57,4162.77,31699.29,4.3,9.6,24.7,2,2,5.0,97.3,5,1,14.2,3,0,3,0,146095.81
CUST-2428,Simran Kapoor,simran.kapoor.2428@example.com,28,Female,Jaipur,Basic,2026-03-11,4,1694.15,1761.52,6706.93,1.1,2.4,31.5,18,3,-33.4,20.9,0,0,17.2,0,0,4,0,38278.28
CUST-2429,Rajesh Joshi,rajesh.joshi.2429@example.com,48,Female,Bengaluru,Standard,2025-03-09,16,3984.31,4142.75,63093.59,4.8,10.7,13.3,13,4,-37.1,36.4,2,1,15.6,0,1,4,0,146684.0
CUST-2430,Manish Mishra,manish.mishra.2430@example.com,42,Male,Mumbai,Basic,2025-12-25,7,1779.46,1850.22,12328.16,5.4,12.0,2.0,6,3,-35.4,25.4,1,0,16.4,1,1,4,0,65410.93
CUST-2431,Vikram Saxena,vikram.saxena.2431@example.com,49,Female,Mumbai,Basic,2026-04-10,3,1510.82,1570.9,4485.86,4.6,10.2,29.5,18,6,12.4,47.3,2,1,11.0,0,0,4,0,59729.7
CUST-2432,Simran Pandey,simran.pandey.2432@example.com,37,Male,Chennai,Standard,2025-12-19,7,4982.3,5180.42,34517.56,2.7,6.0,32.2,16,9,-12.3,27.4,3,0,9.0,0,0,5,0,263662.42
CUST-2433,Tara Kumar,tara.kumar.2433@example.com,44,Female,Kolkata,Standard,2026-03-10,4,4446.09,4622.89,17601.53,6.0,13.4,24.2,19,10,31.1,48.8,3,2,28.7,0,0,1,0,203659.05
CUST-2434,Neha Mehta,neha.mehta.2434@example.com,41,Male,Bengaluru,Basic,2024-08-17,23,1792.12,1863.38,40795.01,3.4,7.6,25.0,1,8,-27.1,58.0,2,0,12.0,0,0,4,0,108179.46
CUST-2435,Rhea Nair,rhea.nair.2435@example.com,59,Female,Delhi NCR,Enterprise,2022-07-31,48,23136.21,24056.22,1099121.18,3.8,8.5,15.8,9,4,-70.8,12.6,2,2,45.8,0,0,3,0,1200000.0
CUST-2436,Kavya Sharma,kavya.sharma.2436@example.com,46,Male,Mumbai,Standard,2026-06-15,1,4086.6,4249.1,4044.59,3.1,6.9,27.5,7,2,-5.7,48.5,3,2,25.4,0,0,2,1,85675.34
CUST-2437,Varun Saxena,varun.saxena.2437@example.com,49,Female,Ahmedabad,Basic,2025-02-18,17,1736.02,1805.05,29208.94,3.6,8.0,31.4,9,10,44.1,0.0,2,2,43.3,0,0,4,0,91801.0
CUST-2438,Meera Deshmukh,meera.deshmukh.2438@example.com,26,Male,Jaipur,Basic,2026-02-22,5,1692.78,1760.09,8376.89,8.1,18.0,22.6,2,1,-1.0,35.8,3,2,1.0,0,1,3,0,38141.61
CUST-2439,Karan Malhotra,karan.malhotra.2439@example.com,42,Female,Mumbai,Premium,2026-06-18,1,8710.9,9057.29,8621.35,4.2,9.4,49.4,8,4,-40.4,34.2,2,2,32.0,0,0,2,1,163498.98
CUST-2440,Amit Rao,amit.rao.2440@example.com,39,Female,Mumbai,Standard,2026-06-30,1,4097.66,4260.6,4055.53,1.5,3.3,4.8,3,5,-47.5,36.5,1,1,1.0,0,0,4,0,145204.09
CUST-2441,Aditi Kapoor,aditi.kapoor.2441@example.com,27,Male,Chandigarh,Basic,2024-01-29,30,1487.32,1546.46,44160.89,2.2,4.9,23.8,13,2,31.5,34.5,1,0,30.8,0,0,5,0,74529.29
CUST-2442,Neha Chauhan,neha.chauhan.2442@example.com,50,Female,Jaipur,Basic,2025-12-10,7,1670.9,1737.34,11576.06,3.6,8.0,9.1,11,3,-24.6,30.1,0,0,40.3,0,0,5,0,64305.36
CUST-2443,Rohan Joshi,rohan.joshi.2443@example.com,40,Other,Hyderabad,Standard,2022-07-17,48,4081.37,4243.66,193891.75,2.5,5.6,31.7,1,4,41.2,35.6,1,0,15.6,0,1,5,0,255614.59
CUST-2444,Rohan Mishra,rohan.mishra.2444@example.com,54,Male,Pune,Basic,2025-10-19,9,1511.25,1571.34,13461.42,6.2,13.8,4.6,1,3,16.3,47.7,1,0,36.7,0,0,5,0,71888.25
CUST-2445,Aarav Chopra,aarav.chopra.2445@example.com,22,Male,Jaipur,Standard,2026-04-18,3,3889.36,4044.02,11548.13,1.2,2.7,7.3,9,8,-23.5,48.4,0,0,6.4,1,1,3,0,171271.92
CUST-2446,Sneha Singh,sneha.singh.2446@example.com,24,Female,Chennai,Enterprise,2024-09-25,22,26077.94,27114.92,567816.6,3.9,8.7,15.0,5,2,30.7,44.8,1,0,27.8,2,0,4,0,1200000.0
CUST-2447,Swati Rao,swati.rao.2447@example.com,42,Male,Chandigarh,Basic,2023-06-25,37,1451.67,1509.4,53159.61,6.3,14.0,24.9,6,9,-27.9,28.2,2,1,34.1,0,1,3,0,101495.14
CUST-2448,Isha Gupta,isha.gupta.2448@example.com,56,Male,Jaipur,Premium,2024-07-10,24,11130.86,11573.48,264394.3,2.9,6.5,15.4,10,6,-42.5,67.9,1,1,22.2,0,0,4,0,601830.1
CUST-2449,Tara Verma,tara.verma.2449@example.com,24,Male,Jaipur,Enterprise,2024-11-20,20,23850.94,24799.37,472114.8,5.1,11.4,15.6,14,1,-26.3,78.6,0,0,15.9,0,0,4,0,1200000.0
CUST-2450,Swati Iyer,swati.iyer.2450@example.com,46,Male,Kolkata,Enterprise,2026-01-11,6,30490.2,31702.64,181060.47,4.1,9.1,20.0,2,8,19.5,11.1,2,2,36.0,0,1,2,0,1200000.0
CUST-2451,Harsh Nair,harsh.nair.2451@example.com,59,Male,Chandigarh,Enterprise,2026-06-24,1,26248.09,27291.84,25978.25,4.1,9.1,19.3,6,10,29.9,45.9,1,0,18.5,3,1,2,0,1200000.0
CUST-2452,Sneha Reddy,sneha.reddy.2452@example.com,41,Male,Jaipur,Premium,2026-03-26,4,9289.25,9658.64,36775.01,5.3,11.8,38.4,13,6,-13.1,30.8,2,1,28.1,0,1,4,0,341913.56
CUST-2453,Karan Chopra,karan.chopra.2453@example.com,55,Female,Pune,Standard,2025-10-16,9,3922.87,4078.86,34942.87,0.3,0.7,29.5,15,4,-54.3,64.2,1,0,41.7,0,0,4,0,143942.46
CUST-2454,Amit Sharma,amit.sharma.2454@example.com,42,Female,Pune,Standard,2022-11-25,44,4488.94,4667.44,195482.82,6.7,14.9,18.4,2,6,-45.6,41.7,1,0,40.1,0,0,4,0,288044.73
CUST-2455,Vikram Deshmukh,vikram.deshmukh.2455@example.com,44,Male,Ahmedabad,Standard,2025-01-19,18,4558.6,4739.87,81211.23,0.2,0.5,45.1,0,2,-31.9,43.3,1,0,26.2,0,0,4,0,205067.14
CUST-2456,Kavya Reddy,kavya.reddy.2456@example.com,27,Female,Chandigarh,Premium,2024-06-19,25,9571.78,9952.4,236834.43,6.6,14.7,27.4,1,1,-38.2,53.9,3,2,56.8,0,0,2,0,340013.71
CUST-2457,Tara Saxena,tara.saxena.2457@example.com,34,Female,Hyderabad,Basic,2026-02-26,5,1378.33,1433.14,6820.8,5.1,11.4,11.3,21,6,5.4,34.9,3,2,18.9,0,0,3,1,41025.9
CUST-2458,Simran Joshi,simran.joshi.2458@example.com,44,Female,Jaipur,Basic,2025-02-23,17,1831.0,1903.81,30807.0,5.2,11.6,24.8,4,8,52.3,82.3,1,0,25.9,1,0,4,0,92627.57
CUST-2459,Rohan Malhotra,rohan.malhotra.2459@example.com,30,Male,Kolkata,Basic,2024-03-09,28,1863.43,1937.53,51639.64,7.6,16.9,27.9,4,5,20.3,54.2,1,0,26.3,0,0,4,0,98536.85
CUST-2460,Varun Malhotra,varun.malhotra.2460@example.com,38,Male,Kolkata,Premium,2025-09-16,10,9456.74,9832.79,93595.2,6.7,14.9,14.4,0,8,-33.6,64.4,3,2,27.1,0,0,3,0,462924.63
CUST-2461,Vikram Kumar,vikram.kumar.2461@example.com,23,Female,Delhi NCR,Premium,2025-11-13,8,10031.92,10430.84,79430.29,5.9,13.1,10.4,0,3,-21.4,36.7,1,1,49.9,2,0,3,0,316664.2
CUST-2462,Vikram Chopra,vikram.chopra.2462@example.com,40,Female,Hyderabad,Standard,2025-01-08,18,4229.36,4397.54,75345.84,3.6,8.0,23.0,8,6,-16.0,39.1,3,1,43.4,0,0,3,0,203446.03
CUST-2463,Nikhil Mehta,nikhil.mehta.2463@example.com,40,Female,Kolkata,Basic,2025-07-11,12,1517.97,1578.33,18028.37,3.4,7.6,18.0,6,1,8.9,61.5,4,4,54.4,0,1,3,1,42500.67
CUST-2464,Aditya Bose,aditya.bose.2464@example.com,28,Female,Pune,Standard,2022-07-28,48,3707.32,3854.74,176121.93,6.0,13.4,38.3,6,3,42.0,59.1,0,0,7.5,2,0,4,0,222831.15
CUST-2465,Kavya Reddy,kavya.reddy.2465@example.com,41,Male,Delhi NCR,Basic,2025-11-20,8,1588.38,1651.54,12576.41,5.2,11.6,30.2,0,4,-15.1,12.0,2,0,1.0,0,0,5,0,81172.97
CUST-2466,Shreya Mehta,shreya.mehta.2466@example.com,30,Male,Bengaluru,Standard,2026-05-01,3,4744.55,4933.22,14087.32,4.8,10.7,15.0,3,5,41.1,45.1,2,1,11.6,0,0,3,0,190566.53
CUST-2467,Simran Rao,simran.rao.2467@example.com,38,Male,Kolkata,Standard,2025-10-15,9,3622.94,3767.01,32271.25,4.1,9.1,26.7,12,3,56.9,53.4,2,2,51.7,1,0,2,0,150087.63
CUST-2468,Priya Bhatia,priya.bhatia.2468@example.com,48,Male,Chennai,Enterprise,2026-03-16,4,27592.34,28689.54,109234.71,3.3,7.3,35.9,1,8,-11.8,38.9,6,3,36.7,0,0,2,1,1200000.0
CUST-2469,Sanjay Gupta,sanjay.gupta.2469@example.com,23,Female,Chandigarh,Standard,2025-07-18,12,4831.87,5024.01,57386.35,1.3,2.9,6.7,16,5,-12.5,51.1,1,0,29.8,0,0,5,0,258762.68
CUST-2470,Arjun Kumar,arjun.kumar.2470@example.com,57,Male,Kolkata,Standard,2026-05-23,2,3903.59,4058.82,7726.92,5.6,12.5,10.7,0,7,-12.1,39.9,3,0,20.4,0,0,4,0,167345.51
CUST-2471,Pooja Chauhan,pooja.chauhan.2471@example.com,40,Male,Mumbai,Premium,2023-02-01,42,8676.29,9021.3,360657.92,3.8,8.5,21.9,1,5,-0.3,0.0,5,1,1.0,2,1,3,0,502551.48
CUST-2472,Sanjay Sharma,sanjay.sharma.2472@example.com,38,Female,Hyderabad,Standard,2024-03-20,28,4680.02,4866.12,129693.4,3.7,8.2,22.4,4,8,-12.0,10.5,1,0,12.9,1,0,4,0,264754.35
CUST-2473,Rhea Deshmukh,rhea.deshmukh.2473@example.com,26,Male,Mumbai,Basic,2026-04-29,3,1482.93,1541.9,4403.05,0.4,0.9,21.4,21,1,22.8,65.4,3,1,12.5,0,1,4,0,42069.96
CUST-2474,Sneha Pandey,sneha.pandey.2474@example.com,39,Female,Ahmedabad,Standard,2026-04-26,3,3867.81,4021.61,11484.14,4.4,9.8,18.6,2,3,-45.4,36.1,2,1,34.0,0,0,3,0,97459.84
CUST-2475,Sneha Chauhan,sneha.chauhan.2475@example.com,28,Other,Kolkata,Enterprise,2025-08-31,11,25806.37,26832.56,280951.74,1.3,2.9,18.4,8,3,-17.0,46.6,0,0,26.7,0,1,5,0,1200000.0
CUST-2476,Rahul Bose,rahul.bose.2476@example.com,38,Female,Bengaluru,Standard,2024-10-12,21,4148.47,4313.43,86222.25,3.3,7.3,26.2,6,10,7.2,41.9,1,1,21.8,2,1,3,0,229885.82
CUST-2477,Sneha Mishra,sneha.mishra.2477@example.com,57,Male,Mumbai,Standard,2026-03-20,4,4822.54,5014.31,19091.85,5.9,13.1,34.5,1,10,22.4,22.2,4,0,34.5,0,0,3,0,207105.28
CUST-2478,Kavya Mehta,kavya.mehta.2478@example.com,25,Male,Mumbai,Enterprise,2026-06-26,1,27910.26,29020.11,27623.33,4.3,9.6,16.7,2,3,59.5,30.8,4,1,37.0,0,1,4,0,1200000.0
CUST-2479,Swati Chauhan,swati.chauhan.2479@example.com,59,Male,Hyderabad,Premium,2025-07-25,12,9377.74,9750.64,111375.98,4.0,8.9,48.8,19,6,-38.1,49.9,1,0,10.9,2,0,3,0,411224.24
CUST-2480,Nikhil Patel,nikhil.patel.2480@example.com,46,Male,Delhi NCR,Standard,2025-02-24,17,4347.06,4519.92,73140.29,2.7,6.0,43.6,1,9,-20.3,52.3,2,1,30.5,2,1,4,0,261101.92
CUST-2481,Harsh Gupta,harsh.gupta.2481@example.com,26,Male,Bengaluru,Premium,2026-03-25,4,11103.76,11545.3,43958.43,3.1,6.9,36.6,8,6,-65.5,94.5,1,1,14.5,0,0,4,0,468195.06
CUST-2482,Ananya Verma,ananya.verma.2482@example.com,51,Female,Mumbai,Enterprise,2024-12-26,19,23489.69,24423.75,441715.88,7.5,16.7,28.8,25,5,-33.1,30.5,0,0,12.0,3,0,3,1,866221.87
CUST-2483,Aarav Verma,aarav.verma.2483@example.com,33,Male,Jaipur,Enterprise,2022-12-15,43,24316.54,25283.48,1034861.8,5.8,12.9,44.1,0,1,-51.5,82.1,1,1,31.3,0,0,3,0,1200000.0
CUST-2484,Deepak Bose,deepak.bose.2484@example.com,25,Female,Bengaluru,Enterprise,2026-04-16,3,30920.89,32150.45,91809.02,3.2,7.1,18.8,3,2,-16.6,21.4,1,1,24.7,0,0,4,0,1200000.0
CUST-2485,Rajesh Rao,rajesh.rao.2485@example.com,45,Male,Jaipur,Standard,2025-08-10,11,4939.02,5135.42,53770.69,4.0,8.9,12.8,1,1,-8.4,53.7,2,0,1.0,0,0,5,0,205808.35
CUST-2486,Siddharth Deshmukh,siddharth.deshmukh.2486@example.com,50,Female,Kolkata,Standard,2026-06-20,1,3847.07,4000.05,3807.52,4.7,10.5,16.2,1,6,11.1,46.3,3,1,29.0,0,1,4,0,172499.34
CUST-2487,Aarav Joshi,aarav.joshi.2487@example.com,30,Female,Mumbai,Basic,2026-03-23,4,1425.23,1481.9,5642.31,5.1,11.4,11.0,0,3,-10.4,39.0,3,2,28.2,2,0,2,1,24552.24
CUST-2488,Sanjay Mehta,sanjay.mehta.2488@example.com,25,Male,Mumbai,Standard,2026-05-12,2,4188.47,4355.02,8290.82,4.1,9.1,23.3,7,5,11.2,41.9,0,0,6.4,0,0,4,0,183783.01
CUST-2489,Manish Chauhan,manish.chauhan.2489@example.com,45,Male,Pune,Enterprise,2025-11-14,8,22934.12,23846.09,181586.76,0.5,1.1,25.3,10,6,1.2,27.1,1,1,10.9,1,0,3,1,1200000.0
CUST-2490,Aarav Gupta,aarav.gupta.2490@example.com,35,Female,Pune,Premium,2024-06-16,25,10161.82,10565.9,251433.78,4.1,9.1,24.2,8,5,-30.9,63.7,0,0,13.7,0,0,4,0,554092.96
CUST-2491,Siddharth Deshmukh,siddharth.deshmukh.2491@example.com,26,Female,Hyderabad,Standard,2025-06-17,13,3707.57,3855.0,47702.91,4.0,8.9,21.9,19,3,-49.2,21.8,1,0,19.1,0,0,4,0,121712.67
CUST-2492,Deepak Iyer,deepak.iyer.2492@example.com,39,Female,Chandigarh,Standard,2026-03-24,4,3680.32,3826.67,14569.94,8.5,18.9,23.5,1,2,14.3,49.6,2,1,21.2,0,0,4,0,151586.14
CUST-2493,Aditi Pandey,aditi.pandey.2493@example.com,40,Male,Chandigarh,Basic,2026-06-29,1,1603.65,1667.42,1587.16,9.9,22.0,41.1,2,2,44.1,60.1,2,0,19.7,0,0,5,0,62228.01
CUST-2494,Kavya Saxena,kavya.saxena.2494@example.com,33,Male,Delhi NCR,Standard,2025-07-30,12,4939.67,5136.1,58666.65,5.5,12.2,28.8,3,2,69.0,75.2,0,0,12.9,0,1,4,0,244226.32
CUST-2495,Varun Agarwal,varun.agarwal.2495@example.com,39,Female,Hyderabad,Premium,2026-05-12,2,9443.36,9818.87,18692.55,2.8,6.2,32.1,1,10,24.2,65.3,0,0,23.1,0,0,4,0,479732.45
CUST-2496,Sneha Kumar,sneha.kumar.2496@example.com,38,Female,Chandigarh,Standard,2026-01-21,6,4098.05,4261.01,24335.52,5.6,12.5,24.1,1,4,38.8,55.7,2,1,22.2,0,1,4,0,177528.33
CUST-2497,Sneha Rao,sneha.rao.2497@example.com,51,Male,Hyderabad,Basic,2025-09-11,10,1872.68,1947.15,18534.28,0.6,1.3,4.2,5,4,10.9,26.7,2,2,12.4,0,0,2,1,61495.42
CUST-2498,Nikhil Mishra,nikhil.mishra.2498@example.com,45,Female,Mumbai,Standard,2023-10-09,33,4343.67,4516.4,141867.49,3.1,6.9,2.0,13,3,6.5,23.1,1,0,1.6,0,1,4,0,255704.58
CUST-2499,Rahul Gupta,rahul.gupta.2499@example.com,32,Male,Pune,Basic,2026-05-26,2,1545.97,1607.45,3060.15,0.8,1.8,44.9,23,8,1.1,14.7,1,0,9.7,0,0,5,0,61454.52
CUST-2500,Nikhil Kapoor,nikhil.kapoor.2500@example.com,56,Male,Pune,Enterprise,2025-03-25,16,25875.25,26904.18,409747.83,5.4,12.0,16.1,1,4,-5.0,12.4,2,0,31.1,0,1,4,0,1200000.0
CUST-2501,Ananya Joshi,ananya.joshi.2501@example.com,44,Male,Pune,Standard,2026-06-17,1,3871.98,4025.95,3832.17,1.7,3.8,15.2,12,8,15.0,42.0,0,0,4.5,0,0,3,0,192574.35
CUST-2502,Ananya Reddy,ananya.reddy.2502@example.com,38,Male,Chandigarh,Enterprise,2025-05-24,14,26980.87,28053.76,373848.9,3.6,8.0,24.7,13,3,-16.6,24.5,1,1,28.7,0,1,4,0,1200000.0
CUST-2503,Rohan Singh,rohan.singh.2503@example.com,22,Female,Bengaluru,Basic,2025-07-11,12,1579.35,1642.15,18757.36,4.1,9.1,28.1,3,2,-6.1,70.8,1,0,20.9,0,0,4,0,68366.08
CUST-2504,Rahul Singh,rahul.singh.2504@example.com,36,Male,Chennai,Basic,2024-07-25,24,1491.17,1550.47,35420.16,4.1,9.1,29.4,0,8,-35.0,28.1,1,0,1.4,1,0,5,0,86789.57
CUST-2505,Nikhil Bose,nikhil.bose.2505@example.com,53,Male,Mumbai,Standard,2025-08-30,11,3823.8,3975.85,41629.38,3.2,7.1,41.5,34,6,11.3,44.3,3,0,12.8,0,0,5,0,198077.14
CUST-2506,Sneha Bhatia,sneha.bhatia.2506@example.com,30,Female,Kolkata,Premium,2025-12-08,7,9079.39,9440.43,62902.34,4.9,10.9,38.5,7,2,-28.9,35.6,5,3,41.9,2,1,2,1,92864.16
CUST-2507,Pooja Kumar,pooja.kumar.2507@example.com,36,Female,Hyderabad,Standard,2026-04-01,4,4311.08,4482.51,17067.04,1.6,3.6,13.1,30,7,-1.1,8.3,0,0,12.6,3,0,3,1,99507.93
CUST-2508,Swati Bose,swati.bose.2508@example.com,49,Female,Pune,Basic,2026-05-25,2,1379.7,1434.56,2731.03,7.9,17.6,32.7,4,10,12.0,68.1,0,0,22.8,1,0,3,0,77717.2
CUST-2509,Tanvi Chopra,tanvi.chopra.2509@example.com,45,Female,Pune,Basic,2025-08-20,11,1429.76,1486.61,15565.67,2.0,4.5,17.8,3,7,14.4,58.7,2,0,22.3,0,0,3,0,72785.22
CUST-2510,Siddharth Chauhan,siddharth.chauhan.2510@example.com,56,Male,Pune,Standard,2023-12-28,31,4925.49,5121.35,151120.46,4.3,9.6,20.5,2,4,19.6,61.5,2,1,26.5,0,1,4,0,278153.58
CUST-2511,Siddharth Chauhan,siddharth.chauhan.2511@example.com,43,Female,Mumbai,Basic,2025-08-29,11,1633.91,1698.88,17788.24,5.5,12.2,10.0,30,8,-8.0,56.3,3,0,27.0,1,0,3,0,55181.98
CUST-2512,Harsh Mehta,harsh.mehta.2512@example.com,48,Female,Pune,Basic,2024-12-19,19,1382.39,1437.36,25995.39,5.6,12.5,3.4,2,3,11.6,23.8,1,1,24.0,0,0,4,0,62114.73
CUST-2513,Aarav Rao,aarav.rao.2513@example.com,40,Female,Delhi NCR,Standard,2026-02-20,5,4569.18,4750.87,22611.03,5.8,12.9,21.7,0,9,-15.6,24.2,4,1,25.4,0,0,5,0,217484.32
CUST-2514,Tanvi Kumar,tanvi.kumar.2514@example.com,33,Male,Hyderabad,Basic,2025-10-31,9,1381.52,1436.46,12305.86,0.9,2.0,11.5,5,5,-57.2,52.8,2,0,19.4,2,0,3,0,36004.69
CUST-2515,Simran Kumar,simran.kumar.2515@example.com,41,Male,Mumbai,Basic,2026-01-29,6,1736.75,1805.81,10313.37,2.3,5.1,32.2,3,3,12.8,79.0,0,0,2.8,0,0,3,0,70282.06
CUST-2516,Rahul Sharma,rahul.sharma.2516@example.com,22,Female,Hyderabad,Basic,2026-05-29,2,1742.57,1811.86,3449.31,4.5,10.0,18.9,2,9,6.4,51.3,4,2,39.0,0,1,3,0,81783.26
CUST-2517,Aditya Kapoor,aditya.kapoor.2517@example.com,42,Male,Jaipur,Enterprise,2025-11-07,8,28195.81,29317.01,223247.54,5.2,11.6,25.4,7,2,26.4,65.5,3,2,24.6,2,0,3,0,1200000.0
CUST-2518,Priya Rao,priya.rao.2518@example.com,22,Female,Ahmedabad,Standard,2024-10-26,21,4623.93,4807.8,96104.27,6.8,15.1,37.0,3,2,-2.7,29.4,3,1,21.4,0,0,3,0,189291.32
CUST-2519,Harsh Saxena,harsh.saxena.2519@example.com,31,Female,Delhi NCR,Enterprise,2025-11-21,8,23268.77,24194.05,184236.44,3.1,6.9,5.7,3,3,-46.9,68.3,0,0,22.6,0,0,5,0,1200000.0
CUST-2520,Ananya Nair,ananya.nair.2520@example.com,53,Female,Bengaluru,Basic,2025-04-21,15,1730.41,1799.22,25689.31,2.3,5.1,14.0,0,9,-4.6,31.9,3,1,29.4,0,1,5,0,100162.66
CUST-2521,Sanjay Pandey,sanjay.pandey.2521@example.com,43,Female,Bengaluru,Premium,2024-11-21,20,8529.62,8868.8,168838.62,3.1,6.9,24.0,6,10,22.8,47.8,4,2,14.9,0,1,3,0,458180.52
CUST-2522,Aarav Mishra,aarav.mishra.2522@example.com,39,Female,Chennai,Basic,2026-01-13,6,1527.22,1587.95,9069.12,8.9,19.8,25.4,0,3,11.3,33.2,3,1,7.1,0,1,4,0,55911.78
CUST-2523,Harsh Rao,harsh.rao.2523@example.com,53,Male,Delhi NCR,Standard,2024-08-20,23,4918.61,5114.2,111965.02,7.4,16.5,34.1,1,5,-6.1,63.3,1,1,12.0,0,1,4,0,250582.06
CUST-2524,Vikram Gupta,vikram.gupta.2524@example.com,48,Male,Hyderabad,Premium,2026-01-28,6,9682.98,10068.02,57500.6,3.8,8.5,31.5,9,9,-48.6,63.7,0,0,18.4,0,1,4,0,536219.37
CUST-2525,Aditya Das,aditya.das.2525@example.com,49,Female,Bengaluru,Premium,2026-02-17,5,11146.15,11589.37,55157.81,6.9,15.4,23.1,2,10,-30.7,6.6,3,1,39.7,0,0,3,0,566684.17
CUST-2526,Deepak Agarwal,deepak.agarwal.2526@example.com,39,Male,Ahmedabad,Premium,2026-03-22,4,8379.17,8712.37,33172.11,3.0,6.7,25.3,1,6,11.4,73.8,3,2,26.2,0,1,3,0,438581.11
CUST-2527,Aarav Kapoor,aarav.kapoor.2527@example.com,50,Male,Bengaluru,Premium,2026-04-01,4,9603.24,9985.11,38018.06,6.2,13.8,25.6,6,6,-48.6,99.0,4,1,12.7,1,0,3,1,339484.15
CUST-2528,Simran Agarwal,simran.agarwal.2528@example.com,39,Male,Pune,Basic,2024-12-25,19,1381.84,1436.79,25985.05,1.3,2.9,5.8,1,1,-10.9,33.5,2,0,4.8,0,0,4,0,53790.1
CUST-2529,Priya Iyer,priya.iyer.2529@example.com,29,Female,Chennai,Standard,2023-12-12,31,4481.17,4659.36,137488.14,4.9,10.9,20.3,2,2,-0.9,39.0,1,0,21.2,0,0,4,0,210608.0
CUST-2530,Isha Saxena,isha.saxena.2530@example.com,52,Male,Mumbai,Standard,2026-03-15,4,3709.26,3856.76,14684.51,6.3,14.0,24.7,7,9,30.2,71.7,1,1,36.9,0,0,3,0,197041.13
CUST-2531,Aditi Saxena,aditi.saxena.2531@example.com,55,Female,Kolkata,Premium,2026-05-21,2,8651.45,8995.47,17125.02,3.5,7.8,27.0,10,8,15.2,43.6,1,1,36.2,0,0,4,0,436861.52
CUST-2532,Pooja Gupta,pooja.gupta.2532@example.com,28,Male,Kolkata,Basic,2026-01-11,6,1484.9,1543.95,8817.81,5.5,12.2,11.8,10,2,25.0,41.9,0,0,7.9,0,1,4,0,62301.55
CUST-2533,Vikram Kumar,vikram.kumar.2533@example.com,57,Male,Bengaluru,Enterprise,2025-03-13,16,29050.35,30205.53,460027.16,3.0,6.7,8.0,4,5,6.5,87.5,3,2,13.8,0,0,2,0,1200000.0
CUST-2534,Aditya Pandey,aditya.pandey.2534@example.com,39,Female,Hyderabad,Standard,2026-01-01,7,3828.59,3980.83,26524.61,4.8,10.7,19.4,4,5,-25.7,9.5,5,0,17.0,0,0,5,0,190230.02
CUST-2535,Pooja Mishra,pooja.mishra.2535@example.com,59,Male,Hyderabad,Standard,2025-07-29,12,4784.09,4974.33,56818.89,3.2,7.1,43.6,11,6,-19.2,23.1,1,1,41.8,0,1,4,0,223430.97
CUST-2536,Aarav Sharma,aarav.sharma.2536@example.com,30,Female,Pune,Basic,2024-11-10,20,1418.3,1474.7,28074.38,5.9,13.1,13.0,1,4,-28.1,52.0,4,1,29.2,0,0,3,1,69640.92
CUST-2537,Isha Agarwal,isha.agarwal.2537@example.com,30,Female,Bengaluru,Standard,2025-11-21,8,3648.43,3793.51,28887.38,1.5,3.3,34.9,1,9,14.5,3.1,2,2,15.7,0,0,2,0,210783.63
CUST-2538,Ananya Nair,ananya.nair.2538@example.com,29,Female,Bengaluru,Premium,2022-07-24,48,9343.35,9714.89,443870.19,2.1,4.7,39.4,8,5,-21.4,33.0,1,0,15.2,1,0,3,0,551137.62
CUST-2539,Arjun Verma,arjun.verma.2539@example.com,56,Male,Kolkata,Standard,2026-02-18,5,4969.98,5167.61,24594.43,6.9,15.4,22.5,3,4,-13.0,32.8,2,1,11.9,0,0,2,0,155858.76
CUST-2540,Rajesh Rao,rajesh.rao.2540@example.com,39,Female,Jaipur,Enterprise,2022-08-02,48,23464.56,24397.62,1114719.95,0.2,0.5,14.5,9,9,-1.4,65.1,4,1,28.0,2,0,3,1,1200000.0
CUST-2541,Siddharth Chopra,siddharth.chopra.2541@example.com,26,Female,Bengaluru,Premium,2026-03-15,4,8419.48,8754.28,33331.69,2.9,6.5,27.6,2,2,44.0,58.6,1,0,15.5,1,0,4,0,357379.09
CUST-2542,Priya Das,priya.das.2542@example.com,35,Female,Mumbai,Standard,2026-05-18,2,4650.47,4835.4,9205.32,3.9,8.7,24.1,2,2,16.4,1.6,4,2,28.7,0,0,2,0,100639.81
CUST-2543,Arjun Iyer,arjun.iyer.2543@example.com,49,Male,Chennai,Premium,2024-11-27,20,9082.3,9443.46,179778.59,4.9,10.9,12.5,17,3,-23.6,25.4,2,1,16.4,0,0,4,0,379054.16
CUST-2544,Meera Nair,meera.nair.2544@example.com,51,Female,Chennai,Standard,2025-02-18,17,4603.04,4786.08,77447.21,3.2,7.1,14.8,4,10,2.3,25.4,1,0,21.1,1,1,5,0,301594.2
CUST-2545,Tanvi Nair,tanvi.nair.2545@example.com,25,Female,Mumbai,Standard,2024-07-15,24,3879.04,4033.29,92139.88,1.8,4.0,27.0,6,4,44.2,36.8,2,1,38.3,0,0,3,0,205475.4
CUST-2546,Meera Mishra,meera.mishra.2546@example.com,41,Female,Jaipur,Basic,2026-01-27,6,1590.48,1653.73,9444.77,6.8,15.1,32.3,0,10,15.2,15.7,1,1,43.4,0,1,4,0,77893.15
CUST-2547,Siddharth Agarwal,siddharth.agarwal.2547@example.com,46,Male,Hyderabad,Standard,2023-05-14,38,3970.41,4128.29,149324.5,6.4,14.2,18.4,1,9,-46.8,52.8,4,3,45.0,0,0,2,0,224155.05
CUST-2548,Harsh Das,harsh.das.2548@example.com,49,Male,Kolkata,Standard,2026-05-10,2,4231.08,4399.33,8375.16,3.4,7.6,21.2,0,5,-27.6,25.3,1,0,31.2,0,1,4,0,168601.47
CUST-2549,Sneha Singh,sneha.singh.2549@example.com,33,Male,Chennai,Premium,2026-06-24,1,10521.49,10939.88,10413.32,0.4,0.9,29.4,4,2,-29.8,56.1,2,0,3.9,0,0,4,0,396222.6
CUST-2550,Vikram Das,vikram.das.2550@example.com,23,Male,Delhi NCR,Basic,2026-01-08,6,1748.89,1818.43,10385.46,4.8,10.7,20.1,33,3,38.3,41.9,2,1,20.0,0,1,4,0,67964.01
CUST-2551,Harsh Bose,harsh.bose.2551@example.com,35,Male,Ahmedabad,Basic,2024-08-21,23,1619.7,1684.11,36870.12,4.6,10.2,18.7,15,8,33.2,18.6,3,1,12.5,0,0,4,0,99384.16
CUST-2552,Siddharth Patel,siddharth.patel.2552@example.com,43,Male,Kolkata,Standard,2025-03-18,16,4898.5,5093.29,77570.25,2.8,6.2,13.7,7,6,-19.5,75.3,5,1,18.1,0,1,4,0,253004.6
CUST-2553,Priya Nair,priya.nair.2553@example.com,52,Female,Jaipur,Basic,2025-10-14,9,1487.49,1546.64,13249.78,0.2,0.5,13.5,14,5,-20.1,76.0,3,0,3.7,0,1,4,1,66256.54
CUST-2554,Neha Chauhan,neha.chauhan.2554@example.com,44,Male,Delhi NCR,Premium,2026-02-16,5,8856.0,9208.16,43824.78,3.6,8.0,51.4,6,4,-0.7,49.0,1,0,35.5,0,1,5,0,394330.28
CUST-2555,Arjun Joshi,arjun.joshi.2555@example.com,41,Female,Bengaluru,Premium,2026-06-16,1,10032.38,10431.32,9929.24,5.8,12.9,19.8,3,4,0.1,36.3,2,0,11.5,0,1,4,0,380797.6
CUST-2556,Aditi Bose,aditi.bose.2556@example.com,59,Male,Mumbai,Standard,2026-01-17,6,4468.7,4646.4,26536.56,6.1,13.6,37.0,1,8,-28.9,16.6,2,1,22.3,0,1,3,0,201862.9
CUST-2557,Aditya Kumar,aditya.kumar.2557@example.com,25,Male,Bengaluru,Premium,2025-10-30,9,8245.68,8573.57,73448.19,4.1,9.1,40.5,7,6,-9.0,67.7,1,1,5.4,0,1,5,0,398723.23
CUST-2558,Rajesh Joshi,rajesh.joshi.2558@example.com,36,Male,Pune,Standard,2025-02-15,17,4449.78,4626.72,74868.58,2.9,6.5,20.0,1,5,-42.7,61.7,3,2,7.9,0,1,3,0,224447.81
CUST-2559,Nikhil Sharma,nikhil.sharma.2559@example.com,45,Male,Chandigarh,Standard,2025-04-20,15,4123.18,4287.14,61211.87,5.7,12.7,26.1,4,5,33.6,22.5,1,1,44.4,1,0,3,0,210005.19
CUST-2560,Nikhil Kapoor,nikhil.kapoor.2560@example.com,46,Female,Mumbai,Basic,2023-01-25,42,1741.25,1810.49,72380.66,1.8,4.0,23.1,13,6,-51.3,25.5,2,0,13.1,0,1,4,0,105495.66
CUST-2561,Priya Malhotra,priya.malhotra.2561@example.com,22,Female,Delhi NCR,Standard,2026-05-21,2,4730.17,4918.26,9363.08,1.4,3.1,4.3,1,3,-51.6,53.0,1,0,43.5,0,0,5,0,188839.04
CUST-2562,Priya Kumar,priya.kumar.2562@example.com,28,Male,Ahmedabad,Premium,2026-01-16,6,9838.19,10229.4,58422.29,4.0,8.9,4.9,1,7,10.2,13.8,1,0,14.2,0,1,4,0,519214.92
CUST-2563,Shreya Bose,shreya.bose.2563@example.com,52,Male,Chandigarh,Basic,2025-09-13,10,1349.99,1403.67,13361.11,7.4,16.5,22.5,1,1,-36.6,27.0,3,3,25.1,0,1,3,1,20904.33
CUST-2564,Karan Agarwal,karan.agarwal.2564@example.com,33,Male,Pune,Standard,2025-03-20,16,4489.79,4668.33,71098.12,7.5,16.7,17.3,6,5,-16.0,17.0,0,0,16.3,0,1,5,0,235411.95
CUST-2565,Aditya Kumar,aditya.kumar.2565@example.com,26,Female,Hyderabad,Basic,2025-09-24,10,1742.0,1811.27,17240.91,1.4,3.1,42.8,2,6,-0.2,17.8,5,2,32.9,0,1,4,0,78420.37
CUST-2566,Vikram Joshi,vikram.joshi.2566@example.com,59,Female,Pune,Basic,2023-08-12,35,1479.73,1538.57,51258.12,3.3,7.3,19.4,5,2,16.9,24.7,0,0,17.7,0,0,4,0,78890.02
CUST-2567,Tanvi Nair,tanvi.nair.2567@example.com,33,Male,Chandigarh,Basic,2025-05-15,14,1592.88,1656.22,22071.06,9.3,20.7,43.5,2,2,-8.2,63.7,1,0,15.2,2,1,5,0,74947.12
CUST-2568,Karan Gupta,karan.gupta.2568@example.com,39,Female,Chennai,Basic,2026-06-08,1,1855.77,1929.56,1836.69,2.8,6.2,16.8,5,9,47.8,0.0,3,1,5.8,1,0,3,0,96951.83
CUST-2569,Simran Malhotra,simran.malhotra.2569@example.com,23,Female,Kolkata,Enterprise,2026-05-10,2,25107.51,26105.91,49698.78,7.6,16.9,43.0,2,2,-2.0,52.4,0,0,1.0,0,0,4,0,952480.25
CUST-2570,Pooja Mehta,pooja.mehta.2570@example.com,31,Male,Jaipur,Premium,2024-11-29,20,8801.95,9151.96,174229.23,6.2,13.8,27.6,29,3,31.3,48.2,1,0,30.0,1,1,4,0,424075.09
CUST-2571,Sneha Patel,sneha.patel.2571@example.com,36,Male,Bengaluru,Basic,2025-01-09,18,1459.72,1517.77,26004.84,6.7,14.9,28.2,5,1,5.8,65.2,1,0,39.6,0,1,4,0,67553.39
CUST-2572,Ananya Malhotra,ananya.malhotra.2572@example.com,51,Female,Hyderabad,Premium,2026-04-12,3,9859.13,10251.18,29273.32,3.3,7.3,16.4,10,9,57.7,48.2,0,0,12.6,0,1,4,0,476111.92
CUST-2573,Ananya Pandey,ananya.pandey.2573@example.com,38,Female,Jaipur,Basic,2026-06-15,1,1847.41,1920.87,1828.42,3.3,7.3,28.3,9,1,27.6,32.9,5,1,2.0,0,0,5,0,71618.15
CUST-2574,Sneha Joshi,sneha.joshi.2574@example.com,25,Female,Pune,Standard,2025-06-17,13,4451.05,4628.05,57268.78,2.3,5.1,40.6,5,4,-0.8,22.4,3,0,30.4,0,0,3,0,182935.34
CUST-2575,Deepak Kumar,deepak.kumar.2575@example.com,28,Female,Ahmedabad,Basic,2025-04-19,15,1508.24,1568.21,22391.02,5.9,13.1,20.4,2,7,15.6,65.8,2,0,5.8,1,0,2,0,72093.49
CUST-2576,Siddharth Iyer,siddharth.iyer.2576@example.com,52,Male,Bengaluru,Basic,2026-04-17,3,1684.13,1751.1,5000.45,0.8,1.8,18.3,5,2,-9.3,53.9,1,0,20.2,0,0,4,0,47323.24
CUST-2577,Shreya Agarwal,shreya.agarwal.2577@example.com,55,Female,Hyderabad,Premium,2025-10-09,9,10067.13,10467.45,89672.71,3.9,8.7,19.3,8,8,-9.6,30.2,4,2,25.7,0,0,3,0,463720.04
CUST-2578,Kavya Bhatia,kavya.bhatia.2578@example.com,27,Female,Jaipur,Basic,2026-01-15,6,1662.28,1728.38,9871.15,7.6,16.9,39.8,4,8,-38.5,63.8,1,0,10.1,1,0,5,0,67121.66
CUST-2579,Karan Deshmukh,karan.deshmukh.2579@example.com,59,Male,Bengaluru,Premium,2023-05-15,38,8601.24,8943.27,323486.97,5.4,12.0,31.4,0,3,-24.6,31.3,3,1,13.6,0,1,4,0,506222.62
CUST-2580,Neha Deshmukh,neha.deshmukh.2580@example.com,55,Female,Bengaluru,Standard,2026-03-23,4,4487.27,4665.71,17764.55,6.3,14.0,37.9,0,4,55.7,42.0,0,0,32.8,0,0,4,0,224449.71
CUST-2581,Shreya Nair,shreya.nair.2581@example.com,36,Female,Hyderabad,Basic,2024-12-20,19,1574.79,1637.41,29613.41,0.7,1.6,25.4,2,7,-35.7,27.5,2,1,29.4,0,1,4,0,76133.64
CUST-2582,Arjun Mishra,arjun.mishra.2582@example.com,35,Male,Delhi NCR,Premium,2025-08-22,11,8157.66,8482.05,88811.75,2.1,4.7,22.4,1,5,-20.4,54.8,1,0,20.0,0,0,5,0,380169.17
CUST-2583,Sneha Agarwal,sneha.agarwal.2583@example.com,27,Male,Kolkata,Standard,2026-06-29,1,4354.58,4527.74,4309.81,6.7,14.9,26.7,17,5,-4.6,18.1,2,1,24.5,0,0,3,1,134594.31
CUST-2584,Simran Nair,simran.nair.2584@example.com,58,Male,Delhi NCR,Basic,2025-08-19,11,1868.12,1942.41,20338.06,4.5,10.0,33.8,1,2,-3.7,34.8,1,0,20.6,0,0,5,0,73914.54
CUST-2585,Rhea Mehta,rhea.mehta.2585@example.com,53,Female,Bengaluru,Basic,2026-05-29,2,1532.59,1593.53,3033.67,2.0,4.5,19.3,3,6,8.7,26.3,1,0,1.8,0,1,3,0,70184.59
CUST-2586,Sanjay Joshi,sanjay.joshi.2586@example.com,24,Male,Chandigarh,Basic,2025-03-30,16,1855.68,1929.47,29385.64,5.5,12.2,37.1,9,4,-15.1,48.3,1,0,22.3,1,0,4,0,82826.96
CUST-2587,Aarav Bhatia,aarav.bhatia.2587@example.com,24,Female,Mumbai,Enterprise,2025-08-02,12,23340.87,24269.02,277210.97,3.1,6.9,26.0,12,5,10.5,51.3,1,0,30.5,0,1,4,0,1112576.43
CUST-2588,Siddharth Verma,siddharth.verma.2588@example.com,43,Female,Chandigarh,Standard,2026-06-19,1,4624.27,4808.15,4576.73,9.5,21.1,2.0,4,5,30.0,15.5,1,1,26.6,0,0,3,0,198683.57
CUST-2589,Sneha Kapoor,sneha.kapoor.2589@example.com,43,Male,Hyderabad,Basic,2026-03-27,4,1409.08,1465.11,5578.38,5.5,12.2,31.7,1,2,33.5,51.8,2,0,26.4,0,1,5,0,59167.8
CUST-2590,Tara Kumar,tara.kumar.2590@example.com,31,Female,Bengaluru,Premium,2024-10-23,21,8960.75,9317.07,186241.21,2.3,5.1,8.0,2,8,-9.5,6.6,0,0,11.1,0,0,4,0,424858.99
CUST-2591,Karan Kumar,karan.kumar.2591@example.com,24,Other,Bengaluru,Basic,2026-03-01,5,1648.59,1714.15,8158.21,6.1,13.6,31.5,4,1,15.1,94.6,1,0,20.9,0,1,5,0,64552.04
CUST-2592,Neha Chopra,neha.chopra.2592@example.com,33,Male,Ahmedabad,Basic,2025-09-22,10,1660.1,1726.11,16430.33,7.6,16.9,31.9,3,2,-34.1,29.7,1,0,11.4,0,1,5,0,65216.91
CUST-2593,Neha Malhotra,neha.malhotra.2593@example.com,50,Male,Kolkata,Basic,2026-01-29,6,1755.81,1825.63,10426.56,4.2,9.4,25.6,3,7,-22.2,67.2,5,1,4.2,0,1,4,0,85153.33
CUST-2594,Priya Verma,priya.verma.2594@example.com,38,Female,Ahmedabad,Standard,2023-07-14,36,4460.32,4637.68,158920.76,2.6,5.8,28.0,1,7,-34.9,46.8,1,0,13.2,0,0,4,0,290505.59
CUST-2595,Divya Verma,divya.verma.2595@example.com,28,Female,Hyderabad,Basic,2025-08-25,11,1660.54,1726.57,18078.16,4.3,9.6,34.1,18,2,-3.3,47.8,1,0,29.5,1,1,4,0,70369.35
CUST-2596,Priya Deshmukh,priya.deshmukh.2596@example.com,34,Male,Chennai,Standard,2025-02-22,17,4876.07,5069.97,82041.01,2.9,6.5,16.5,0,1,-26.1,14.0,3,2,16.0,0,0,4,1,179516.62
CUST-2597,Vikram Chauhan,vikram.chauhan.2597@example.com,23,Male,Delhi NCR,Premium,2026-05-26,2,9523.25,9901.94,18850.69,3.7,8.2,30.7,4,10,-44.6,62.2,3,0,35.6,0,0,5,0,490451.97
CUST-2598,Meera Bose,meera.bose.2598@example.com,25,Male,Ahmedabad,Basic,2026-06-19,1,1467.29,1525.64,1452.21,1.3,2.9,34.8,29,1,-12.8,43.2,1,1,17.4,0,1,4,1,24508.28
CUST-2599,Vikram Singh,vikram.singh.2599@example.com,31,Other,Hyderabad,Basic,2026-02-13,5,1433.98,1491.0,7096.19,6.0,13.4,41.4,8,1,-50.4,53.3,2,0,22.8,0,0,4,1,28937.22
CUST-2600,Sneha Chauhan,sneha.chauhan.2600@example.com,45,Male,Delhi NCR,Standard,2026-01-23,6,4158.95,4324.33,24697.16,1.8,4.0,9.8,3,6,35.2,39.8,2,0,34.2,0,0,3,0,206514.31
CUST-2601,Rajesh Mehta,rajesh.mehta.2601@example.com,38,Male,Hyderabad,Standard,2025-02-10,17,4596.7,4779.49,77340.54,5.5,12.2,26.5,1,10,-17.6,45.1,2,1,45.9,1,0,2,0,270552.51
CUST-2602,Pooja Rao,pooja.rao.2602@example.com,27,Female,Chennai,Enterprise,2025-07-25,12,22871.34,23780.82,271634.53,3.6,8.0,11.4,24,7,25.6,20.7,2,1,43.3,0,0,4,0,1102414.44
CUST-2603,Manish Sharma,manish.sharma.2603@example.com,40,Male,Kolkata,Standard,2025-12-29,7,3779.73,3930.03,26186.11,4.7,10.5,11.0,0,2,-15.8,38.3,0,0,6.9,0,1,4,0,157866.13
CUST-2604,Tara Kumar,tara.kumar.2604@example.com,26,Female,Kolkata,Basic,2025-04-30,15,1404.77,1460.63,20854.92,3.2,7.1,25.9,8,6,-35.5,31.9,4,1,37.7,0,1,3,1,67028.44
CUST-2605,Rajesh Reddy,rajesh.reddy.2605@example.com,53,Male,Hyderabad,Basic,2026-04-19,3,1656.15,1722.01,4917.37,4.6,10.2,22.9,15,4,30.9,25.1,1,0,8.9,0,1,4,0,64349.11
CUST-2606,Shreya Kapoor,shreya.kapoor.2606@example.com,31,Female,Ahmedabad,Basic,2026-06-19,1,1476.52,1535.23,1461.34,5.1,11.4,34.6,0,9,0.5,45.2,3,1,12.7,2,0,3,0,73096.59
CUST-2607,Amit Saxena,amit.saxena.2607@example.com,30,Male,Kolkata,Standard,2024-04-13,27,3831.81,3984.18,102395.26,3.5,7.8,18.2,9,8,50.8,50.7,4,1,17.0,0,0,4,0,205256.47
CUST-2608,Isha Pandey,isha.pandey.2608@example.com,48,Female,Mumbai,Basic,2025-07-18,12,1660.1,1726.11,19716.4,0.6,1.3,20.5,50,8,-15.1,48.0,2,2,47.2,0,0,2,1,16189.73
CUST-2609,Nikhil Agarwal,nikhil.agarwal.2609@example.com,34,Female,Ahmedabad,Basic,2025-04-28,15,1748.52,1818.05,25958.16,4.9,10.9,24.3,7,2,-14.5,39.5,3,1,18.4,0,0,4,0,62202.84
CUST-2610,Harsh Mishra,harsh.mishra.2610@example.com,40,Male,Jaipur,Standard,2026-01-12,6,4064.0,4225.6,24133.32,5.0,11.1,12.5,4,5,26.1,51.9,2,2,22.7,2,0,2,0,164230.68
CUST-2611,Kavya Mishra,kavya.mishra.2611@example.com,42,Male,Pune,Basic,2025-12-10,7,1652.46,1718.17,11448.3,1.2,2.7,14.0,15,2,26.3,47.8,0,0,35.2,0,0,4,0,70335.52
CUST-2612,Sneha Joshi,sneha.joshi.2612@example.com,45,Male,Hyderabad,Standard,2026-05-10,2,3736.44,3885.02,7396.05,2.1,4.7,34.3,6,3,2.3,44.3,1,0,14.4,0,0,4,0,141077.9
CUST-2613,Amit Gupta,amit.gupta.2613@example.com,59,Male,Hyderabad,Basic,2024-03-19,28,1839.75,1912.91,50983.42,3.5,7.8,16.0,10,8,75.0,46.0,1,0,23.8,0,0,5,0,98706.2
CUST-2614,Isha Iyer,isha.iyer.2614@example.com,25,Female,Hyderabad,Enterprise,2025-06-12,13,25446.82,26458.71,327407.78,0.2,0.5,35.0,6,5,-9.9,70.4,3,0,4.7,0,0,4,0,1200000.0
CUST-2615,Karan Singh,karan.singh.2615@example.com,45,Female,Chennai,Basic,2026-05-25,2,1872.44,1946.9,3706.38,5.7,12.7,28.7,0,4,-37.5,13.1,0,0,11.3,0,0,5,0,73565.35
CUST-2616,Deepak Mehta,deepak.mehta.2616@example.com,56,Male,Hyderabad,Enterprise,2024-08-26,23,31061.4,32296.55,707067.68,3.2,7.1,5.0,1,5,-30.1,34.4,1,1,21.6,0,0,4,0,1200000.0
CUST-2617,Aarav Iyer,aarav.iyer.2617@example.com,24,Female,Kolkata,Basic,2025-10-20,9,1757.71,1827.61,15656.76,4.8,10.7,27.8,0,8,-9.7,50.1,4,0,9.1,0,0,5,0,83928.23
CUST-2618,Kavya Singh,kavya.singh.2618@example.com,25,Female,Kolkata,Premium,2024-10-10,21,8162.3,8486.87,169646.14,2.0,4.5,27.7,0,10,40.5,4.0,5,2,31.0,0,1,3,0,444699.62
CUST-2619,Vikram Kumar,vikram.kumar.2619@example.com,58,Female,Pune,Basic,2026-06-25,1,1634.23,1699.21,1617.43,8.4,18.7,26.7,0,7,-7.2,75.2,3,1,13.3,0,0,4,0,77965.02
CUST-2620,Varun Chopra,varun.chopra.2620@example.com,56,Male,Pune,Standard,2026-06-21,1,3720.64,3868.59,3682.39,1.2,2.7,20.4,4,6,41.8,48.1,2,1,23.1,0,0,3,0,170122.2
CUST-2621,Shreya Pandey,shreya.pandey.2621@example.com,52,Male,Chandigarh,Basic,2026-04-29,3,1818.73,1891.05,5400.1,3.2,7.1,11.7,1,2,10.2,65.0,3,1,37.7,2,0,3,0,56349.29
CUST-2622,Kavya Singh,kavya.singh.2622@example.com,46,Male,Ahmedabad,Standard,2026-03-18,4,4704.31,4891.38,18623.79,6.7,14.9,36.8,14,10,28.3,68.9,2,1,3.9,0,0,3,0,258800.34
CUST-2623,Priya Chauhan,priya.chauhan.2623@example.com,34,Female,Kolkata,Standard,2024-10-27,21,4960.04,5157.28,103090.01,1.8,4.0,20.9,10,5,8.8,51.9,2,0,14.4,1,0,5,0,250170.39
CUST-2624,Isha Verma,isha.verma.2624@example.com,25,Male,Kolkata,Standard,2025-01-27,18,4450.62,4627.6,79287.58,4.4,9.8,12.3,6,10,8.6,0.0,3,1,18.2,0,0,3,0,263747.27
CUST-2625,Deepak Deshmukh,deepak.deshmukh.2625@example.com,35,Male,Chennai,Standard,2025-06-02,14,4329.96,4502.14,59996.24,5.5,12.2,27.0,5,9,19.1,45.5,1,0,9.1,0,0,3,0,242002.8
CUST-2626,Sanjay Chauhan,sanjay.chauhan.2626@example.com,34,Male,Kolkata,Basic,2023-12-20,31,1621.38,1685.85,49746.05,1.0,2.2,13.8,2,9,-17.9,47.1,1,0,39.4,2,0,3,0,96737.12
CUST-2627,Aarav Malhotra,aarav.malhotra.2627@example.com,48,Female,Kolkata,Basic,2026-03-25,4,1551.85,1613.56,6143.58,2.8,6.2,11.6,4,9,-17.6,15.9,1,0,33.4,0,0,4,0,81199.4
CUST-2628,Rajesh Mishra,rajesh.mishra.2628@example.com,27,Male,Chandigarh,Standard,2023-10-16,33,4255.1,4424.3,138974.73,4.6,10.2,17.9,7,3,7.8,0.0,2,2,26.1,0,0,3,0,221004.41
CUST-2629,Isha Iyer,isha.iyer.2629@example.com,38,Male,Mumbai,Basic,2023-09-28,34,1682.47,1749.37,56615.89,5.2,11.6,14.7,11,9,52.4,53.1,2,2,15.7,0,0,2,0,111375.77
CUST-2630,Deepak Patel,deepak.patel.2630@example.com,57,Male,Chandigarh,Basic,2025-11-17,8,1838.57,1911.68,14557.35,2.5,5.6,12.0,0,9,-45.1,12.0,1,0,34.3,0,0,3,1,77191.54
CUST-2631,Nikhil Joshi,nikhil.joshi.2631@example.com,56,Male,Mumbai,Basic,2026-05-18,2,1661.73,1727.81,3289.29,8.1,18.0,30.9,9,5,-58.8,91.5,1,1,28.8,0,0,5,0,71122.93
CUST-2632,Sneha Bose,sneha.bose.2632@example.com,38,Female,Chandigarh,Basic,2024-12-25,19,1798.79,1870.32,33825.65,5.2,11.6,20.7,10,6,-9.4,48.3,3,2,18.1,0,0,3,0,86491.32
CUST-2633,Siddharth Bose,siddharth.bose.2633@example.com,23,Male,Kolkata,Standard,2026-01-13,6,4806.69,4997.83,28543.65,5.8,12.9,35.8,6,7,26.9,74.4,1,0,5.1,0,0,4,0,243678.68
CUST-2634,Varun Singh,varun.singh.2634@example.com,34,Male,Chandigarh,Standard,2024-08-28,23,4325.28,4497.27,98458.72,5.7,12.7,12.6,1,10,-0.6,42.7,3,1,25.3,0,1,5,0,218810.5
CUST-2635,Siddharth Mehta,siddharth.mehta.2635@example.com,23,Female,Kolkata,Enterprise,2026-04-19,3,25539.34,26554.91,75830.35,0.9,2.0,3.0,5,10,-34.7,60.0,2,1,45.1,0,0,4,0,1200000.0
CUST-2636,Amit Gupta,amit.gupta.2636@example.com,49,Male,Kolkata,Standard,2025-08-26,11,4494.28,4672.99,48928.84,4.0,8.9,23.6,5,10,0.2,43.3,2,1,19.6,0,0,3,0,238150.52
CUST-2637,Varun Mishra,varun.mishra.2637@example.com,47,Male,Pune,Enterprise,2025-09-28,10,26400.37,27450.18,261289.61,4.2,9.4,42.4,4,6,-50.5,66.1,1,0,21.4,2,1,4,0,1189975.27
CUST-2638,Amit Pandey,amit.pandey.2638@example.com,43,Female,Bengaluru,Standard,2026-05-13,2,3713.09,3860.74,7349.84,3.7,8.2,27.8,4,5,15.6,0.0,1,1,16.9,0,0,5,0,182196.84
CUST-2639,Pooja Deshmukh,pooja.deshmukh.2639@example.com,24,Male,Mumbai,Enterprise,2026-01-01,7,25804.8,26830.92,178776.59,4.6,10.2,57.4,0,1,-10.7,63.3,1,0,21.7,0,1,4,0,1086716.21
CUST-2640,Tanvi Verma,tanvi.verma.2640@example.com,56,Male,Jaipur,Premium,2026-05-30,2,11230.08,11676.64,22229.26,0.2,0.5,25.7,1,4,-4.3,58.1,0,0,1.0,1,0,4,0,421740.24
CUST-2641,Sanjay Bhatia,sanjay.bhatia.2641@example.com,33,Male,Ahmedabad,Standard,2025-10-19,9,3667.0,3812.82,32663.71,4.5,10.0,24.6,0,8,10.0,38.3,1,0,23.7,0,0,5,0,181095.06
CUST-2642,Varun Sharma,varun.sharma.2642@example.com,45,Male,Ahmedabad,Standard,2024-05-11,26,4574.19,4756.08,117706.29,3.6,8.0,2.0,2,8,3.8,32.2,0,0,18.9,0,0,4,0,259803.99
CUST-2643,Shreya Reddy,shreya.reddy.2643@example.com,26,Female,Chandigarh,Basic,2026-02-15,5,1790.43,1861.63,8860.12,0.2,0.5,26.7,2,6,-17.2,34.8,1,1,14.1,0,0,3,1,75481.67
CUST-2644,Amit Kapoor,amit.kapoor.2644@example.com,41,Female,Bengaluru,Basic,2024-10-26,21,1689.45,1756.63,35113.71,5.1,11.4,23.9,2,3,26.9,48.8,2,0,1.0,1,0,4,0,68573.47
CUST-2645,Rohan Patel,rohan.patel.2645@example.com,34,Female,Chennai,Enterprise,2026-04-23,3,27484.2,28577.1,81604.95,1.7,3.8,17.5,1,8,20.3,71.1,0,0,35.5,0,0,4,0,1200000.0
CUST-2646,Rajesh Saxena,rajesh.saxena.2646@example.com,33,Male,Jaipur,Enterprise,2025-03-24,16,28689.95,29830.8,454320.04,3.4,7.6,20.5,9,7,-51.7,29.2,3,2,11.1,0,1,4,0,1200000.0
CUST-2647,Tanvi Saxena,tanvi.saxena.2647@example.com,34,Male,Ahmedabad,Premium,2023-08-30,35,9451.38,9827.21,327397.53,3.7,8.2,21.3,12,9,-8.4,1.2,2,0,31.1,0,0,3,0,610091.82
CUST-2648,Sanjay Chopra,sanjay.chopra.2648@example.com,31,Female,Delhi NCR,Premium,2026-01-20,6,8386.86,8720.36,49803.83,0.3,0.7,20.0,2,3,-32.2,100.0,2,1,14.1,0,1,5,0,346888.65
CUST-2649,Shreya Patel,shreya.patel.2649@example.com,54,Female,Hyderabad,Enterprise,2023-10-28,33,30919.52,32149.03,1009854.5,0.6,1.3,45.0,2,6,-37.5,58.1,1,0,20.6,0,1,5,0,1200000.0
CUST-2650,Karan Patel,karan.patel.2650@example.com,37,Male,Delhi NCR,Standard,2025-09-19,10,4204.17,4371.35,41609.49,5.3,11.8,17.9,13,1,13.0,32.6,1,1,31.4,0,0,4,0,169829.19
CUST-2651,Ananya Kapoor,ananya.kapoor.2651@example.com,56,Male,Chennai,Standard,2026-01-11,6,4530.41,4710.56,26903.01,2.9,6.5,23.9,7,8,-13.7,70.5,1,1,43.9,0,0,5,0,222616.78
CUST-2652,Aditi Reddy,aditi.reddy.2652@example.com,24,Male,Jaipur,Standard,2023-12-03,32,4342.75,4515.44,137539.34,3.4,7.6,17.6,2,2,-6.0,64.4,2,1,11.0,0,1,3,0,226692.44
CUST-2653,Rahul Das,rahul.das.2653@example.com,26,Male,Ahmedabad,Standard,2026-06-25,1,3675.62,3821.78,3637.83,4.4,9.8,30.6,9,5,-20.8,53.8,2,1,23.5,0,1,3,0,139457.37
CUST-2654,Rhea Kapoor,rhea.kapoor.2654@example.com,47,Male,Chandigarh,Basic,2026-06-10,1,1848.96,1922.48,1829.95,0.5,1.1,23.9,3,6,8.4,30.6,0,0,4.4,0,0,4,1,90718.49
CUST-2655,Aditya Agarwal,aditya.agarwal.2655@example.com,32,Male,Hyderabad,Standard,2025-06-17,13,4708.37,4895.6,60579.55,3.3,7.3,18.9,6,4,17.0,58.0,1,0,3.5,1,0,5,0,230591.53
CUST-2656,Aditi Bose,aditi.bose.2656@example.com,28,Female,Mumbai,Standard,2024-08-28,23,3807.78,3959.2,86678.58,4.0,8.9,2.0,36,9,58.8,68.1,4,1,25.1,1,0,3,0,175315.56
CUST-2657,Aditya Saxena,aditya.saxena.2657@example.com,31,Female,Ahmedabad,Standard,2024-11-25,20,4973.06,5170.81,98438.69,7.9,17.6,24.7,2,3,-7.1,0.7,3,0,26.1,0,0,5,0,242417.49
CUST-2658,Manish Saxena,manish.saxena.2658@example.com,55,Male,Ahmedabad,Premium,2026-05-31,2,10420.08,10834.43,20625.91,2.3,5.1,18.6,20,2,-42.6,47.4,1,0,45.8,3,0,3,1,161309.61
CUST-2659,Swati Chopra,swati.chopra.2659@example.com,24,Male,Chennai,Basic,2022-12-10,43,1596.9,1660.4,67960.77,5.9,13.1,21.3,2,3,-16.1,49.2,1,0,13.4,0,0,3,0,96723.02
CUST-2660,Karan Agarwal,karan.agarwal.2660@example.com,29,Female,Ahmedabad,Basic,2025-02-11,17,1669.86,1736.26,28095.78,4.2,9.4,9.0,5,5,21.7,48.4,2,0,15.2,0,0,3,0,79479.72
CUST-2661,Aditya Mehta,aditya.mehta.2661@example.com,52,Male,Jaipur,Premium,2023-02-01,42,8435.28,8770.71,350639.56,1.8,4.0,37.8,4,1,-23.6,43.1,2,0,15.9,0,0,5,0,473929.65
CUST-2662,Neha Sharma,neha.sharma.2662@example.com,32,Female,Bengaluru,Standard,2026-01-30,6,4383.48,4557.79,26030.49,2.9,6.5,31.4,11,10,-43.5,70.5,1,0,18.0,1,0,4,0,207889.96
CUST-2663,Aditya Agarwal,aditya.agarwal.2663@example.com,28,Male,Jaipur,Basic,2025-02-12,17,1387.75,1442.93,23349.21,6.0,13.4,37.7,0,4,-23.1,36.9,0,0,19.0,1,1,4,0,64266.65
CUST-2664,Nikhil Sharma,nikhil.sharma.2664@example.com,23,Female,Mumbai,Standard,2024-03-11,28,4361.71,4535.15,120872.34,5.8,12.9,34.6,7,1,-16.9,41.9,5,1,10.1,0,0,3,0,176227.27
CUST-2665,Isha Bose,isha.bose.2665@example.com,27,Male,Bengaluru,Standard,2025-12-23,7,4372.68,4546.56,30294.09,3.1,6.9,28.5,10,9,-32.3,49.6,3,0,1.0,0,0,3,0,218438.41
CUST-2666,Meera Saxena,meera.saxena.2666@example.com,53,Male,Ahmedabad,Enterprise,2022-08-15,47,30150.13,31349.04,1402488.05,4.9,10.9,9.4,4,3,4.1,37.7,0,0,12.8,0,1,4,0,1200000.0
CUST-2667,Sanjay Saxena,sanjay.saxena.2667@example.com,41,Male,Ahmedabad,Standard,2026-02-22,5,4613.93,4797.4,22832.48,2.0,4.5,42.3,0,2,-4.2,8.7,4,1,47.5,0,1,4,0,149271.47
CUST-2668,Rahul Deshmukh,rahul.deshmukh.2668@example.com,55,Male,Hyderabad,Basic,2026-01-14,6,1480.03,1538.88,8788.89,3.8,8.5,11.8,2,5,20.1,47.1,3,1,24.9,1,1,4,0,70109.46
CUST-2669,Tanvi Singh,tanvi.singh.2669@example.com,37,Male,Ahmedabad,Standard,2023-07-29,36,4842.59,5035.15,172541.01,3.3,7.3,19.0,8,1,-14.5,47.4,0,0,14.4,0,0,5,0,236888.9
CUST-2670,Ananya Kumar,ananya.kumar.2670@example.com,46,Female,Kolkata,Premium,2022-07-15,48,9904.61,10298.47,470533.71,6.2,13.8,29.8,16,10,13.6,33.2,0,0,15.7,0,0,5,0,650660.93
CUST-2671,Varun Gupta,varun.gupta.2671@example.com,33,Male,Mumbai,Standard,2026-02-25,5,4447.82,4624.69,22010.47,5.2,11.6,30.3,4,7,-15.8,38.8,2,0,7.6,2,0,4,0,211305.07
CUST-2672,Meera Gupta,meera.gupta.2672@example.com,28,Male,Pune,Premium,2026-04-08,3,8631.33,8974.55,25627.79,2.8,6.2,28.3,6,9,-33.6,0.0,2,0,14.8,0,1,5,0,428906.64
CUST-2673,Aarav Iyer,aarav.iyer.2673@example.com,38,Male,Chandigarh,Basic,2024-11-22,20,1799.13,1870.67,35612.68,3.0,6.7,17.6,1,1,-17.2,71.0,4,1,24.5,0,0,4,1,79204.86
CUST-2674,Manish Sharma,manish.sharma.2674@example.com,32,Female,Hyderabad,Premium,2023-05-10,38,11031.31,11469.97,414880.3,4.1,9.1,15.3,3,8,-47.3,63.6,1,0,16.5,0,1,3,0,685191.18
CUST-2675,Harsh Kapoor,harsh.kapoor.2675@example.com,27,Female,Delhi NCR,Premium,2025-06-24,13,10540.05,10959.17,135612.01,3.9,8.7,49.9,3,8,48.1,9.9,0,0,17.3,1,0,3,0,546750.41
CUST-2676,Rajesh Mishra,rajesh.mishra.2676@example.com,44,Female,Bengaluru,Premium,2025-04-24,15,11062.14,11502.02,164226.23,3.6,8.0,21.6,7,7,2.0,25.8,0,0,17.2,0,0,4,0,575749.85
CUST-2677,Karan Verma,karan.verma.2677@example.com,48,Male,Pune,Basic,2024-10-30,21,1507.7,1567.65,31336.2,3.5,7.8,20.2,31,10,-24.3,76.8,3,2,31.3,0,0,2,0,64393.92
CUST-2678,Isha Pandey,isha.pandey.2678@example.com,27,Female,Chandigarh,Premium,2026-04-21,3,10811.32,11241.23,32100.52,7.1,15.8,14.2,12,4,-12.6,14.3,0,0,29.6,0,0,5,0,436398.93
CUST-2679,Shreya Bose,shreya.bose.2679@example.com,59,Female,Ahmedabad,Standard,2022-07-24,48,4283.38,4453.71,203488.54,3.3,7.3,24.7,1,7,-70.6,53.5,2,0,38.7,0,1,5,0,278957.68
CUST-2680,Tara Gupta,tara.gupta.2680@example.com,23,Female,Jaipur,Premium,2025-12-19,7,8615.38,8957.97,59687.67,4.8,10.7,24.2,6,2,38.2,30.2,3,1,3.7,2,0,4,0,329060.49
CUST-2681,Rhea Mehta,rhea.mehta.2681@example.com,43,Male,Kolkata,Standard,2025-05-09,14,4535.19,4715.53,62839.92,9.3,20.7,21.8,0,6,35.4,51.8,0,0,9.3,2,0,4,0,251657.42
CUST-2682,Varun Iyer,varun.iyer.2682@example.com,41,Male,Bengaluru,Basic,2025-10-14,9,1708.02,1775.94,15214.15,2.4,5.3,26.2,2,5,1.0,43.2,3,1,1.0,3,0,1,1,31543.01
CUST-2683,Manish Kumar,manish.kumar.2683@example.com,46,Male,Bengaluru,Basic,2025-10-23,9,1499.63,1559.26,13357.92,4.6,10.2,41.4,1,5,6.9,35.2,2,0,22.0,0,0,5,0,61910.63
CUST-2684,Rahul Pandey,rahul.pandey.2684@example.com,36,Male,Bengaluru,Standard,2025-02-13,17,3637.58,3782.23,61203.13,4.7,10.5,15.5,3,8,-37.5,51.3,0,0,31.0,1,0,4,0,216346.69
CUST-2685,Manish Bhatia,manish.bhatia.2685@example.com,50,Female,Mumbai,Standard,2022-07-30,48,3878.82,4033.06,184269.3,4.2,9.4,22.5,8,1,-35.5,30.2,1,0,17.3,0,0,4,0,220628.0
CUST-2686,Tanvi Chopra,tanvi.chopra.2686@example.com,29,Male,Bengaluru,Standard,2025-03-12,16,4158.65,4324.02,65854.35,4.3,9.6,14.9,5,8,-49.5,0.0,1,0,17.5,0,0,4,0,190939.97
CUST-2687,Amit Patel,amit.patel.2687@example.com,58,Male,Hyderabad,Standard,2024-08-24,23,3833.63,3986.07,87267.02,2.4,5.3,25.2,20,4,-6.5,19.7,0,0,9.1,1,0,4,0,188314.27
CUST-2688,Manish Joshi,manish.joshi.2688@example.com,54,Female,Chandigarh,Premium,2026-07-02,1,8710.23,9056.59,8620.68,5.0,11.1,15.7,1,10,27.7,16.9,3,1,26.3,1,1,4,0,414154.16
CUST-2689,Tanvi Bhatia,tanvi.bhatia.2689@example.com,43,Female,Jaipur,Basic,2024-07-19,24,1554.44,1616.25,36923.03,0.3,0.7,16.2,3,6,-12.7,3.5,1,1,23.1,0,0,4,0,83430.5
CUST-2690,Isha Bhatia,isha.bhatia.2690@example.com,26,Male,Hyderabad,Basic,2026-02-07,5,1853.7,1927.41,9173.22,8.0,17.8,5.9,3,6,7.7,50.9,1,1,37.0,2,1,3,0,80595.57
CUST-2691,Isha Bose,isha.bose.2691@example.com,39,Female,Hyderabad,Premium,2026-05-30,2,10506.2,10923.98,20796.38,7.8,17.4,23.1,2,1,25.4,37.9,1,0,40.5,1,1,3,0,403914.75
CUST-2692,Tara Reddy,tara.reddy.2692@example.com,59,Male,Kolkata,Standard,2026-05-27,2,4046.64,4207.55,8010.08,3.5,7.8,26.7,37,8,-47.5,50.5,0,0,34.7,0,1,5,0,170794.81
CUST-2693,Rajesh Rao,rajesh.rao.2693@example.com,58,Female,Jaipur,Standard,2025-03-28,16,4931.01,5127.09,78085.07,6.4,14.2,42.5,3,4,49.7,54.5,2,0,43.2,1,0,4,0,222002.6
CUST-2694,Harsh Deshmukh,harsh.deshmukh.2694@example.com,51,Female,Kolkata,Standard,2022-07-20,48,4502.78,4681.83,213911.48,3.6,8.0,27.2,21,9,30.4,60.2,2,0,23.8,0,0,5,0,296545.59
CUST-2695,Sneha Reddy,sneha.reddy.2695@example.com,52,Female,Bengaluru,Standard,2025-03-28,16,4236.57,4405.04,67088.25,4.2,9.4,17.1,3,7,12.4,51.8,2,0,20.0,1,0,4,0,222395.2
CUST-2696,Manish Chauhan,manish.chauhan.2696@example.com,31,Female,Bengaluru,Basic,2026-02-24,5,1594.79,1658.21,7891.97,2.8,6.2,7.0,1,4,23.9,18.5,0,0,15.8,0,0,4,0,60720.01
CUST-2697,Rahul Iyer,rahul.iyer.2697@example.com,36,Female,Hyderabad,Standard,2026-03-14,4,4174.0,4339.98,16524.36,5.9,13.1,8.6,0,1,25.2,55.9,4,2,36.5,0,0,3,0,139341.89
CUST-2698,Aarav Chopra,aarav.chopra.2698@example.com,39,Male,Hyderabad,Enterprise,2025-08-11,11,24537.7,25513.44,267139.84,3.0,6.7,7.7,14,9,6.2,47.3,4,4,52.1,0,0,2,0,1200000.0
CUST-2699,Swati Das,swati.das.2699@example.com,44,Male,Bengaluru,Standard,2026-06-30,1,4140.25,4304.89,4097.69,5.8,12.9,42.7,0,10,38.0,94.6,2,0,31.9,1,0,4,0,210533.66
CUST-2700,Arjun Mehta,arjun.mehta.2700@example.com,54,Female,Chennai,Basic,2025-11-11,8,1626.06,1690.72,12874.75,4.1,9.1,25.2,25,6,-14.7,42.2,2,1,21.9,1,0,3,1,40556.84
CUST-2701,Simran Deshmukh,simran.deshmukh.2701@example.com,37,Male,Chandigarh,Premium,2025-03-21,16,9762.2,10150.39,154589.43,4.2,9.4,15.6,4,6,10.9,51.2,2,1,11.4,2,1,2,0,507079.15
CUST-2702,Deepak Singh,deepak.singh.2702@example.com,59,Male,Mumbai,Standard,2022-08-02,48,4665.27,4850.78,221630.82,1.1,2.4,11.4,2,1,35.0,39.7,3,1,23.6,0,0,5,0,240529.3
CUST-2703,Nikhil Saxena,nikhil.saxena.2703@example.com,56,Female,Pune,Basic,2025-11-29,8,1537.34,1598.47,12172.28,4.3,9.6,12.6,7,5,-77.4,43.2,1,0,4.9,0,0,5,1,59795.06
CUST-2704,Aditya Rao,aditya.rao.2704@example.com,55,Female,Ahmedabad,Premium,2026-03-21,4,10356.76,10768.59,41001.15,1.8,4.0,15.3,1,4,10.3,41.6,0,0,13.4,0,1,5,0,468996.53
CUST-2705,Meera Agarwal,meera.agarwal.2705@example.com,49,Male,Delhi NCR,Basic,2024-07-25,24,1652.4,1718.11,39249.9,4.3,9.6,36.5,0,1,18.3,31.6,4,0,1.0,1,0,3,0,90195.54
CUST-2706,Nikhil Saxena,nikhil.saxena.2706@example.com,23,Male,Jaipur,Enterprise,2024-11-10,20,30914.91,32144.24,611941.78,8.3,18.5,21.7,13,7,-49.8,46.3,1,0,16.4,1,1,5,0,1200000.0
CUST-2707,Simran Bose,simran.bose.2707@example.com,51,Male,Kolkata,Standard,2024-03-15,28,4138.36,4302.92,114682.84,1.3,2.9,6.1,4,4,5.9,56.9,2,1,13.4,0,0,3,0,186373.08
CUST-2708,Swati Chauhan,swati.chauhan.2708@example.com,34,Male,Jaipur,Premium,2026-03-16,4,10937.62,11372.55,43300.7,3.9,8.7,47.4,5,3,-24.2,31.9,2,2,40.9,0,1,4,0,430241.47
CUST-2709,Simran Gupta,simran.gupta.2709@example.com,37,Male,Bengaluru,Standard,2025-11-27,8,4747.71,4936.5,37591.21,2.9,6.5,9.5,1,2,9.1,62.1,1,1,19.5,0,0,3,0,195609.0
CUST-2710,Harsh Malhotra,harsh.malhotra.2710@example.com,26,Female,Pune,Basic,2022-07-25,48,1683.65,1750.6,79984.38,2.0,4.5,15.5,0,8,-4.7,59.1,2,1,1.0,0,1,3,0,114132.79
CUST-2711,Manish Bhatia,manish.bhatia.2711@example.com,49,Male,Delhi NCR,Standard,2026-04-19,3,4515.19,4694.74,13406.31,2.5,5.6,36.4,3,5,-28.5,20.9,1,1,19.1,0,0,4,1,142739.08
CUST-2712,Arjun Malhotra,arjun.malhotra.2712@example.com,41,Male,Hyderabad,Enterprise,2025-03-13,16,23239.76,24163.89,368013.5,7.3,16.3,26.6,5,10,29.1,18.9,2,0,15.0,0,0,5,0,1200000.0
CUST-2713,Harsh Reddy,harsh.reddy.2713@example.com,45,Male,Hyderabad,Premium,2026-03-17,4,11091.97,11533.04,43911.76,7.8,17.4,16.8,10,9,-13.7,52.8,2,0,20.0,1,0,4,0,564093.38
CUST-2714,Simran Das,simran.das.2714@example.com,48,Other,Kolkata,Standard,2025-09-29,10,3748.77,3897.84,37102.31,2.0,4.5,8.5,5,5,5.6,27.9,2,1,30.4,0,0,4,0,152970.02
CUST-2715,Divya Das,divya.das.2715@example.com,51,Male,Chandigarh,Enterprise,2024-08-26,23,27427.19,28517.83,624340.16,5.0,11.1,11.4,11,10,34.8,16.9,1,0,6.3,0,0,3,0,1200000.0
CUST-2716,Sneha Mehta,sneha.mehta.2716@example.com,48,Male,Ahmedabad,Basic,2025-09-23,10,1522.27,1582.8,15066.2,2.3,5.1,12.0,0,1,-27.7,83.2,4,3,30.9,0,1,3,0,39778.98
CUST-2717,Nikhil Rao,nikhil.rao.2717@example.com,47,Male,Chandigarh,Basic,2024-08-28,23,1574.62,1637.23,35843.94,2.8,6.2,22.1,0,10,-1.8,18.8,4,1,23.7,0,1,4,0,87791.28
CUST-2718,Rhea Patel,rhea.patel.2718@example.com,28,Female,Pune,Basic,2025-11-28,8,1669.23,1735.61,13216.56,0.2,0.5,24.1,1,5,-15.9,5.4,0,0,19.6,0,0,4,0,77013.08
CUST-2719,Aarav Iyer,aarav.iyer.2719@example.com,59,Female,Chandigarh,Premium,2022-08-01,48,10961.66,11397.55,520750.49,8.7,19.4,20.4,11,5,-9.6,23.2,2,0,21.7,0,0,5,0,660103.05
CUST-2720,Kavya Sharma,kavya.sharma.2720@example.com,26,Male,Kolkata,Premium,2025-10-20,9,9540.28,9919.65,84979.81,6.5,14.5,21.6,10,8,58.4,47.6,3,0,27.4,0,0,3,0,447983.3
CUST-2721,Nikhil Patel,nikhil.patel.2721@example.com,44,Male,Delhi NCR,Standard,2026-04-24,3,4981.58,5179.67,14791.1,2.8,6.2,10.4,1,6,10.8,43.8,5,2,11.9,0,0,3,0,254377.27
CUST-2722,Siddharth Rao,siddharth.rao.2722@example.com,49,Male,Delhi NCR,Enterprise,2025-11-09,8,27686.0,28786.93,219210.99,4.8,10.7,25.2,0,5,6.8,87.3,3,1,35.6,0,0,4,0,1200000.0
CUST-2723,Rhea Pandey,rhea.pandey.2723@example.com,55,Male,Delhi NCR,Standard,2024-12-26,19,3823.82,3975.87,71905.67,3.4,7.6,36.1,8,8,12.7,23.6,1,0,25.8,0,1,5,0,216506.19
CUST-2724,Aditi Chauhan,aditi.chauhan.2724@example.com,36,Male,Hyderabad,Standard,2024-04-26,27,3865.05,4018.74,103283.51,6.2,13.8,20.2,14,1,10.0,47.7,0,0,26.2,0,1,4,0,171598.31
CUST-2725,Isha Mehta,isha.mehta.2725@example.com,53,Male,Chennai,Basic,2025-10-23,9,1724.81,1793.4,15363.7,3.5,7.8,20.0,10,5,-53.1,69.1,0,0,13.3,0,0,3,0,57904.34
CUST-2726,Tara Verma,tara.verma.2726@example.com,47,Male,Pune,Enterprise,2025-07-02,13,22940.06,23852.27,295154.92,3.8,8.5,22.9,1,3,62.3,26.2,5,2,35.1,1,1,3,0,1130038.81
CUST-2727,Manish Pandey,manish.pandey.2727@example.com,52,Male,Ahmedabad,Basic,2024-04-14,27,1601.11,1664.78,42785.54,2.8,6.2,34.3,6,5,-43.0,58.9,1,0,21.9,1,1,5,0,92566.99
CUST-2728,Rhea Pandey,rhea.pandey.2728@example.com,40,Male,Pune,Standard,2024-07-13,24,3806.55,3957.92,90418.0,5.5,12.2,12.2,10,3,46.5,0.0,1,0,13.8,1,1,3,0,172114.01
CUST-2729,Simran Singh,simran.singh.2729@example.com,30,Female,Pune,Basic,2025-03-13,16,1576.39,1639.07,24962.94,8.8,19.6,38.0,2,4,15.3,84.2,0,0,27.4,0,0,4,0,64900.08
CUST-2730,Ananya Mehta,ananya.mehta.2730@example.com,50,Male,Chandigarh,Basic,2024-08-02,24,1742.54,1811.83,41391.02,3.6,8.0,26.6,5,9,3.1,65.9,2,1,9.8,0,0,4,0,89779.22
CUST-2731,Nikhil Patel,nikhil.patel.2731@example.com,25,Male,Mumbai,Standard,2025-06-14,13,4241.28,4409.93,54569.81,3.6,8.0,22.3,2,2,-10.6,25.7,3,0,24.6,0,0,5,0,156868.99
CUST-2732,Rajesh Verma,rajesh.verma.2732@example.com,24,Male,Pune,Basic,2026-07-01,1,1434.85,1491.91,1420.1,4.1,9.1,35.3,1,10,70.9,61.9,1,1,29.9,0,0,3,0,68453.9
CUST-2733,Priya Kapoor,priya.kapoor.2733@example.com,50,Female,Kolkata,Enterprise,2026-06-21,1,24703.36,25685.68,24449.4,4.7,10.5,9.0,26,1,14.9,73.5,2,0,34.2,0,0,4,0,1122803.7
CUST-2734,Aarav Deshmukh,aarav.deshmukh.2734@example.com,32,Female,Mumbai,Standard,2022-07-12,48,4113.53,4277.1,195419.56,3.6,8.0,27.7,18,4,-1.5,11.1,1,0,39.3,0,1,4,0,219899.16
CUST-2735,Sneha Chopra,sneha.chopra.2735@example.com,54,Male,Chennai,Standard,2026-04-20,3,3696.46,3843.45,10975.38,3.4,7.6,26.7,4,8,-17.0,27.6,1,0,13.7,0,1,4,0,176289.22
CUST-2736,Harsh Pandey,harsh.pandey.2736@example.com,59,Male,Kolkata,Premium,2025-11-18,8,9939.56,10334.8,78699.01,4.4,9.8,11.7,1,5,-20.3,74.3,3,0,34.5,2,0,4,1,425754.06
CUST-2737,Deepak Saxena,deepak.saxena.2737@example.com,32,Male,Pune,Standard,2023-04-30,39,4449.43,4626.36,171743.82,0.5,1.1,27.1,9,9,-0.6,43.6,4,2,35.6,2,0,2,0,268231.5
CUST-2738,Rahul Deshmukh,rahul.deshmukh.2738@example.com,48,Male,Jaipur,Enterprise,2026-03-31,4,23042.91,23959.21,91224.07,3.1,6.9,25.1,2,10,-28.1,52.5,0,0,20.0,1,0,5,0,1200000.0
CUST-2739,Rohan Bose,rohan.bose.2739@example.com,54,Male,Hyderabad,Basic,2024-05-10,26,1560.17,1622.21,40147.4,0.2,0.5,20.0,1,3,17.0,43.7,0,0,20.7,0,1,3,0,66805.09
CUST-2740,Swati Iyer,swati.iyer.2740@example.com,42,Female,Chandigarh,Basic,2024-07-17,24,1566.31,1628.59,37204.98,3.2,7.1,31.5,3,9,-20.1,63.4,3,1,7.9,2,0,3,0,85108.05
CUST-2741,Pooja Chopra,pooja.chopra.2741@example.com,52,Female,Bengaluru,Basic,2022-08-03,48,1524.24,1584.85,72411.36,2.2,4.9,15.7,5,1,26.1,54.3,4,1,37.6,0,0,3,0,89602.11
CUST-2742,Pooja Gupta,pooja.gupta.2742@example.com,59,Female,Ahmedabad,Premium,2026-02-17,5,9855.78,10247.69,48772.29,5.5,12.2,25.0,0,2,25.5,44.5,3,0,1.0,0,0,3,0,401675.84
CUST-2743,Nikhil Mishra,nikhil.mishra.2743@example.com,23,Male,Ahmedabad,Enterprise,2026-01-26,6,25526.11,26541.15,151582.13,2.7,6.0,20.6,6,9,-3.6,0.0,5,1,30.1,0,1,4,0,1200000.0
CUST-2744,Kavya Nair,kavya.nair.2744@example.com,48,Female,Kolkata,Basic,2023-10-17,33,1567.57,1629.9,51198.0,3.4,7.6,15.2,0,9,14.2,57.4,0,0,1.0,0,0,4,0,101789.4
CUST-2745,Aditi Iyer,aditi.iyer.2745@example.com,57,Female,Ahmedabad,Standard,2026-03-30,4,4715.35,4902.86,18667.5,0.2,0.5,27.5,16,10,15.7,59.5,2,1,21.4,0,0,3,0,236118.72
CUST-2746,Tara Singh,tara.singh.2746@example.com,32,Male,Mumbai,Basic,2025-07-28,12,1434.15,1491.18,17032.87,6.3,14.0,19.7,19,5,-42.9,12.3,1,1,23.9,0,0,3,1,25435.78
CUST-2747,Aarav Chauhan,aarav.chauhan.2747@example.com,39,Male,Delhi NCR,Basic,2025-01-31,18,1673.92,1740.48,29820.8,1.9,4.2,5.8,9,10,46.5,13.9,3,0,23.7,0,0,4,0,90360.84
CUST-2748,Deepak Reddy,deepak.reddy.2748@example.com,22,Male,Jaipur,Standard,2026-02-22,5,4306.76,4478.02,21312.42,3.2,7.1,2.2,4,4,-9.2,54.4,5,1,41.4,0,0,4,0,175141.53
CUST-2749,Deepak Reddy,deepak.reddy.2749@example.com,56,Male,Bengaluru,Basic,2023-03-31,40,1509.16,1569.17,59745.8,5.8,12.9,30.7,2,9,17.5,46.7,0,0,15.1,0,1,5,0,106454.06
CUST-2750,Tara Nair,tara.nair.2750@example.com,56,Male,Ahmedabad,Standard,2025-03-25,16,4617.39,4801.0,73118.73,5.8,12.9,8.6,10,10,18.3,0.0,1,1,9.0,0,1,4,0,239980.38
CUST-2751,Swati Chopra,swati.chopra.2751@example.com,52,Female,Ahmedabad,Standard,2026-06-24,1,4370.57,4544.36,4325.64,1.9,4.2,25.1,20,2,-71.7,22.3,1,1,18.6,0,0,4,1,11170.69
CUST-2752,Rhea Saxena,rhea.saxena.2752@example.com,49,Male,Kolkata,Premium,2026-04-11,3,9602.62,9984.47,28511.7,5.3,11.8,22.6,1,3,-20.4,49.5,2,0,18.8,0,0,4,0,414647.21
CUST-2753,Rahul Patel,rahul.patel.2753@example.com,22,Female,Pune,Standard,2026-04-20,3,4533.6,4713.88,13460.98,1.8,4.0,17.9,4,8,21.5,58.2,3,1,25.9,0,0,5,0,223371.53
CUST-2754,Harsh Bhatia,harsh.bhatia.2754@example.com,46,Male,Hyderabad,Standard,2026-03-11,4,4722.03,4909.8,18693.94,4.7,10.5,43.5,2,1,-0.3,28.0,3,2,11.1,0,0,3,0,145585.05
CUST-2755,Sneha Mishra,sneha.mishra.2755@example.com,59,Female,Chandigarh,Standard,2024-12-16,19,4960.5,5157.75,93280.57,2.6,5.8,24.0,3,2,17.3,38.5,2,1,17.9,2,1,3,0,239586.89
CUST-2756,Aarav Rao,aarav.rao.2756@example.com,41,Male,Chandigarh,Basic,2026-05-13,2,1679.29,1746.07,3324.05,2.1,4.7,30.3,3,5,0.6,20.9,3,0,9.6,0,1,4,0,77111.89
CUST-2757,Sanjay Mehta,sanjay.mehta.2757@example.com,24,Female,Chandigarh,Premium,2025-12-30,7,10853.28,11284.86,75191.92,4.3,9.6,25.1,22,7,32.4,73.8,0,0,13.5,0,0,4,0,560849.83
CUST-2758,Deepak Joshi,deepak.joshi.2758@example.com,23,Male,Chandigarh,Basic,2023-09-28,34,1349.67,1403.34,45417.02,2.7,6.0,19.5,2,10,1.2,46.2,1,0,23.2,0,0,3,0,86466.52
CUST-2759,Rohan Nair,rohan.nair.2759@example.com,39,Male,Chennai,Basic,2025-07-14,12,1627.29,1692.0,19326.73,8.4,18.7,21.8,5,9,37.9,26.0,2,2,22.5,0,0,3,0,73946.32
CUST-2760,Meera Bhatia,meera.bhatia.2760@example.com,31,Female,Bengaluru,Standard,2026-02-16,5,3899.53,4054.59,19297.2,2.9,6.5,38.0,22,3,-29.4,14.2,5,2,44.8,0,1,3,1,36779.31
CUST-2761,Deepak Mehta,deepak.mehta.2761@example.com,26,Male,Pune,Premium,2022-10-20,45,8395.77,8729.63,373925.57,1.7,3.8,34.0,4,4,-5.6,11.6,1,1,32.9,3,1,3,0,458632.04
CUST-2762,Aditya Rao,aditya.rao.2762@example.com,30,Female,Hyderabad,Basic,2026-03-21,4,1628.2,1692.95,6445.85,2.3,5.1,43.5,14,10,-18.6,85.5,2,0,1.0,0,0,4,0,90899.83
CUST-2763,Rajesh Gupta,rajesh.gupta.2763@example.com,23,Female,Hyderabad,Basic,2023-10-25,33,1740.92,1810.15,56859.74,4.2,9.4,24.4,0,1,8.9,37.8,1,1,19.0,0,0,4,0,95845.25
CUST-2764,Harsh Iyer,harsh.iyer.2764@example.com,55,Male,Kolkata,Basic,2024-12-10,19,1565.4,1627.65,29436.83,4.4,9.8,12.4,22,1,-9.8,32.4,3,1,26.5,0,0,4,0,49988.52
CUST-2765,Sneha Bose,sneha.bose.2765@example.com,59,Male,Jaipur,Standard,2024-12-18,19,4537.02,4717.43,85317.17,4.8,10.7,17.2,1,1,-8.4,36.9,1,0,34.1,1,0,3,0,189345.93
CUST-2766,Isha Deshmukh,isha.deshmukh.2766@example.com,52,Female,Ahmedabad,Standard,2024-10-19,21,4284.54,4454.91,89050.35,6.1,13.6,8.9,29,4,-21.7,26.9,3,1,9.6,0,0,3,1,121189.49
CUST-2767,Sanjay Agarwal,sanjay.agarwal.2767@example.com,31,Male,Ahmedabad,Basic,2025-09-28,10,1578.42,1641.19,15621.93,0.7,1.6,30.4,1,9,-14.9,39.4,3,0,1.0,0,0,5,0,81490.86
CUST-2768,Siddharth Iyer,siddharth.iyer.2768@example.com,33,Female,Pune,Premium,2024-07-23,24,9013.31,9371.72,214095.57,6.2,13.8,15.6,4,8,-2.3,42.8,3,2,34.7,0,0,2,0,482652.57
CUST-2769,Vikram Malhotra,vikram.malhotra.2769@example.com,57,Female,Chennai,Premium,2024-05-12,26,9304.14,9674.12,239420.71,2.3,5.1,2.0,2,4,-58.6,42.4,3,2,19.9,2,0,2,1,299048.56
CUST-2770,Rohan Bhatia,rohan.bhatia.2770@example.com,42,Male,Mumbai,Standard,2025-12-31,7,4088.69,4251.28,28326.59,5.0,11.1,49.1,4,8,-66.4,11.7,4,1,23.1,1,0,4,1,174550.45
CUST-2771,Nikhil Das,nikhil.das.2771@example.com,27,Male,Delhi NCR,Standard,2025-11-16,8,4503.54,4682.62,35657.93,7.8,17.4,15.7,2,7,-0.3,63.4,1,0,7.2,0,1,5,0,198303.57
CUST-2772,Aarav Malhotra,aarav.malhotra.2772@example.com,24,Female,Pune,Standard,2023-12-15,31,3761.49,3911.07,115407.42,2.5,5.6,15.7,25,6,-79.5,28.7,1,0,27.1,0,0,5,0,184726.73
CUST-2773,Tara Rao,tara.rao.2773@example.com,31,Male,Mumbai,Standard,2025-08-17,11,3728.76,3877.03,40594.69,2.4,5.3,40.4,2,10,-7.4,26.2,2,0,24.9,0,1,4,0,199265.42
CUST-2774,Siddharth Mishra,siddharth.mishra.2774@example.com,26,Male,Delhi NCR,Standard,2024-02-26,29,4522.89,4702.74,129815.38,2.0,4.5,8.7,7,2,-12.6,25.1,1,0,8.7,0,0,4,0,166478.2
CUST-2775,Sneha Mehta,sneha.mehta.2775@example.com,47,Male,Hyderabad,Basic,2025-05-23,14,1635.72,1700.76,22664.66,3.5,7.8,34.5,1,3,13.2,16.7,1,0,34.1,0,0,4,0,80650.16
CUST-2776,Aditi Reddy,aditi.reddy.2776@example.com,42,Male,Chennai,Standard,2025-06-21,13,4201.23,4368.29,54054.51,6.9,15.4,15.5,13,4,-20.8,48.4,2,0,16.8,0,1,4,0,226178.18
CUST-2777,Rohan Malhotra,rohan.malhotra.2777@example.com,47,Male,Pune,Standard,2026-06-29,1,3812.47,3964.07,3773.28,1.9,4.2,7.4,5,7,41.9,63.5,1,1,28.0,0,0,4,0,191028.83
CUST-2778,Swati Pandey,swati.pandey.2778@example.com,59,Male,Chandigarh,Basic,2026-02-15,5,1564.75,1626.97,7743.32,3.2,7.1,40.8,29,8,21.7,24.6,1,0,8.1,0,1,5,0,74044.93
CUST-2779,Meera Mishra,meera.mishra.2779@example.com,47,Female,Hyderabad,Basic,2025-09-16,10,1763.43,1833.55,17453.01,6.2,13.8,32.2,4,8,-44.3,0.0,2,1,15.2,0,0,3,0,77865.67
CUST-2780,Kavya Chopra,kavya.chopra.2780@example.com,29,Male,Mumbai,Basic,2025-06-26,13,1815.84,1888.05,23363.24,5.5,12.2,32.1,1,4,-10.0,17.3,0,0,34.4,0,0,4,0,85024.42
CUST-2781,Swati Mishra,swati.mishra.2781@example.com,26,Male,Pune,Enterprise,2025-05-09,14,28646.4,29785.52,396926.61,3.2,7.1,26.0,3,9,40.8,31.2,0,0,17.4,3,0,3,0,1200000.0
CUST-2782,Meera Chopra,meera.chopra.2782@example.com,36,Other,Pune,Basic,2025-01-19,18,1380.53,1435.43,24594.07,3.8,8.5,28.6,10,8,-21.5,12.4,1,1,26.7,1,0,3,0,65600.17
CUST-2783,Kavya Chauhan,kavya.chauhan.2783@example.com,37,Female,Kolkata,Premium,2025-04-28,15,10210.66,10616.69,151585.34,6.1,13.6,8.4,8,5,-3.5,27.6,2,0,9.9,0,1,4,0,497109.07
CUST-2784,Karan Kapoor,karan.kapoor.2784@example.com,22,Female,Bengaluru,Standard,2024-05-03,27,3936.4,4092.93,105190.16,7.5,16.7,23.2,11,3,37.3,28.8,2,1,27.3,0,0,3,0,195721.2
CUST-2785,Divya Malhotra,divya.malhotra.2785@example.com,37,Male,Hyderabad,Premium,2026-02-26,5,9092.03,9453.57,44992.8,7.8,17.4,11.8,0,2,-17.1,41.6,4,0,16.2,0,1,5,0,358673.69
CUST-2786,Priya Deshmukh,priya.deshmukh.2786@example.com,58,Female,Pune,Standard,2025-04-11,15,3873.25,4027.27,57501.47,7.1,15.8,6.7,6,9,29.4,7.1,1,0,15.8,0,1,5,0,221224.72
CUST-2787,Tanvi Singh,tanvi.singh.2787@example.com,24,Male,Ahmedabad,Enterprise,2026-06-19,1,29286.69,30451.27,28985.61,2.8,6.2,26.5,20,1,-27.5,55.9,4,1,43.8,0,1,4,0,1178324.55
CUST-2788,Vikram Singh,vikram.singh.2788@example.com,52,Male,Ahmedabad,Basic,2025-09-21,10,1689.39,1756.57,16720.22,8.0,17.8,34.7,0,7,-82.9,81.9,1,0,17.6,3,0,3,0,47780.9
CUST-2789,Isha Verma,isha.verma.2789@example.com,34,Male,Bengaluru,Standard,2026-03-01,5,4455.45,4632.62,22048.23,2.6,5.8,17.8,0,7,32.4,76.3,2,0,2.4,0,0,4,0,228185.96
CUST-2790,Varun Gupta,varun.gupta.2790@example.com,37,Male,Pune,Basic,2025-12-09,7,1699.55,1767.13,11774.54,0.7,1.6,19.7,9,1,10.3,28.0,2,0,22.0,3,1,3,0,63927.16
CUST-2791,Kavya Kapoor,kavya.kapoor.2791@example.com,42,Female,Chandigarh,Standard,2025-12-15,7,3930.5,4086.8,27230.65,4.4,9.8,9.5,2,7,12.1,58.0,4,2,27.6,0,0,3,0,171542.96
CUST-2792,Rajesh Kumar,rajesh.kumar.2792@example.com,23,Male,Bengaluru,Standard,2026-06-18,1,4221.45,4389.32,4178.05,7.3,16.3,22.1,8,1,-32.6,55.2,0,0,3.8,0,0,5,0,155183.02
CUST-2793,Deepak Singh,deepak.singh.2793@example.com,48,Female,Bengaluru,Standard,2025-10-19,9,4485.43,4663.79,39953.86,5.6,12.5,30.4,5,2,-30.4,41.0,0,0,7.4,0,0,4,0,170113.59
CUST-2794,Divya Mishra,divya.mishra.2794@example.com,59,Female,Mumbai,Standard,2022-07-10,48,4490.11,4668.66,213309.57,4.0,8.9,30.7,32,9,30.2,46.2,4,0,29.1,0,0,5,0,278738.53
CUST-2795,Rhea Kapoor,rhea.kapoor.2795@example.com,47,Female,Mumbai,Basic,2026-02-18,5,1764.55,1834.72,8732.05,4.8,10.7,28.0,16,8,4.8,58.4,3,0,3.7,1,0,3,0,70858.78
CUST-2796,Rahul Mehta,rahul.mehta.2796@example.com,59,Male,Jaipur,Standard,2024-12-31,19,4000.95,4160.05,75236.55,5.3,11.8,15.2,8,9,-5.3,63.2,5,1,12.3,0,1,4,0,236782.75
CUST-2797,Pooja Malhotra,pooja.malhotra.2797@example.com,46,Female,Hyderabad,Standard,2025-07-15,12,4677.3,4863.29,55550.58,4.5,10.0,14.8,2,9,4.2,22.5,2,1,24.8,0,0,3,1,222698.54
CUST-2798,Rahul Saxena,rahul.saxena.2798@example.com,32,Male,Delhi NCR,Basic,2026-01-24,6,1580.04,1642.87,9382.78,3.6,8.0,30.7,2,4,40.2,59.9,3,2,28.1,0,1,4,0,73644.95
CUST-2799,Aarav Rao,aarav.rao.2799@example.com,29,Male,Bengaluru,Enterprise,2026-05-12,2,28362.88,29490.73,56142.59,2.6,5.8,30.9,16,5,18.3,82.0,2,0,4.2,0,0,5,0,1200000.0
CUST-2800,Deepak Chopra,deepak.chopra.2800@example.com,29,Other,Mumbai,Enterprise,2026-03-17,4,26486.49,27539.72,104856.78,4.4,9.8,20.1,6,10,-15.3,63.2,2,2,43.0,0,0,3,0,1200000.0
CUST-2801,Varun Iyer,varun.iyer.2801@example.com,54,Male,Chennai,Premium,2024-09-18,22,11086.89,11527.76,241404.04,3.9,8.7,17.3,11,7,-41.3,78.9,1,0,10.9,0,1,4,0,564523.28
CUST-2802,Nikhil Nair,nikhil.nair.2802@example.com,28,Male,Jaipur,Premium,2026-02-11,5,8663.84,9008.36,42873.86,4.2,9.4,34.8,4,6,14.5,0.0,2,1,8.5,1,1,5,0,366585.85
CUST-2803,Divya Kapoor,divya.kapoor.2803@example.com,59,Female,Pune,Basic,2026-04-12,3,1703.24,1770.97,5057.19,6.4,14.2,18.0,0,9,-27.9,56.3,0,0,19.6,2,0,4,0,90684.7
CUST-2804,Harsh Sharma,harsh.sharma.2804@example.com,42,Male,Hyderabad,Enterprise,2026-01-18,6,27543.58,28638.85,163562.51,3.7,8.2,30.2,3,2,-35.1,48.3,1,0,25.8,0,0,5,0,1200000.0
CUST-2805,Nikhil Bhatia,nikhil.bhatia.2805@example.com,29,Female,Pune,Standard,2025-06-30,13,3840.86,3993.59,49417.86,3.8,8.5,20.5,1,8,34.8,66.7,2,0,21.6,0,1,5,0,216021.59
CUST-2806,Priya Mehta,priya.mehta.2806@example.com,42,Male,Jaipur,Basic,2025-01-15,18,1383.73,1438.75,24651.08,4.6,10.2,10.5,11,2,22.4,15.0,0,0,23.9,0,0,4,0,67294.94
CUST-2807,Harsh Kapoor,harsh.kapoor.2807@example.com,41,Male,Kolkata,Premium,2025-12-30,7,10616.13,11038.28,73548.94,9.7,21.6,39.7,9,2,8.8,29.9,3,2,39.7,0,0,3,0,406712.77
CUST-2808,Tara Gupta,tara.gupta.2808@example.com,29,Male,Ahmedabad,Basic,2025-09-19,10,1431.71,1488.64,14169.91,1.9,4.2,23.3,0,3,-36.7,63.6,0,0,12.8,1,0,4,0,51790.78
CUST-2809,Rhea Pandey,rhea.pandey.2809@example.com,52,Male,Hyderabad,Standard,2025-10-08,9,3860.14,4013.64,34384.1,6.5,14.5,14.2,7,4,48.1,16.6,2,2,26.4,0,1,3,0,164891.92
CUST-2810,Aditi Verma,aditi.verma.2810@example.com,50,Male,Ahmedabad,Basic,2026-06-15,1,1862.44,1936.5,1843.29,3.6,8.0,6.7,15,6,26.8,47.8,4,2,23.9,0,0,3,0,61473.26
CUST-2811,Aarav Chauhan,aarav.chauhan.2811@example.com,30,Female,Chennai,Standard,2025-12-01,8,4603.01,4786.05,36445.51,4.1,9.1,7.8,8,6,-10.5,41.6,1,0,15.9,1,0,4,0,234274.22
CUST-2812,Siddharth Rao,siddharth.rao.2812@example.com,36,Male,Pune,Standard,2025-06-26,13,3949.69,4106.75,50818.11,1.4,3.1,17.9,5,2,-16.4,37.3,0,0,1.0,0,1,4,0,165904.39
CUST-2813,Vikram Reddy,vikram.reddy.2813@example.com,51,Female,Kolkata,Standard,2025-07-11,12,4426.22,4602.23,52568.59,8.1,18.0,43.2,2,6,0.2,55.7,0,0,2.1,0,1,5,0,179017.26
CUST-2814,Tanvi Nair,tanvi.nair.2814@example.com,47,Male,Chennai,Basic,2024-11-27,20,1629.32,1694.11,32251.4,4.7,10.5,15.6,16,8,-15.4,15.2,0,0,31.9,0,0,4,0,94901.96
CUST-2815,Karan Sharma,karan.sharma.2815@example.com,31,Male,Delhi NCR,Standard,2025-04-01,16,4781.07,4971.19,75710.69,5.6,12.5,37.9,4,5,59.9,23.3,1,0,26.8,1,0,4,0,251682.87
CUST-2816,Pooja Rao,pooja.rao.2816@example.com,50,Female,Pune,Standard,2026-02-14,5,4619.89,4803.6,22861.98,1.1,2.4,20.6,14,1,-12.8,38.7,3,2,33.9,0,0,3,1,62314.0
CUST-2817,Rajesh Deshmukh,rajesh.deshmukh.2817@example.com,37,Female,Jaipur,Basic,2026-02-10,5,1785.46,1856.46,8835.52,2.9,6.5,9.0,11,8,-31.9,13.2,1,1,42.3,3,0,2,0,23552.14
CUST-2818,Aditi Reddy,aditi.reddy.2818@example.com,57,Male,Kolkata,Enterprise,2025-10-23,9,24349.71,25317.97,216894.44,5.1,11.4,16.8,12,6,42.5,71.5,0,0,20.6,0,0,5,0,1200000.0
CUST-2819,Rohan Kapoor,rohan.kapoor.2819@example.com,41,Female,Hyderabad,Standard,2024-12-29,19,4495.18,4673.93,84530.38,3.9,8.7,7.9,34,2,-17.9,22.8,4,1,24.3,0,1,5,0,177344.68
CUST-2820,Deepak Verma,deepak.verma.2820@example.com,58,Female,Kolkata,Premium,2026-05-25,2,8225.84,8552.94,16282.55,5.1,11.4,12.6,10,7,20.0,60.9,3,2,15.8,0,1,4,0,361881.88
CUST-2821,Deepak Gupta,deepak.gupta.2821@example.com,43,Male,Pune,Basic,2023-01-13,42,1385.27,1440.36,57583.21,8.6,19.1,12.3,0,8,16.9,21.0,1,0,12.7,0,1,5,0,94364.53
CUST-2822,Neha Gupta,neha.gupta.2822@example.com,28,Female,Mumbai,Basic,2025-08-22,11,1723.45,1791.98,18763.05,5.3,11.8,2.0,1,2,-3.6,58.9,1,0,27.8,1,0,4,0,70056.26
CUST-2823,Tanvi Bose,tanvi.bose.2823@example.com,44,Male,Chennai,Basic,2026-01-20,6,1361.91,1416.07,8087.45,3.3,7.3,38.6,0,1,-29.2,3.4,3,2,38.7,0,0,3,1,20121.72
CUST-2824,Vikram Nair,vikram.nair.2824@example.com,50,Female,Kolkata,Standard,2025-02-20,17,4410.57,4585.96,74208.86,2.8,6.2,24.3,1,6,-3.3,75.8,0,0,39.5,2,0,3,0,227707.12
CUST-2825,Vikram Nair,vikram.nair.2825@example.com,37,Female,Ahmedabad,Basic,2026-06-15,1,1790.02,1861.2,1771.62,2.6,5.8,14.5,0,6,-34.8,69.2,2,1,24.3,0,1,5,0,66760.96
CUST-2826,Ananya Saxena,ananya.saxena.2826@example.com,59,Female,Chennai,Standard,2025-09-28,10,4130.89,4295.15,40884.22,3.3,7.3,24.4,5,8,-2.7,28.7,4,1,1.0,0,1,4,0,198581.25
CUST-2827,Swati Saxena,swati.saxena.2827@example.com,49,Male,Ahmedabad,Standard,2025-09-23,10,3661.86,3807.47,36242.14,3.4,7.6,12.8,0,7,19.6,22.2,6,2,36.6,0,1,3,0,162426.99
CUST-2828,Simran Chopra,simran.chopra.2828@example.com,59,Male,Kolkata,Basic,2026-04-25,3,1723.62,1792.16,5117.7,4.4,9.8,2.0,4,8,46.1,53.0,1,0,1.0,0,0,4,0,78245.77
CUST-2829,Amit Patel,amit.patel.2829@example.com,52,Female,Mumbai,Standard,2024-05-15,26,4900.34,5095.2,126099.01,5.3,11.8,54.5,17,10,-32.5,5.4,2,0,10.3,2,0,3,0,271842.1
CUST-2830,Aditi Kapoor,aditi.kapoor.2830@example.com,35,Male,Chennai,Enterprise,2024-08-09,23,28774.1,29918.3,655000.62,5.1,11.4,24.1,10,10,-9.0,42.8,3,1,34.7,0,1,4,0,1200000.0
CUST-2831,Varun Kapoor,varun.kapoor.2831@example.com,54,Male,Jaipur,Basic,2026-04-20,3,1652.58,1718.29,4906.77,4.5,10.0,15.5,21,5,-16.7,22.6,2,0,36.2,0,0,5,1,67037.36
CUST-2832,Neha Joshi,neha.joshi.2832@example.com,30,Female,Chennai,Premium,2025-12-31,7,8823.61,9174.48,61130.29,4.6,10.2,2.0,1,2,5.7,35.9,2,1,11.6,0,0,4,0,322982.58
CUST-2833,Rohan Malhotra,rohan.malhotra.2833@example.com,48,Male,Hyderabad,Premium,2026-05-15,2,8147.53,8471.52,16127.54,9.5,21.1,5.6,5,5,-44.6,26.5,1,0,20.8,0,0,3,0,288725.67
CUST-2834,Tanvi Rao,tanvi.rao.2834@example.com,45,Male,Kolkata,Standard,2024-04-20,27,4571.4,4753.18,122158.9,2.7,6.0,40.2,2,2,-28.0,22.8,3,2,50.9,0,1,2,1,187806.36
CUST-2835,Shreya Bose,shreya.bose.2835@example.com,34,Male,Delhi NCR,Premium,2026-01-27,6,8826.75,9177.74,52416.04,4.1,9.1,38.5,5,9,-49.4,82.9,1,0,17.2,0,0,4,0,418618.74
CUST-2836,Isha Deshmukh,isha.deshmukh.2836@example.com,47,Male,Pune,Enterprise,2025-10-23,9,30007.72,31200.97,267293.03,0.5,1.1,30.3,6,5,-42.3,60.7,0,0,8.6,0,0,4,0,1200000.0
CUST-2837,Neha Sharma,neha.sharma.2837@example.com,50,Female,Bengaluru,Standard,2026-01-08,6,4251.85,4420.92,25248.83,3.4,7.6,9.7,0,1,-20.5,6.5,1,0,38.2,0,0,5,0,137768.27
CUST-2838,Meera Kapoor,meera.kapoor.2838@example.com,49,Female,Chandigarh,Standard,2026-01-15,6,4341.8,4514.45,25782.98,2.3,5.1,38.6,1,9,44.8,21.0,2,2,43.9,0,0,2,1,233050.39
CUST-2839,Manish Patel,manish.patel.2839@example.com,49,Male,Delhi NCR,Standard,2024-11-12,20,4654.35,4839.43,92130.02,2.7,6.0,26.9,9,10,7.7,62.6,3,0,16.8,0,0,4,0,253741.44
CUST-2840,Pooja Rao,pooja.rao.2840@example.com,29,Female,Ahmedabad,Standard,2024-11-16,20,4690.03,4876.53,92836.28,1.7,3.8,29.2,11,5,-0.2,65.2,4,2,13.7,0,1,3,0,217550.29
CUST-2841,Simran Mehta,simran.mehta.2841@example.com,44,Female,Jaipur,Basic,2025-08-16,11,1686.27,1753.32,18358.28,1.4,3.1,26.9,6,1,35.7,8.8,2,0,11.7,0,0,4,0,73674.48
CUST-2842,Meera Mehta,meera.mehta.2842@example.com,50,Female,Jaipur,Enterprise,2025-04-02,16,30710.05,31931.23,486309.36,4.5,10.0,5.4,2,9,8.7,58.8,1,1,15.2,0,1,4,0,1200000.0
CUST-2843,Aditya Agarwal,aditya.agarwal.2843@example.com,26,Male,Chandigarh,Premium,2025-08-12,11,11193.0,11638.09,121857.23,5.7,12.7,8.8,3,9,11.4,48.4,4,1,3.4,0,0,3,0,584552.23
CUST-2844,Kavya Kapoor,kavya.kapoor.2844@example.com,28,Female,Mumbai,Basic,2026-06-11,1,1845.88,1919.28,1826.9,2.6,5.8,16.4,0,10,-15.2,0.0,2,2,48.2,0,0,3,0,88548.31
CUST-2845,Deepak Bhatia,deepak.bhatia.2845@example.com,57,Male,Hyderabad,Basic,2026-06-18,1,1781.51,1852.35,1763.2,0.2,0.5,29.1,22,10,-19.8,32.3,3,0,22.9,2,0,3,0,53239.2
CUST-2846,Swati Kumar,swati.kumar.2846@example.com,48,Female,Pune,Enterprise,2025-12-16,7,28673.07,29813.25,198648.07,4.4,9.8,6.8,15,9,-38.7,38.7,2,1,15.5,0,0,3,0,1200000.0
CUST-2847,Swati Saxena,swati.saxena.2847@example.com,23,Female,Delhi NCR,Basic,2024-11-21,20,1697.11,1764.6,33593.26,5.2,11.6,20.1,0,6,-18.8,43.2,1,1,17.0,0,0,3,0,77503.23
CUST-2848,Manish Patel,manish.patel.2848@example.com,46,Male,Bengaluru,Standard,2023-08-12,35,3744.31,3893.2,129703.58,5.6,12.5,20.1,1,10,-9.9,10.3,5,2,26.5,1,0,2,0,219245.18
CUST-2849,Rhea Chauhan,rhea.chauhan.2849@example.com,30,Female,Chennai,Basic,2026-06-28,1,1491.53,1550.84,1476.2,2.1,4.7,30.7,6,10,7.7,23.7,1,0,4.0,0,1,3,0,75482.22
CUST-2850,Nikhil Das,nikhil.das.2850@example.com,48,Male,Chandigarh,Basic,2025-12-29,7,1352.08,1405.85,9367.26,2.9,6.5,29.4,1,2,-3.0,27.0,1,0,50.2,0,0,4,0,55224.4
CUST-2851,Manish Sharma,manish.sharma.2851@example.com,22,Female,Mumbai,Basic,2026-03-13,4,1421.19,1477.7,5626.32,1.9,4.2,10.9,20,7,-12.2,29.1,2,0,7.4,1,0,4,0,61313.87
CUST-2852,Kavya Das,kavya.das.2852@example.com,44,Male,Jaipur,Standard,2024-07-10,24,4213.87,4381.43,100093.18,2.6,5.8,37.9,10,2,-27.5,29.5,1,0,12.1,0,0,3,0,192849.58
CUST-2853,Amit Verma,amit.verma.2853@example.com,31,Female,Bengaluru,Basic,2024-04-25,27,1425.98,1482.68,38105.65,2.5,5.6,9.2,2,4,9.2,38.8,1,1,15.7,0,0,4,0,72639.15
CUST-2854,Sneha Deshmukh,sneha.deshmukh.2854@example.com,46,Male,Jaipur,Standard,2026-03-18,4,4861.11,5054.41,19244.54,3.1,6.9,34.0,0,4,-15.9,49.4,4,0,1.0,0,0,5,0,197262.54
CUST-2855,Aditi Mehta,aditi.mehta.2855@example.com,24,Male,Kolkata,Standard,2025-01-20,18,4726.8,4914.76,84207.71,3.7,8.2,15.9,12,10,7.9,84.6,0,0,1.2,0,1,4,0,279690.6
CUST-2856,Arjun Pandey,arjun.pandey.2856@example.com,27,Male,Chandigarh,Standard,2024-12-15,19,3699.33,3846.43,69564.68,4.4,9.8,23.8,4,7,-55.6,62.9,4,2,44.7,0,0,2,0,162841.01
CUST-2857,Sanjay Bhatia,sanjay.bhatia.2857@example.com,27,Male,Mumbai,Premium,2026-04-11,3,8883.09,9236.32,26375.3,2.4,5.3,24.5,7,6,7.4,73.6,1,0,12.1,0,0,5,0,382601.92
CUST-2858,Rahul Nair,rahul.nair.2858@example.com,23,Male,Chennai,Standard,2025-11-29,8,4745.51,4934.21,37573.79,3.9,8.7,24.2,2,10,18.9,30.5,1,0,21.0,0,0,4,0,259115.43
CUST-2859,Amit Sharma,amit.sharma.2859@example.com,39,Female,Ahmedabad,Standard,2025-05-19,14,4723.08,4910.89,65443.34,2.3,5.1,29.4,1,7,15.3,17.9,0,0,21.5,0,0,3,0,249520.87
CUST-2860,Isha Kapoor,isha.kapoor.2860@example.com,44,Male,Mumbai,Standard,2026-06-15,1,4922.4,5118.14,4871.8,0.5,1.1,26.3,8,6,-7.5,61.2,1,0,21.5,1,0,3,0,207935.51
CUST-2861,Isha Chauhan,isha.chauhan.2861@example.com,23,Male,Pune,Standard,2025-11-20,8,4995.32,5193.96,39551.72,5.3,11.8,30.6,4,1,23.6,41.6,0,0,7.7,0,0,4,0,204182.06
CUST-2862,Karan Bhatia,karan.bhatia.2862@example.com,33,Male,Chennai,Enterprise,2026-04-20,3,31041.12,32275.46,92166.0,2.8,6.2,27.1,2,4,-37.6,59.5,2,0,36.3,2,1,3,1,1200000.0
CUST-2863,Kavya Chopra,kavya.chopra.2863@example.com,43,Female,Delhi NCR,Standard,2025-09-01,11,4173.15,4339.09,45432.73,0.6,1.3,8.1,1,3,-4.5,20.8,3,1,35.1,0,0,3,0,169373.45
CUST-2864,Priya Sharma,priya.sharma.2864@example.com,58,Female,Mumbai,Basic,2024-05-30,26,1480.43,1539.3,38095.47,5.4,12.0,25.0,6,7,-7.4,57.6,3,1,29.7,0,0,2,0,79982.26
CUST-2865,Shreya Iyer,shreya.iyer.2865@example.com,41,Female,Chennai,Premium,2025-08-25,11,10487.83,10904.88,114180.11,3.7,8.2,15.8,9,7,27.0,37.8,1,0,19.0,0,1,5,0,523358.04
CUST-2866,Shreya Malhotra,shreya.malhotra.2866@example.com,45,Female,Delhi NCR,Basic,2026-06-14,1,1506.11,1566.0,1490.63,5.2,11.6,9.8,2,4,-58.6,30.9,2,2,15.5,0,0,3,1,23757.83
CUST-2867,Harsh Nair,harsh.nair.2867@example.com,41,Male,Mumbai,Basic,2026-06-12,1,1772.18,1842.65,1753.96,5.1,11.4,18.8,9,7,-31.6,33.2,4,1,34.0,1,0,3,0,55363.71
CUST-2868,Arjun Chauhan,arjun.chauhan.2868@example.com,22,Male,Bengaluru,Standard,2025-05-13,14,4346.45,4519.29,60224.73,1.9,4.2,24.0,1,4,46.9,53.8,2,1,22.4,0,0,4,0,221923.41
CUST-2869,Aditi Bose,aditi.bose.2869@example.com,22,Male,Ahmedabad,Premium,2026-01-27,6,10599.69,11021.18,62944.32,6.2,13.8,24.7,3,9,-70.1,60.6,4,2,22.3,2,0,2,0,270543.54
CUST-2870,Deepak Malhotra,deepak.malhotra.2870@example.com,38,Female,Bengaluru,Standard,2025-07-23,12,3985.24,4143.71,47331.24,0.4,0.9,33.6,10,3,20.8,33.2,2,0,3.7,1,0,4,0,182867.37
CUST-2871,Vikram Patel,vikram.patel.2871@example.com,22,Other,Pune,Premium,2026-04-08,3,9699.21,10084.9,28798.49,3.4,7.6,36.4,8,10,-21.6,50.3,2,2,43.8,0,0,2,0,466294.59
CUST-2872,Karan Bhatia,karan.bhatia.2872@example.com,51,Male,Chennai,Standard,2024-10-09,21,4388.54,4563.05,91211.9,3.2,7.1,25.7,2,2,5.1,50.2,3,2,15.2,1,0,3,0,175401.21
CUST-2873,Ananya Joshi,ananya.joshi.2873@example.com,24,Male,Delhi NCR,Basic,2024-03-10,28,1843.9,1917.22,51098.43,2.6,5.8,27.7,0,5,37.6,59.7,1,0,11.2,0,1,5,0,83922.43
CUST-2874,Rhea Malhotra,rhea.malhotra.2874@example.com,32,Male,Kolkata,Enterprise,2023-12-17,31,24831.74,25819.17,761870.17,6.8,15.1,23.0,0,9,6.2,65.7,1,0,17.9,0,0,4,0,1200000.0
CUST-2875,Swati Kumar,swati.kumar.2875@example.com,45,Male,Mumbai,Standard,2026-01-15,6,4910.14,5105.39,29157.97,4.8,10.7,30.4,13,3,38.2,85.5,3,2,30.2,0,1,3,0,216502.09
CUST-2876,Varun Singh,varun.singh.2876@example.com,43,Female,Kolkata,Premium,2025-04-01,16,10634.12,11056.98,168396.73,1.2,2.7,27.4,0,1,-15.8,30.8,2,1,29.0,1,0,2,0,356365.46
CUST-2877,Pooja Saxena,pooja.saxena.2877@example.com,47,Male,Mumbai,Premium,2026-02-07,5,10401.16,10814.76,51471.15,1.5,3.3,21.4,0,9,-12.1,77.0,1,1,38.1,0,0,4,0,527457.05
CUST-2878,Priya Mehta,priya.mehta.2878@example.com,34,Female,Pune,Enterprise,2024-11-01,21,29383.94,30552.39,610719.02,8.7,19.4,45.7,2,5,20.0,44.8,0,0,23.4,0,0,4,0,1200000.0
CUST-2879,Amit Joshi,amit.joshi.2879@example.com,22,Male,Kolkata,Basic,2026-05-30,2,1666.74,1733.02,3299.21,3.2,7.1,16.0,4,2,-14.3,15.7,2,0,16.8,0,1,4,0,55660.22
CUST-2880,Ananya Deshmukh,ananya.deshmukh.2880@example.com,45,Female,Delhi NCR,Basic,2024-10-24,21,1477.16,1535.9,30701.45,2.5,5.6,38.0,11,6,14.7,26.4,1,0,10.6,1,1,4,0,73382.43
CUST-2881,Aditi Verma,aditi.verma.2881@example.com,31,Female,Hyderabad,Premium,2025-10-31,9,8695.94,9041.73,77458.87,6.6,14.7,7.1,2,3,31.1,53.2,4,0,1.0,1,0,4,0,370799.95
CUST-2882,Manish Pandey,manish.pandey.2882@example.com,56,Female,Bengaluru,Standard,2024-03-31,28,4811.67,5003.01,133341.7,0.5,1.1,30.9,5,9,22.3,59.4,4,1,23.2,0,1,3,0,304215.03
CUST-2883,Vikram Mishra,vikram.mishra.2883@example.com,45,Female,Delhi NCR,Standard,2024-12-27,19,4614.04,4797.52,86765.5,7.1,15.8,37.8,0,3,-46.2,17.6,1,1,19.5,0,1,4,0,215545.51
CUST-2884,Sanjay Bhatia,sanjay.bhatia.2884@example.com,49,Female,Jaipur,Basic,2025-12-20,7,1460.96,1519.05,10121.58,2.5,5.6,2.0,4,2,-11.6,23.7,2,1,30.3,0,1,4,0,55299.05
CUST-2885,Ananya Iyer,ananya.iyer.2885@example.com,57,Female,Chandigarh,Basic,2023-10-19,33,1671.81,1738.29,54602.56,5.3,11.8,23.5,1,3,5.9,29.2,1,0,14.4,0,1,4,0,89344.29
CUST-2886,Shreya Chauhan,shreya.chauhan.2886@example.com,37,Female,Pune,Standard,2026-02-20,5,4225.51,4393.54,20910.35,3.2,7.1,29.9,1,6,-8.8,21.3,3,1,36.5,1,0,3,0,172761.85
CUST-2887,Neha Reddy,neha.reddy.2887@example.com,37,Female,Ahmedabad,Basic,2022-07-25,48,1432.34,1489.3,68045.51,0.9,2.0,24.8,3,3,0.2,0.0,4,0,10.7,2,0,4,0,81274.07
CUST-2888,Deepak Das,deepak.das.2888@example.com,38,Other,Mumbai,Basic,2024-10-30,21,1628.14,1692.88,33839.44,4.6,10.2,26.2,10,9,6.3,0.0,1,1,17.3,0,1,2,0,75893.69
CUST-2889,Varun Pandey,varun.pandey.2889@example.com,36,Female,Delhi NCR,Basic,2022-07-15,48,1496.8,1556.32,71107.78,6.2,13.8,23.5,10,9,-16.7,32.8,1,0,21.1,0,0,4,0,106743.92
CUST-2890,Pooja Deshmukh,pooja.deshmukh.2890@example.com,37,Female,Kolkata,Basic,2026-06-24,1,1399.59,1455.24,1385.2,0.2,0.5,10.0,4,9,-7.4,48.0,1,1,25.3,0,1,4,0,72050.42
CUST-2891,Isha Patel,isha.patel.2891@example.com,36,Female,Chandigarh,Premium,2026-02-06,5,9569.86,9950.4,47357.38,1.8,4.0,48.0,0,2,-35.1,57.7,1,0,20.6,1,0,4,1,369074.47
CUST-2892,Varun Agarwal,varun.agarwal.2892@example.com,55,Male,Hyderabad,Premium,2024-12-23,19,9957.74,10353.71,187252.02,6.8,15.1,16.5,2,7,-15.4,9.3,4,1,22.4,0,0,4,0,548327.21
CUST-2893,Aditya Malhotra,aditya.malhotra.2893@example.com,32,Male,Jaipur,Basic,2023-07-14,36,1373.71,1428.34,48945.15,5.0,11.1,26.8,5,2,-44.7,9.7,3,3,40.3,0,0,2,0,38116.96
CUST-2894,Sanjay Deshmukh,sanjay.deshmukh.2894@example.com,22,Male,Kolkata,Basic,2026-06-10,1,1560.06,1622.1,1544.02,5.2,11.6,14.9,15,1,1.3,29.3,1,0,12.4,0,0,4,1,44251.41
CUST-2895,Rajesh Bhatia,rajesh.bhatia.2895@example.com,36,Male,Bengaluru,Standard,2026-06-08,1,3959.74,4117.2,3919.03,6.2,13.8,2.0,25,5,-7.4,42.1,2,0,17.6,0,1,4,0,162430.47
CUST-2896,Ananya Bhatia,ananya.bhatia.2896@example.com,47,Female,Hyderabad,Basic,2026-02-07,5,1365.18,1419.47,6755.73,5.2,11.6,11.8,7,8,-27.6,66.2,2,1,38.8,0,0,4,0,57976.32
CUST-2897,Aditya Agarwal,aditya.agarwal.2897@example.com,25,Male,Chandigarh,Premium,2024-04-11,27,8494.89,8832.69,227004.07,4.5,10.0,6.1,3,3,48.0,59.2,3,1,17.9,0,0,3,0,481531.73
CUST-2898,Sneha Saxena,sneha.saxena.2898@example.com,26,Female,Chennai,Premium,2024-10-21,21,8537.01,8876.48,177434.15,6.5,14.5,34.0,8,7,-8.9,33.2,2,1,16.7,0,0,4,0,461084.26
CUST-2899,Aditi Malhotra,aditi.malhotra.2899@example.com,56,Female,Chennai,Premium,2026-01-24,6,8675.09,9020.05,51515.43,3.4,7.6,15.3,3,6,6.0,50.6,0,0,19.8,1,1,5,0,341738.64
CUST-2900,Neha Chauhan,neha.chauhan.2900@example.com,34,Male,Chandigarh,Standard,2026-06-12,1,4723.55,4911.38,4674.99,4.2,9.4,16.3,7,1,-19.9,21.8,3,0,13.8,0,0,3,0,112411.82
CUST-2901,Arjun Sharma,arjun.sharma.2901@example.com,31,Female,Chennai,Standard,2025-07-13,12,4214.23,4381.81,50050.87,5.9,13.1,10.3,2,7,-13.6,43.8,1,1,41.0,0,0,4,0,231213.95
CUST-2902,Sanjay Kapoor,sanjay.kapoor.2902@example.com,32,Female,Pune,Standard,2026-03-13,4,3804.97,3956.27,15063.41,2.6,5.8,23.0,2,3,7.1,40.5,2,1,32.4,1,0,3,0,148723.6
CUST-2903,Varun Joshi,varun.joshi.2903@example.com,39,Male,Delhi NCR,Basic,2024-11-15,20,1401.72,1457.46,27746.19,7.2,16.0,14.1,0,4,-11.3,75.7,3,0,26.3,0,0,4,0,77083.37
CUST-2904,Rahul Chopra,rahul.chopra.2904@example.com,55,Female,Mumbai,Basic,2025-10-11,9,1505.41,1565.27,13409.4,4.8,10.7,32.9,4,10,-1.9,53.8,0,0,27.3,0,0,4,0,80185.58
CUST-2905,Pooja Kumar,pooja.kumar.2905@example.com,44,Female,Delhi NCR,Basic,2025-03-29,16,1767.78,1838.08,27993.7,1.8,4.0,25.3,7,2,20.6,23.5,4,1,16.1,1,1,3,0,77172.09
CUST-2906,Arjun Iyer,arjun.iyer.2906@example.com,28,Male,Jaipur,Standard,2024-04-10,27,4109.22,4272.62,109808.33,3.8,8.5,15.7,11,1,-16.5,23.7,2,2,33.4,0,0,3,0,139678.3
CUST-2907,Manish Joshi,manish.joshi.2907@example.com,24,Male,Delhi NCR,Basic,2025-08-25,11,1432.99,1489.97,15600.84,1.3,2.9,31.4,12,5,-39.3,34.0,2,0,24.1,3,0,3,1,34866.5
CUST-2908,Shreya Kapoor,shreya.kapoor.2908@example.com,33,Other,Delhi NCR,Basic,2026-01-14,6,1561.12,1623.2,9270.43,4.4,9.8,22.1,36,6,-44.7,4.5,2,1,24.1,0,1,4,1,18418.33
CUST-2909,Varun Nair,varun.nair.2909@example.com,28,Male,Bengaluru,Standard,2024-10-22,21,4376.34,4550.36,90958.33,3.4,7.6,22.2,0,2,38.3,36.5,1,0,5.2,0,0,4,0,162266.66
CUST-2910,Tara Sharma,tara.sharma.2910@example.com,47,Male,Mumbai,Enterprise,2026-02-09,5,22757.95,23662.92,112619.93,2.4,5.3,5.9,5,10,24.1,38.6,2,0,27.1,1,0,4,0,1200000.0
CUST-2911,Simran Iyer,simran.iyer.2911@example.com,54,Male,Delhi NCR,Basic,2023-11-24,32,1678.39,1745.13,53156.33,0.5,1.1,21.2,5,6,16.4,53.2,1,0,13.9,0,0,4,0,82881.08
CUST-2912,Shreya Das,shreya.das.2912@example.com,58,Female,Mumbai,Standard,2026-05-19,2,4152.1,4317.21,8218.83,2.5,5.6,25.5,12,6,-14.2,56.7,1,1,27.6,0,0,4,0,185010.3
CUST-2913,Kavya Iyer,kavya.iyer.2913@example.com,36,Female,Ahmedabad,Basic,2024-05-28,26,1354.2,1408.05,34847.23,3.8,8.5,36.7,2,8,-39.3,44.4,1,0,23.0,0,0,4,0,75119.62
CUST-2914,Swati Mishra,swati.mishra.2914@example.com,23,Female,Chennai,Enterprise,2026-05-15,2,28395.4,29524.54,56206.96,3.4,7.6,13.7,0,8,-9.9,2.9,3,2,50.2,0,0,4,0,1200000.0
CUST-2915,Aditi Pandey,aditi.pandey.2915@example.com,28,Male,Kolkata,Basic,2026-06-16,1,1722.85,1791.36,1705.14,1.2,2.7,47.1,2,6,-4.6,12.7,3,0,18.5,0,1,4,0,70092.45
CUST-2916,Tara Sharma,tara.sharma.2916@example.com,53,Female,Bengaluru,Premium,2025-12-10,7,10079.73,10480.55,69832.74,4.2,9.4,28.1,30,7,-33.7,27.5,2,1,1.0,0,0,3,1,290975.49
CUST-2917,Isha Agarwal,isha.agarwal.2917@example.com,25,Male,Chennai,Basic,2022-11-24,44,1528.49,1589.27,66562.16,2.1,4.7,5.3,17,4,-43.2,57.7,1,0,18.2,0,0,4,0,92224.31
CUST-2918,Karan Malhotra,karan.malhotra.2918@example.com,41,Male,Mumbai,Premium,2022-07-30,48,9767.17,10155.56,464004.41,6.1,13.6,12.7,3,5,-50.4,56.8,1,1,27.4,0,0,4,0,590872.35
CUST-2919,Aarav Gupta,aarav.gupta.2919@example.com,57,Male,Chennai,Basic,2026-03-18,4,1552.22,1613.94,6145.05,6.4,14.2,37.6,15,6,16.4,36.0,3,2,12.0,1,0,2,0,38853.06
CUST-2920,Nikhil Bhatia,nikhil.bhatia.2920@example.com,53,Male,Delhi NCR,Basic,2026-04-21,3,1716.68,1784.94,5097.09,3.7,8.2,35.7,0,6,-35.8,98.6,1,0,33.7,2,0,3,0,66859.05
CUST-2921,Varun Mishra,varun.mishra.2921@example.com,49,Female,Kolkata,Basic,2025-12-12,7,1655.28,1721.1,11467.84,7.5,16.7,22.2,2,3,6.7,79.5,1,0,1.0,0,1,5,0,80029.94
CUST-2922,Priya Iyer,priya.iyer.2922@example.com,34,Female,Delhi NCR,Basic,2026-01-08,6,1392.02,1447.37,8266.26,3.9,8.7,23.6,9,9,-13.1,71.8,3,0,23.0,1,0,4,0,70026.07
CUST-2923,Nikhil Verma,nikhil.verma.2923@example.com,22,Male,Jaipur,Premium,2024-11-27,20,10124.62,10527.22,200410.68,1.5,3.3,9.2,1,4,14.5,58.8,0,0,1.0,0,1,4,0,405696.81
CUST-2924,Shreya Rao,shreya.rao.2924@example.com,56,Female,Delhi NCR,Standard,2025-10-12,9,4560.99,4742.36,40626.91,6.7,14.9,36.5,1,8,7.4,53.0,1,1,36.8,2,0,2,0,212032.19
CUST-2925,Harsh Reddy,harsh.reddy.2925@example.com,51,Female,Kolkata,Standard,2024-10-02,22,4117.95,4281.7,89663.54,7.6,16.9,11.1,14,4,-8.5,51.3,1,1,30.8,2,0,2,1,125788.53
CUST-2926,Varun Mehta,varun.mehta.2926@example.com,57,Female,Hyderabad,Enterprise,2024-11-30,20,30161.92,31361.3,597036.8,6.3,14.0,31.3,7,6,1.7,0.0,2,0,33.7,0,0,5,0,1200000.0
CUST-2927,Karan Sharma,karan.sharma.2927@example.com,46,Male,Ahmedabad,Standard,2025-06-28,13,4779.03,4969.07,61488.69,2.6,5.8,36.9,33,1,-5.1,16.8,2,0,22.2,0,0,5,0,140059.7
CUST-2928,Sneha Bose,sneha.bose.2928@example.com,37,Female,Mumbai,Enterprise,2024-05-11,26,24031.75,24987.37,618401.98,1.6,3.6,22.5,1,2,-19.2,36.7,4,1,28.3,1,1,3,0,1200000.0
CUST-2929,Karan Saxena,karan.saxena.2929@example.com,40,Male,Ahmedabad,Basic,2026-03-15,4,1823.52,1896.03,7219.09,3.5,7.8,32.6,3,6,25.4,45.1,3,1,20.1,2,0,2,0,76185.35
CUST-2930,Swati Mishra,swati.mishra.2930@example.com,22,Female,Jaipur,Enterprise,2026-04-18,3,26356.58,27404.65,78256.86,9.4,20.9,42.3,2,3,-13.8,39.0,0,0,1.0,0,0,4,0,1200000.0
CUST-2931,Priya Reddy,priya.reddy.2931@example.com,26,Male,Ahmedabad,Basic,2024-12-01,20,1728.82,1797.57,34220.94,1.7,3.8,24.9,15,7,-4.4,48.5,2,0,42.2,0,1,4,0,104995.42
CUST-2932,Manish Rao,manish.rao.2932@example.com,43,Female,Chennai,Standard,2026-03-23,4,4738.55,4926.98,18759.34,5.9,13.1,20.1,2,1,-41.6,0.0,3,0,10.2,0,0,5,1,154247.63
CUST-2933,Aditya Deshmukh,aditya.deshmukh.2933@example.com,45,Male,Chandigarh,Standard,2026-06-15,1,4306.08,4477.31,4261.81,4.0,8.9,21.3,3,3,5.7,54.1,2,0,20.1,1,0,4,0,205653.99
CUST-2934,Rahul Das,rahul.das.2934@example.com,58,Male,Bengaluru,Standard,2023-08-31,35,4157.7,4323.03,144023.49,6.2,13.8,13.8,1,3,-19.1,43.5,6,4,38.1,0,0,1,1,103671.24
CUST-2935,Sneha Deshmukh,sneha.deshmukh.2935@example.com,57,Female,Kolkata,Standard,2025-05-25,14,4880.41,5074.48,67623.32,1.6,3.6,13.6,11,1,-15.4,37.5,5,1,11.1,0,0,4,1,195702.89
CUST-2936,Rohan Bhatia,rohan.bhatia.2936@example.com,57,Female,Bengaluru,Standard,2025-10-09,9,3922.21,4078.18,34936.99,3.7,8.2,26.9,2,4,-25.5,64.3,0,0,16.7,0,1,5,0,178895.08
CUST-2937,Isha Mishra,isha.mishra.2937@example.com,25,Female,Kolkata,Enterprise,2024-12-29,19,24747.5,25731.58,465368.58,2.3,5.1,20.2,0,8,-5.5,16.9,0,0,21.0,1,1,3,0,1200000.0
CUST-2938,Aditi Pandey,aditi.pandey.2938@example.com,57,Female,Mumbai,Enterprise,2026-01-08,6,25663.15,26683.64,152395.92,2.4,5.3,25.6,4,7,-58.2,36.3,0,0,37.1,0,1,4,0,1200000.0
CUST-2939,Deepak Saxena,deepak.saxena.2939@example.com,39,Male,Ahmedabad,Enterprise,2022-11-21,44,30019.12,31212.83,1307262.36,5.7,12.7,5.6,3,7,17.1,48.8,0,0,28.1,2,0,3,0,1200000.0
CUST-2940,Siddharth Pandey,siddharth.pandey.2940@example.com,37,Male,Mumbai,Enterprise,2026-06-24,1,30713.17,31934.47,30397.42,1.9,4.2,21.0,1,5,-3.1,21.5,0,0,19.4,0,0,5,0,1200000.0
CUST-2941,Meera Agarwal,meera.agarwal.2941@example.com,39,Male,Delhi NCR,Premium,2025-04-30,15,8792.24,9141.86,130527.77,4.8,10.7,33.3,1,4,-15.1,0.0,2,0,15.3,0,1,5,0,412741.71
CUST-2942,Isha Singh,isha.singh.2942@example.com,43,Male,Delhi NCR,Enterprise,2024-09-17,22,30057.66,31252.9,654470.34,4.3,9.6,9.7,17,10,-45.4,14.3,1,0,20.1,0,1,3,0,1200000.0
CUST-2943,Isha Gupta,isha.gupta.2943@example.com,23,Female,Bengaluru,Premium,2025-10-11,9,8912.35,9266.75,79386.54,2.2,4.9,22.2,0,6,10.1,40.4,1,1,20.9,0,1,3,0,483563.81
CUST-2944,Vikram Chauhan,vikram.chauhan.2944@example.com,42,Female,Pune,Standard,2024-11-24,20,4957.66,5154.8,98133.85,2.7,6.0,2.0,0,2,-19.8,36.0,0,0,19.1,0,0,4,0,213210.78
CUST-2945,Meera Singh,meera.singh.2945@example.com,57,Female,Pune,Premium,2023-06-28,37,9980.73,10377.61,365490.55,4.9,10.9,7.6,2,1,34.6,41.6,4,2,22.5,1,0,3,0,557498.43
CUST-2946,Aarav Kapoor,aarav.kapoor.2946@example.com,50,Female,Chandigarh,Enterprise,2024-11-07,20,22561.1,23458.24,446583.21,4.1,9.1,30.9,22,7,11.6,26.2,3,0,9.4,0,1,4,0,1200000.0
CUST-2947,Shreya Verma,shreya.verma.2947@example.com,47,Female,Pune,Premium,2026-01-09,6,8206.6,8532.93,48733.39,4.3,9.6,18.6,0,4,41.0,10.5,1,1,23.4,2,0,3,0,365201.92
CUST-2948,Priya Nair,priya.nair.2948@example.com,42,Male,Jaipur,Standard,2025-07-17,12,3805.53,3956.86,45196.89,3.7,8.2,42.0,12,7,1.8,45.3,2,1,27.9,0,0,3,0,184150.22
CUST-2949,Siddharth Iyer,siddharth.iyer.2949@example.com,38,Male,Chennai,Basic,2023-09-09,34,1447.51,1505.07,48709.38,3.6,8.0,26.8,16,6,28.2,38.0,2,2,30.6,2,0,2,1,76910.19
CUST-2950,Tanvi Gupta,tanvi.gupta.2950@example.com,37,Female,Chennai,Premium,2025-10-17,9,10516.83,10935.03,93678.4,4.2,9.4,27.8,3,9,11.0,57.3,3,2,34.3,0,0,2,0,552579.08
CUST-2951,Nikhil Iyer,nikhil.iyer.2951@example.com,52,Male,Delhi NCR,Enterprise,2025-02-11,17,24448.22,25420.4,411346.96,7.2,16.0,10.2,2,10,-14.6,24.1,1,0,5.1,1,0,3,0,1200000.0
CUST-2952,Rohan Agarwal,rohan.agarwal.2952@example.com,30,Male,Pune,Standard,2025-10-11,9,4955.56,5152.62,44141.53,5.3,11.8,17.8,8,6,3.2,0.0,0,0,1.6,0,0,4,0,243784.94
CUST-2953,Tanvi Saxena,tanvi.saxena.2953@example.com,52,Male,Chandigarh,Basic,2026-05-16,2,1682.84,1749.76,3331.08,3.9,8.7,13.9,9,3,-25.4,0.0,0,0,15.4,0,1,5,0,62644.91
CUST-2954,Karan Gupta,karan.gupta.2954@example.com,35,Female,Kolkata,Basic,2026-06-17,1,1712.43,1780.52,1694.83,1.9,4.2,10.3,11,7,55.9,32.4,2,1,3.8,0,0,4,0,87035.3
CUST-2955,Manish Kapoor,manish.kapoor.2955@example.com,58,Male,Delhi NCR,Standard,2022-12-19,43,3903.97,4059.21,166144.91,3.3,7.3,29.3,13,9,-4.8,45.1,0,0,26.3,1,1,4,0,265449.41
CUST-2956,Simran Kapoor,simran.kapoor.2956@example.com,23,Female,Mumbai,Basic,2025-06-01,14,1817.46,1889.73,25182.86,2.3,5.1,31.5,2,10,-1.3,36.4,3,1,7.5,0,0,3,1,113547.98
CUST-2957,Aditya Joshi,aditya.joshi.2957@example.com,35,Female,Pune,Standard,2026-05-14,2,4533.81,4714.1,8974.4,2.5,5.6,26.4,8,6,8.9,28.4,3,3,35.3,0,1,3,0,169429.76
CUST-2958,Arjun Reddy,arjun.reddy.2958@example.com,54,Male,Delhi NCR,Enterprise,2024-03-30,28,30062.35,31257.77,833092.23,0.3,0.7,12.9,1,7,-32.4,3.8,1,0,22.0,1,1,4,0,1200000.0
CUST-2959,Karan Patel,karan.patel.2959@example.com,56,Female,Pune,Standard,2025-08-28,11,4937.84,5134.19,53757.84,4.2,9.4,25.6,5,8,35.0,0.0,3,1,35.0,1,0,3,0,259119.0
CUST-2960,Aditi Singh,aditi.singh.2960@example.com,41,Female,Jaipur,Standard,2024-10-26,21,3774.95,3925.06,78458.97,8.5,18.9,2.0,7,4,-30.7,50.8,1,0,23.7,0,1,5,0,168291.26
CUST-2961,Amit Verma,amit.verma.2961@example.com,23,Female,Chandigarh,Enterprise,2026-05-19,2,23344.2,24272.48,46208.42,4.6,10.2,36.6,1,5,-37.0,36.5,4,1,29.8,1,0,3,0,1084847.57
CUST-2962,Shreya Patel,shreya.patel.2962@example.com,40,Female,Bengaluru,Standard,2023-09-17,34,4723.59,4911.42,158950.99,5.7,12.7,7.7,0,4,-6.7,33.3,1,0,46.9,0,0,4,0,253545.59
CUST-2963,Aditi Malhotra,aditi.malhotra.2963@example.com,58,Male,Hyderabad,Basic,2025-06-23,13,1803.51,1875.23,23204.6,6.2,13.8,9.7,1,1,-37.8,5.0,2,0,3.4,1,0,4,1,58921.46
CUST-2964,Varun Verma,varun.verma.2964@example.com,39,Female,Chandigarh,Standard,2024-12-13,19,4416.16,4591.77,83044.43,3.6,8.0,23.3,4,6,41.7,18.8,1,1,27.8,0,1,3,0,235005.43
CUST-2965,Amit Pandey,amit.pandey.2965@example.com,37,Male,Pune,Standard,2026-06-24,1,4111.37,4274.86,4069.1,3.7,8.2,24.2,16,7,-8.5,43.1,2,1,31.6,0,0,4,0,175827.02
CUST-2966,Amit Singh,amit.singh.2966@example.com,25,Female,Mumbai,Premium,2026-01-16,6,10154.65,10558.45,60301.53,1.3,2.9,21.2,5,2,-85.0,48.8,2,1,28.3,0,0,4,1,228131.29
CUST-2967,Sneha Nair,sneha.nair.2967@example.com,33,Female,Mumbai,Enterprise,2026-02-07,5,25173.55,26174.57,124573.77,4.6,10.2,9.8,10,6,3.6,38.1,1,0,10.4,0,0,3,0,1137046.45
CUST-2968,Manish Mishra,manish.mishra.2968@example.com,50,Female,Bengaluru,Basic,2023-01-31,42,1474.17,1532.79,61278.62,4.3,9.6,34.5,1,2,13.5,75.1,3,2,38.5,0,1,2,0,78193.91
CUST-2969,Aarav Kumar,aarav.kumar.2969@example.com,28,Male,Ahmedabad,Basic,2026-04-11,3,1605.21,1669.04,4766.12,2.4,5.3,3.5,0,10,-13.8,28.2,0,0,21.7,0,0,5,0,87782.18
CUST-2970,Sanjay Deshmukh,sanjay.deshmukh.2970@example.com,35,Male,Mumbai,Basic,2025-01-23,18,1462.51,1520.67,26054.54,6.6,14.7,5.7,2,5,-40.0,72.9,4,0,30.9,0,0,5,1,65696.05
CUST-2971,Harsh Reddy,harsh.reddy.2971@example.com,33,Male,Delhi NCR,Premium,2026-06-25,1,9622.6,10005.24,9523.67,2.6,5.8,20.8,2,1,-4.9,47.2,1,0,21.7,0,0,4,0,366291.38
CUST-2972,Karan Rao,karan.rao.2972@example.com,56,Male,Mumbai,Premium,2026-03-11,4,11112.08,11553.95,43991.37,10.2,22.7,8.1,5,3,-15.5,44.6,1,1,1.2,0,0,4,0,464076.19
CUST-2973,Sneha Nair,sneha.nair.2973@example.com,26,Male,Hyderabad,Standard,2026-01-25,6,4774.5,4964.36,28352.49,5.0,11.1,35.4,15,4,-29.3,64.4,2,1,33.5,0,0,4,0,166476.58
CUST-2974,Pooja Saxena,pooja.saxena.2974@example.com,38,Male,Bengaluru,Standard,2024-08-16,23,4917.05,5112.58,111929.51,4.2,9.4,9.0,4,4,-31.8,27.0,0,0,11.2,0,1,5,0,269904.34
CUST-2975,Sanjay Gupta,sanjay.gupta.2975@example.com,53,Male,Delhi NCR,Enterprise,2024-09-28,22,29554.2,30729.42,643508.09,8.3,18.5,39.1,5,2,2.4,34.1,1,0,13.7,1,1,4,0,1200000.0
CUST-2976,Rahul Mishra,rahul.mishra.2976@example.com,31,Female,Pune,Enterprise,2022-12-27,43,25603.05,26621.15,1089613.02,0.2,0.5,33.4,0,8,23.3,12.6,2,2,18.3,1,0,2,0,1200000.0
CUST-2977,Rohan Saxena,rohan.saxena.2977@example.com,38,Male,Chandigarh,Basic,2023-08-21,35,1775.14,1845.73,61491.17,3.6,8.0,35.6,0,6,10.9,64.4,2,2,33.6,0,0,3,0,105252.13
CUST-2978,Rohan Joshi,rohan.joshi.2978@example.com,26,Female,Bengaluru,Premium,2026-05-16,2,11005.96,11443.61,21785.63,3.3,7.3,42.8,0,9,-50.4,50.1,4,3,63.7,1,0,2,1,286197.45
CUST-2979,Rhea Bhatia,rhea.bhatia.2979@example.com,30,Female,Hyderabad,Standard,2024-06-11,25,4924.62,5120.45,121849.81,3.8,8.5,22.9,9,6,15.2,68.3,1,0,28.8,0,0,4,0,289299.17
CUST-2980,Vikram Saxena,vikram.saxena.2980@example.com,54,Female,Chennai,Basic,2025-10-19,9,1707.54,1775.44,15209.87,4.7,10.5,10.9,4,3,19.6,46.9,1,0,1.8,0,1,5,0,74614.7
CUST-2981,Neha Patel,neha.patel.2981@example.com,57,Female,Hyderabad,Standard,2024-02-15,29,3894.94,4049.82,111792.04,3.8,8.5,20.9,1,2,37.0,68.5,0,0,13.6,0,1,5,0,207906.62
CUST-2982,Neha Rao,neha.rao.2982@example.com,57,Male,Kolkata,Basic,2026-05-31,2,1369.94,1424.42,2711.71,7.1,15.8,15.8,6,9,-28.6,24.1,0,0,28.1,0,0,4,0,62861.56
CUST-2983,Nikhil Verma,nikhil.verma.2983@example.com,39,Female,Kolkata,Basic,2024-06-16,25,1426.33,1483.05,35291.67,5.1,11.4,14.2,5,3,-3.6,65.7,2,0,13.8,0,1,5,0,68745.14
CUST-2984,Simran Chopra,simran.chopra.2984@example.com,30,Male,Chennai,Standard,2026-04-14,3,4950.53,5147.39,14698.91,5.2,11.6,23.7,0,6,13.9,32.5,3,1,1.0,1,1,4,0,209548.54
CUST-2985,Ananya Verma,ananya.verma.2985@example.com,50,Male,Jaipur,Standard,2026-01-25,6,4245.87,4414.71,25213.32,5.2,11.6,18.6,7,10,-16.8,42.1,2,2,25.4,2,0,3,0,215264.07
CUST-2986,Aditi Mishra,aditi.mishra.2986@example.com,35,Female,Mumbai,Standard,2026-06-12,1,4795.78,4986.48,4746.48,1.5,3.3,13.7,10,2,13.5,59.5,2,2,48.6,2,1,2,1,109868.07
CUST-2987,Neha Patel,neha.patel.2987@example.com,46,Male,Chandigarh,Standard,2026-05-30,2,4250.0,4419.0,8412.62,4.6,10.2,19.3,2,7,-2.7,97.9,2,2,50.1,0,0,4,0,171891.66
CUST-2988,Nikhil Nair,nikhil.nair.2988@example.com,36,Female,Ahmedabad,Basic,2025-10-18,9,1695.8,1763.23,15105.3,4.7,10.5,28.0,8,1,-25.7,61.7,5,0,13.9,2,0,4,0,50136.65
CUST-2989,Vikram Rao,vikram.rao.2989@example.com,27,Male,Ahmedabad,Premium,2024-07-10,24,8175.13,8500.21,194186.05,1.8,4.0,32.5,1,9,-23.3,63.9,4,2,28.7,0,0,4,0,482160.02
CUST-2990,Neha Singh,neha.singh.2990@example.com,50,Male,Chandigarh,Standard,2024-10-25,21,3948.82,4105.84,82072.71,6.1,13.6,4.4,10,1,33.0,28.9,1,1,1.0,0,0,4,0,194320.71
CUST-2991,Aditya Gupta,aditya.gupta.2991@example.com,36,Male,Hyderabad,Standard,2026-03-18,4,4209.72,4377.12,16665.77,0.2,0.5,18.7,18,9,-29.9,45.8,1,0,14.8,2,1,5,0,200040.97
CUST-2992,Aditya Sharma,aditya.sharma.2992@example.com,50,Male,Chennai,Enterprise,2026-05-02,3,28016.9,29130.99,83186.62,9.5,21.1,20.4,4,1,-34.7,39.7,2,0,9.1,0,0,5,0,1200000.0
CUST-2993,Manish Malhotra,manish.malhotra.2993@example.com,25,Male,Chennai,Basic,2025-12-08,7,1439.09,1496.32,9970.07,4.1,9.1,9.0,2,1,7.6,75.8,2,1,1.3,0,0,3,0,60465.38
CUST-2994,Harsh Nair,harsh.nair.2994@example.com,39,Male,Pune,Standard,2023-12-18,31,4669.2,4854.87,143257.15,2.4,5.3,20.7,3,8,-2.9,38.5,1,0,4.6,0,0,4,0,255636.26
CUST-2995,Manish Gupta,manish.gupta.2995@example.com,37,Male,Bengaluru,Standard,2026-05-09,2,4109.14,4272.54,8133.79,5.5,12.2,23.6,2,1,-38.7,73.9,3,2,16.3,0,0,3,1,82763.39
CUST-2996,Pooja Mehta,pooja.mehta.2996@example.com,32,Female,Delhi NCR,Premium,2025-08-31,11,10673.73,11098.17,116203.98,5.5,12.2,27.7,0,8,-16.5,10.8,4,0,16.7,2,1,4,0,518496.74
CUST-2997,Sanjay Verma,sanjay.verma.2997@example.com,35,Male,Kolkata,Premium,2026-06-01,2,8407.67,8742.0,16642.47,8.5,18.9,22.8,7,3,-24.9,75.6,1,0,34.6,1,1,4,0,372865.26
CUST-2998,Deepak Mehta,deepak.mehta.2998@example.com,24,Female,Ahmedabad,Basic,2025-10-25,9,1705.73,1773.56,15193.75,7.9,17.6,12.3,0,4,-20.0,21.3,2,2,30.2,0,0,4,0,67271.47
CUST-2999,Manish Sharma,manish.sharma.2999@example.com,59,Male,Mumbai,Standard,2026-05-22,2,4009.66,4169.1,7936.88,1.4,3.1,44.1,1,2,68.7,62.5,2,2,35.1,0,0,3,0,150488.57
CUST-3000,Siddharth Bhatia,siddharth.bhatia.3000@example.com,39,Female,Delhi NCR,Basic,2026-05-23,2,1766.4,1836.64,3496.48,3.6,8.0,31.1,9,6,-10.5,21.3,1,1,53.6,0,1,3,0,62287.54
CUST-3001,Neha Singh,neha.singh.3001@example.com,41,Male,Hyderabad,Enterprise,2026-04-27,3,26017.95,27052.55,77251.42,2.3,5.1,28.1,8,7,-26.7,56.8,3,2,9.1,0,1,3,0,1200000.0
CUST-3002,Simran Chopra,simran.chopra.3002@example.com,46,Male,Pune,Basic,2026-02-12,5,1698.18,1765.71,8403.61,5.8,12.9,33.1,0,10,54.6,18.9,0,0,18.3,0,0,4,0,82119.59
CUST-3003,Divya Rao,divya.rao.3003@example.com,59,Male,Delhi NCR,Premium,2026-02-13,5,11041.83,11480.91,54641.57,7.2,16.0,24.7,8,3,22.9,66.9,0,0,29.7,0,0,4,0,442479.61
CUST-3004,Meera Mishra,meera.mishra.3004@example.com,34,Male,Pune,Basic,2025-04-28,15,1359.92,1414.0,20189.09,1.4,3.1,36.1,20,9,18.3,62.3,0,0,19.8,1,0,4,0,70518.08
CUST-3005,Nikhil Bhatia,nikhil.bhatia.3005@example.com,25,Female,Ahmedabad,Standard,2026-06-18,1,3614.66,3758.4,3577.5,4.1,9.1,22.6,0,3,-25.3,27.6,0,0,1.0,0,0,4,0,141023.75
CUST-3006,Sneha Malhotra,sneha.malhotra.3006@example.com,35,Male,Ahmedabad,Enterprise,2026-05-26,2,29238.77,30401.44,57876.36,2.9,6.5,22.0,4,7,31.4,55.9,2,2,55.1,1,0,2,0,1200000.0
CUST-3007,Rajesh Chopra,rajesh.chopra.3007@example.com,54,Other,Mumbai,Premium,2026-04-27,3,10135.01,10538.03,30092.45,6.0,13.4,29.0,9,4,20.9,64.7,0,0,26.1,0,0,4,0,449451.84
CUST-3008,Varun Pandey,varun.pandey.3008@example.com,49,Male,Chennai,Basic,2024-02-21,29,1502.81,1562.57,43133.45,5.1,11.4,39.3,8,5,2.1,19.8,4,3,43.2,0,1,3,0,69957.98
CUST-3009,Manish Mishra,manish.mishra.3009@example.com,58,Male,Hyderabad,Standard,2025-05-15,14,4291.08,4461.71,59457.52,6.7,14.9,38.6,1,9,-50.1,17.2,2,1,7.4,0,0,4,0,201603.79
CUST-3010,Deepak Mehta,deepak.mehta.3010@example.com,29,Female,Jaipur,Basic,2024-12-21,19,1371.1,1425.62,25783.08,3.3,7.3,28.5,1,3,-2.6,16.3,1,1,51.5,1,1,3,0,57991.0
CUST-3011,Vikram Verma,vikram.verma.3011@example.com,55,Male,Chandigarh,Standard,2025-12-21,7,3868.46,4022.29,26800.83,4.0,8.9,27.7,11,3,46.4,12.9,1,0,23.0,0,1,3,0,155080.49
CUST-3012,Isha Bose,isha.bose.3012@example.com,26,Female,Mumbai,Basic,2026-03-25,4,1571.81,1634.31,6222.6,5.0,11.1,29.7,23,9,4.2,16.2,1,0,21.4,0,0,4,0,68284.86
CUST-3013,Divya Sharma,divya.sharma.3013@example.com,26,Male,Ahmedabad,Basic,2026-06-09,1,1786.68,1857.73,1768.31,3.6,8.0,32.8,10,9,-12.5,64.2,1,1,31.0,0,1,4,0,81948.74
CUST-3014,Ananya Kapoor,ananya.kapoor.3014@example.com,52,Female,Bengaluru,Standard,2025-09-22,10,4270.47,4440.28,42265.67,4.8,10.7,36.3,24,4,-8.4,55.4,4,2,43.5,0,1,3,1,162448.62
CUST-3015,Sneha Bose,sneha.bose.3015@example.com,30,Male,Chennai,Basic,2025-07-12,12,1656.74,1722.62,19676.49,6.9,15.4,19.4,6,1,-6.5,1.3,2,1,25.4,2,1,3,1,35457.25
CUST-3016,Sanjay Mehta,sanjay.mehta.3016@example.com,53,Female,Chandigarh,Standard,2023-11-17,32,4822.05,5013.8,152719.26,8.7,19.4,36.5,19,1,-24.4,29.8,4,0,14.6,0,0,4,0,221001.81
CUST-3017,Rhea Reddy,rhea.reddy.3017@example.com,54,Female,Bengaluru,Basic,2024-01-15,30,1511.12,1571.21,44867.55,3.2,7.1,25.8,8,9,-3.2,14.2,1,0,1.0,0,0,5,0,87476.7
CUST-3018,Sanjay Kapoor,sanjay.kapoor.3018@example.com,24,Male,Mumbai,Basic,2025-11-16,8,1716.72,1784.99,13592.57,8.7,19.4,29.2,17,6,38.4,62.7,1,0,6.6,2,0,3,0,84033.54
CUST-3019,Neha Gupta,neha.gupta.3019@example.com,51,Male,Delhi NCR,Premium,2025-11-28,8,10813.05,11243.03,85615.09,3.1,6.9,37.2,1,5,35.2,31.2,2,1,47.8,1,0,3,0,441174.18
CUST-3020,Siddharth Mehta,siddharth.mehta.3020@example.com,33,Male,Jaipur,Basic,2026-04-15,3,1455.4,1513.27,4321.31,6.0,13.4,30.2,12,10,-23.1,4.9,1,0,6.0,0,0,4,0,78140.54
CUST-3021,Aditya Bhatia,aditya.bhatia.3021@example.com,50,Female,Pune,Standard,2026-02-28,5,4098.04,4261.0,20279.55,3.2,7.1,32.1,1,3,33.7,46.1,2,1,20.4,1,0,3,0,178468.11
CUST-3022,Shreya Sharma,shreya.sharma.3022@example.com,24,Male,Chandigarh,Standard,2023-06-19,37,4970.49,5168.14,182017.46,2.0,4.5,17.7,0,3,19.3,56.6,1,0,2.2,0,1,4,0,270950.02
CUST-3023,Amit Singh,amit.singh.3023@example.com,47,Male,Chandigarh,Standard,2026-04-19,3,4975.26,5173.1,14772.34,6.8,15.1,38.5,5,2,15.7,19.1,1,0,22.1,0,1,4,0,219765.32
CUST-3024,Arjun Mehta,arjun.mehta.3024@example.com,51,Male,Mumbai,Standard,2022-07-11,48,3911.54,4067.08,185823.71,4.1,9.1,29.7,2,7,10.1,35.6,0,0,12.9,0,0,4,0,266417.92
CUST-3025,Shreya Gupta,shreya.gupta.3025@example.com,30,Male,Chandigarh,Standard,2025-09-23,10,3692.1,3838.92,36541.43,6.9,15.4,23.4,0,9,-28.1,20.3,2,2,28.5,1,0,3,0,204061.52
CUST-3026,Siddharth Bose,siddharth.bose.3026@example.com,47,Female,Pune,Basic,2025-10-27,9,1491.24,1550.54,13283.18,5.8,12.9,34.1,29,6,-13.4,71.9,2,2,22.4,0,1,2,1,43476.94
CUST-3027,Swati Das,swati.das.3027@example.com,23,Female,Pune,Premium,2026-04-29,3,9351.82,9723.69,27767.04,5.1,11.4,50.5,8,10,21.3,31.6,1,0,21.0,1,0,4,0,437435.8
CUST-3028,Pooja Singh,pooja.singh.3028@example.com,24,Male,Bengaluru,Enterprise,2025-04-01,16,26357.74,27405.85,417388.3,5.4,12.0,9.1,17,1,-35.8,24.7,2,0,33.7,0,1,5,0,1172070.42
CUST-3029,Divya Nair,divya.nair.3029@example.com,25,Female,Delhi NCR,Basic,2025-10-10,9,1673.76,1740.32,14908.98,6.5,14.5,13.2,52,6,-31.1,40.8,1,0,1.0,0,0,4,0,37838.67
CUST-3030,Rahul Malhotra,rahul.malhotra.3030@example.com,46,Female,Pune,Standard,2025-12-23,7,4858.09,5051.27,33657.02,6.1,13.6,51.5,3,8,6.6,37.0,3,2,28.4,0,0,3,0,205503.11
CUST-3031,Manish Nair,manish.nair.3031@example.com,34,Male,Jaipur,Basic,2026-02-20,5,1522.42,1582.96,7533.84,3.4,7.6,26.7,2,8,-24.1,58.5,2,1,22.1,0,0,4,0,72693.17
CUST-3032,Deepak Kapoor,deepak.kapoor.3032@example.com,56,Male,Chandigarh,Basic,2026-06-26,1,1795.04,1866.42,1776.59,5.1,11.4,24.1,1,10,21.1,71.2,0,0,6.8,0,0,5,0,68532.84
CUST-3033,Shreya Singh,shreya.singh.3033@example.com,44,Female,Bengaluru,Basic,2025-08-08,11,1398.14,1453.74,15221.43,7.4,16.5,20.7,5,3,-23.1,71.4,0,0,29.9,0,1,4,0,65122.04
CUST-3034,Varun Agarwal,varun.agarwal.3034@example.com,30,Female,Ahmedabad,Standard,2026-01-27,6,3657.71,3803.16,21720.64,4.3,9.6,35.3,6,1,4.8,32.8,1,0,30.0,0,0,5,0,139988.84
CUST-3035,Isha Mishra,isha.mishra.3035@example.com,23,Female,Bengaluru,Basic,2025-01-28,18,1613.55,1677.71,28745.31,3.2,7.1,50.7,4,5,7.2,49.3,3,1,26.8,1,0,3,0,74709.05
CUST-3036,Shreya Agarwal,shreya.agarwal.3036@example.com,52,Male,Jaipur,Enterprise,2025-01-26,18,23021.12,23936.55,410120.12,2.9,6.5,14.7,3,6,-15.5,77.7,2,1,15.9,0,1,4,0,1200000.0
CUST-3037,Rahul Patel,rahul.patel.3037@example.com,23,Male,Chennai,Standard,2026-01-30,6,4148.45,4313.41,24634.81,6.0,13.4,20.9,1,10,-8.7,78.6,0,0,29.8,0,0,3,0,205475.86
CUST-3038,Kavya Saxena,kavya.saxena.3038@example.com,53,Male,Bengaluru,Basic,2025-04-01,16,1819.59,1891.95,28814.14,3.7,8.2,18.1,4,9,-21.0,21.0,2,0,12.5,0,0,4,0,91071.55
CUST-3039,Siddharth Chopra,siddharth.chopra.3039@example.com,39,Female,Ahmedabad,Premium,2026-02-15,5,8859.69,9211.99,43843.04,5.0,11.1,30.1,0,2,-2.5,56.2,1,1,35.7,0,1,4,0,355487.47
CUST-3040,Varun Rao,varun.rao.3040@example.com,34,Female,Pune,Basic,2024-12-08,19,1719.49,1787.87,32334.44,3.6,8.0,35.4,15,1,-28.9,52.2,1,1,53.3,0,1,4,0,61176.6
CUST-3041,Rahul Rao,rahul.rao.3041@example.com,26,Female,Kolkata,Standard,2026-06-10,1,4022.31,4182.26,3980.96,6.7,14.9,39.8,0,7,-8.3,64.2,2,1,24.0,0,1,4,0,169655.2
CUST-3042,Amit Mehta,amit.mehta.3042@example.com,31,Male,Kolkata,Standard,2026-04-10,3,3661.97,3807.59,10872.97,4.5,10.0,30.4,3,2,19.0,71.8,2,2,33.9,0,0,4,0,162409.4
CUST-3043,Nikhil Gupta,nikhil.gupta.3043@example.com,46,Male,Kolkata,Basic,2026-03-21,4,1641.17,1706.43,6497.19,7.2,16.0,49.7,0,2,-33.8,17.0,0,0,7.6,2,1,4,1,48262.96
CUST-3044,Divya Bhatia,divya.bhatia.3044@example.com,55,Male,Chennai,Basic,2024-10-12,21,1787.11,1858.17,37143.49,7.1,15.8,15.7,11,3,-15.6,25.4,2,1,36.2,0,0,4,1,73875.65
CUST-3045,Sneha Pandey,sneha.pandey.3045@example.com,58,Male,Ahmedabad,Basic,2026-06-26,1,1563.93,1626.12,1547.85,4.0,8.9,12.8,2,4,12.5,63.8,3,0,18.5,1,0,3,0,62622.74
CUST-3046,Rhea Kapoor,rhea.kapoor.3046@example.com,51,Male,Jaipur,Basic,2026-04-08,3,1672.96,1739.48,4967.28,7.0,15.6,38.2,0,7,-60.2,45.6,2,0,1.0,1,0,4,0,68523.54
CUST-3047,Aditya Kumar,aditya.kumar.3047@example.com,28,Male,Mumbai,Basic,2025-12-28,7,1821.3,1893.72,12618.03,3.5,7.8,23.4,5,1,50.0,0.0,1,1,15.4,0,0,3,0,65064.15
CUST-3048,Deepak Gupta,deepak.gupta.3048@example.com,27,Male,Kolkata,Enterprise,2026-06-08,1,29408.65,30578.08,29106.31,4.8,10.7,6.9,18,6,27.3,2.0,1,0,39.5,0,0,4,0,1200000.0
CUST-3049,Harsh Singh,harsh.singh.3049@example.com,24,Female,Mumbai,Basic,2024-10-16,21,1450.82,1508.51,30154.0,2.6,5.8,18.5,17,7,-45.1,57.9,1,0,13.1,0,1,5,0,84830.94
CUST-3050,Rhea Agarwal,rhea.agarwal.3050@example.com,34,Female,Chennai,Basic,2025-07-21,12,1733.87,1802.82,20592.54,5.4,12.0,24.8,2,3,-60.9,62.1,2,0,2.8,0,1,5,0,69776.7
CUST-3051,Rajesh Saxena,rajesh.saxena.3051@example.com,24,Male,Mumbai,Enterprise,2023-10-19,33,26890.49,27959.79,878263.39,4.8,10.7,14.9,9,3,-1.2,9.6,3,3,42.3,0,0,2,0,1200000.0
CUST-3052,Simran Bose,simran.bose.3052@example.com,47,Male,Chandigarh,Standard,2026-06-30,1,4643.19,4827.83,4595.46,5.3,11.8,10.8,0,2,-33.4,68.4,3,1,17.6,0,0,2,0,95151.74
CUST-3053,Tanvi Chauhan,tanvi.chauhan.3053@example.com,45,Male,Chennai,Standard,2026-02-08,5,4291.25,4461.89,21235.67,1.3,2.9,19.7,1,5,24.9,37.3,3,0,13.8,0,1,5,0,207691.2
CUST-3054,Rahul Reddy,rahul.reddy.3054@example.com,27,Female,Mumbai,Basic,2024-12-29,19,1416.23,1472.55,26631.74,0.2,0.5,10.3,5,7,9.0,17.5,5,4,54.5,0,1,1,0,54892.25
CUST-3055,Rohan Kapoor,rohan.kapoor.3055@example.com,33,Female,Bengaluru,Standard,2025-03-19,16,4396.77,4571.61,69625.1,1.8,4.0,29.0,1,3,1.5,28.6,1,0,20.1,0,1,5,0,205123.67
CUST-3056,Rhea Chopra,rhea.chopra.3056@example.com,57,Female,Kolkata,Basic,2026-03-16,4,1607.3,1671.21,6363.1,5.2,11.6,2.0,12,7,-18.0,12.7,1,0,16.4,1,0,3,1,48974.52
CUST-3057,Aditya Deshmukh,aditya.deshmukh.3057@example.com,23,Female,Delhi NCR,Standard,2025-06-30,13,4324.01,4495.95,55634.24,5.6,12.5,23.0,20,8,42.8,27.2,1,1,16.6,0,0,3,0,225156.51
CUST-3058,Pooja Rao,pooja.rao.3058@example.com,32,Male,Hyderabad,Enterprise,2024-08-26,23,30189.19,31389.66,687213.08,6.6,14.7,27.7,0,3,19.1,0.0,2,0,1.0,0,1,3,0,1200000.0
CUST-3059,Rahul Saxena,rahul.saxena.3059@example.com,55,Male,Chennai,Standard,2026-06-25,1,4851.56,5044.48,4801.68,3.4,7.6,21.0,1,1,14.9,40.2,2,1,47.0,0,1,3,1,148236.51
CUST-3060,Manish Rao,manish.rao.3060@example.com,47,Male,Pune,Basic,2025-01-21,18,1587.05,1650.16,28273.22,4.6,10.2,34.0,4,3,31.6,56.1,3,1,46.3,0,1,4,0,72741.54
CUST-3061,Kavya Sharma,kavya.sharma.3061@example.com,39,Male,Hyderabad,Standard,2026-02-06,5,4236.97,4405.45,20967.06,2.7,6.0,6.9,6,6,-30.5,9.7,4,0,16.3,0,0,4,0,167341.51
CUST-3062,Rajesh Das,rajesh.das.3062@example.com,42,Female,Jaipur,Standard,2023-01-12,42,4320.18,4491.97,179582.19,7.1,15.8,14.3,18,1,34.0,42.4,4,2,42.0,0,1,2,0,226983.17
CUST-3063,Meera Iyer,meera.iyer.3063@example.com,57,Male,Chennai,Standard,2025-08-24,11,4326.34,4498.38,47100.49,2.7,6.0,18.4,16,9,-9.4,22.7,1,0,15.6,0,1,4,0,256421.67
CUST-3064,Rohan Kumar,rohan.kumar.3064@example.com,43,Male,Chennai,Standard,2026-06-13,1,4929.31,5125.32,4878.63,6.7,14.9,29.8,7,3,7.4,58.1,4,2,22.7,0,0,3,0,164793.59
CUST-3065,Neha Malhotra,neha.malhotra.3065@example.com,51,Male,Mumbai,Standard,2025-11-20,8,4508.03,4687.29,35693.48,3.7,8.2,24.4,2,3,-6.4,0.0,1,1,24.9,0,1,4,0,170851.42
CUST-3066,Tara Verma,tara.verma.3066@example.com,51,Female,Chennai,Standard,2022-07-30,48,3987.44,4146.0,189429.46,7.5,16.7,45.6,11,7,-54.6,59.1,0,0,17.7,0,0,4,0,285971.77
CUST-3067,Arjun Chauhan,arjun.chauhan.3067@example.com,29,Male,Kolkata,Enterprise,2025-01-01,19,27149.86,28229.47,510544.17,4.6,10.2,13.1,1,7,24.8,0.0,0,0,33.9,0,0,4,0,1200000.0
CUST-3068,Aditi Kumar,aditi.kumar.3068@example.com,55,Female,Ahmedabad,Premium,2026-01-18,6,10074.63,10475.25,59826.35,4.5,10.0,6.7,25,6,-53.1,37.0,1,0,17.1,0,0,5,0,410490.24
CUST-3069,Rohan Agarwal,rohan.agarwal.3069@example.com,30,Male,Ahmedabad,Basic,2025-07-09,12,1684.76,1751.75,20009.28,2.6,5.8,41.7,0,7,-29.1,25.0,0,0,36.5,0,1,4,0,82804.33
CUST-3070,Vikram Patel,vikram.patel.3070@example.com,41,Male,Jaipur,Premium,2025-06-08,13,9942.45,10337.81,127923.08,8.8,19.6,6.3,6,5,-14.7,33.3,0,0,14.1,0,0,4,0,432184.0
CUST-3071,Karan Sharma,karan.sharma.3071@example.com,46,Male,Chandigarh,Basic,2026-06-08,1,1442.35,1499.7,1427.52,6.3,14.0,29.5,0,8,-56.7,5.3,3,1,17.2,1,1,4,0,58333.12
CUST-3072,Sneha Kumar,sneha.kumar.3072@example.com,40,Female,Delhi NCR,Premium,2026-04-30,3,8204.91,8531.18,24361.68,5.3,11.8,11.2,3,10,-32.8,81.8,2,2,49.9,0,1,3,0,444824.67
CUST-3073,Shreya Malhotra,shreya.malhotra.3073@example.com,26,Male,Chandigarh,Basic,2025-07-19,12,1526.35,1587.05,18127.9,4.7,10.5,2.0,7,2,4.9,11.1,1,0,32.7,0,0,4,0,60766.92
CUST-3074,Deepak Agarwal,deepak.agarwal.3074@example.com,32,Female,Kolkata,Standard,2025-11-22,8,4197.48,4364.39,33234.62,2.8,6.2,17.9,8,5,-11.7,13.0,3,1,24.9,0,0,3,0,171685.56
CUST-3075,Deepak Malhotra,deepak.malhotra.3075@example.com,36,Male,Kolkata,Premium,2026-04-23,3,8293.76,8623.56,24625.49,5.6,12.5,31.9,11,9,-9.4,85.1,2,0,20.1,0,0,5,0,343358.32
CUST-3076,Neha Deshmukh,neha.deshmukh.3076@example.com,29,Male,Bengaluru,Basic,2024-10-09,21,1776.67,1847.32,36926.5,4.1,9.1,8.6,6,4,-27.6,49.7,0,0,19.4,0,1,5,0,86275.83
CUST-3077,Rahul Singh,rahul.singh.3077@example.com,40,Female,Ahmedabad,Premium,2025-09-29,10,9182.82,9547.97,90884.16,4.3,9.6,28.3,2,8,-0.7,11.9,1,0,18.5,0,0,4,0,447182.21
CUST-3078,Siddharth Agarwal,siddharth.agarwal.3078@example.com,44,Male,Hyderabad,Standard,2026-01-26,6,4877.87,5071.84,28966.34,6.1,13.6,30.4,16,3,-11.1,38.9,3,1,19.5,0,0,4,1,173161.66
CUST-3079,Meera Nair,meera.nair.3079@example.com,48,Female,Pune,Standard,2026-04-28,3,3815.22,3966.93,11327.99,4.8,10.7,8.0,12,6,-47.9,36.3,2,0,44.8,0,0,4,0,133664.33
CUST-3080,Manish Bhatia,manish.bhatia.3080@example.com,53,Female,Chennai,Standard,2025-05-10,14,3678.79,3825.08,50973.58,4.2,9.4,19.5,1,8,-7.6,1.5,1,0,11.2,0,0,4,0,168411.22
CUST-3081,Priya Mehta,priya.mehta.3081@example.com,47,Male,Delhi NCR,Enterprise,2025-03-15,16,26719.2,27781.68,423112.21,7.2,16.0,39.3,13,9,-36.8,23.8,2,1,30.7,0,1,4,0,1200000.0
CUST-3082,Harsh Bose,harsh.bose.3082@example.com,48,Female,Pune,Basic,2025-03-20,16,1448.33,1505.92,22935.05,2.5,5.6,29.2,26,7,23.1,41.4,3,0,18.3,3,0,3,0,65868.95
CUST-3083,Isha Pandey,isha.pandey.3083@example.com,40,Male,Chandigarh,Standard,2026-03-17,4,4911.13,5106.42,19442.56,0.7,1.6,19.1,7,6,-13.0,72.4,2,1,1.0,0,0,3,0,234968.1
CUST-3084,Sanjay Das,sanjay.das.3084@example.com,50,Male,Pune,Premium,2025-06-21,13,8131.55,8454.9,104623.4,2.5,5.6,26.6,2,6,68.6,37.5,2,1,25.4,0,0,5,0,420767.23
CUST-3085,Arjun Patel,arjun.patel.3085@example.com,54,Male,Bengaluru,Enterprise,2023-09-25,34,26109.38,27147.62,878592.72,4.5,10.0,14.5,6,6,25.1,39.3,0,0,12.6,0,0,4,0,1200000.0
CUST-3086,Rhea Singh,rhea.singh.3086@example.com,40,Female,Delhi NCR,Premium,2025-12-08,7,11018.03,11456.16,76333.31,5.7,12.7,34.3,3,10,-5.6,22.4,1,0,9.3,0,1,5,0,496007.7
CUST-3087,Aarav Nair,aarav.nair.3087@example.com,58,Male,Delhi NCR,Standard,2026-03-31,4,4137.15,4301.66,16378.47,2.6,5.8,34.2,8,9,14.2,68.3,4,2,19.5,0,0,4,0,224950.86
CUST-3088,Divya Sharma,divya.sharma.3088@example.com,40,Female,Bengaluru,Enterprise,2024-10-15,21,23313.77,24240.84,484555.94,11.9,26.5,23.3,5,3,-60.5,63.7,3,1,45.6,0,1,5,0,1200000.0
CUST-3089,Arjun Deshmukh,arjun.deshmukh.3089@example.com,54,Female,Kolkata,Premium,2026-04-29,3,9053.11,9413.11,26880.12,4.6,10.2,24.5,19,4,24.9,60.9,5,4,34.6,1,0,1,0,120310.07
CUST-3090,Pooja Pandey,pooja.pandey.3090@example.com,37,Female,Bengaluru,Premium,2026-02-17,5,9667.66,10052.09,47841.36,4.5,10.0,11.0,7,3,-25.0,44.7,6,5,53.7,0,0,1,1,40792.1
CUST-3091,Neha Das,neha.das.3091@example.com,44,Female,Kolkata,Basic,2026-05-10,2,1446.24,1503.75,2862.74,1.5,3.3,7.1,1,9,0.5,3.6,0,0,9.7,0,1,4,0,71869.52
CUST-3092,Simran Chauhan,simran.chauhan.3092@example.com,28,Male,Hyderabad,Standard,2026-02-25,5,4252.12,4421.2,21042.03,1.2,2.7,17.9,9,5,-22.4,68.1,2,1,11.3,3,0,2,1,83917.7
CUST-3093,Aditi Bhatia,aditi.bhatia.3093@example.com,47,Male,Jaipur,Standard,2025-11-17,8,4769.69,4959.36,37765.24,0.5,1.1,21.0,2,10,-19.4,43.4,1,0,25.2,1,0,4,0,245532.26
CUST-3094,Deepak Das,deepak.das.3094@example.com,53,Male,Kolkata,Standard,2026-06-16,1,4820.46,5012.14,4770.9,7.1,15.8,33.7,2,8,-7.1,34.6,3,2,37.3,0,0,2,0,179679.38
CUST-3095,Rohan Singh,rohan.singh.3095@example.com,33,Female,Pune,Basic,2024-02-09,29,1374.94,1429.61,39463.34,6.7,14.9,32.1,3,8,0.2,52.8,4,4,42.0,1,0,1,0,61044.7
CUST-3096,Pooja Kapoor,pooja.kapoor.3096@example.com,29,Other,Kolkata,Basic,2025-08-28,11,1433.52,1490.52,15606.61,4.2,9.4,24.0,0,9,-2.8,47.4,1,0,5.0,0,0,4,0,69087.54
CUST-3097,Aditi Gupta,aditi.gupta.3097@example.com,26,Female,Jaipur,Standard,2025-06-27,13,3984.41,4142.85,51264.83,1.6,3.6,35.1,26,10,-2.1,16.3,3,1,30.3,0,0,3,0,202198.67
CUST-3098,Simran Nair,simran.nair.3098@example.com,49,Female,Chandigarh,Basic,2025-12-12,7,1661.2,1727.26,11508.85,3.6,8.0,11.6,5,7,-47.5,34.3,5,0,21.2,1,0,4,0,79928.15
CUST-3099,Aditya Kumar,aditya.kumar.3099@example.com,26,Female,Chennai,Basic,2025-03-29,16,1538.5,1599.68,24362.94,7.2,16.0,33.9,11,3,63.3,0.0,3,0,14.3,0,0,4,0,68337.86
CUST-3100,Deepak Reddy,deepak.reddy.3100@example.com,47,Male,Bengaluru,Standard,2025-11-13,8,4780.46,4970.55,37850.52,3.1,6.9,13.3,2,5,4.5,44.1,3,1,41.2,1,1,3,0,205381.22
CUST-3101,Arjun Kapoor,arjun.kapoor.3101@example.com,26,Female,Chennai,Premium,2024-10-19,21,10356.37,10768.19,215247.93,2.3,5.1,35.6,10,3,10.3,73.9,3,1,42.8,0,0,4,0,454367.34
CUST-3102,Arjun Sharma,arjun.sharma.3102@example.com,43,Female,Bengaluru,Standard,2024-06-29,25,3739.7,3888.41,92531.35,3.4,7.6,21.9,6,2,-11.5,0.0,2,0,9.9,1,0,5,1,184845.58
CUST-3103,Rhea Mishra,rhea.mishra.3103@example.com,36,Male,Hyderabad,Basic,2025-03-29,16,1676.77,1743.45,26552.51,3.6,8.0,2.0,4,3,-26.5,45.1,3,0,41.1,0,0,5,0,70743.33
CUST-3104,Swati Iyer,swati.iyer.3104@example.com,34,Female,Ahmedabad,Basic,2025-09-21,10,1408.39,1464.39,13939.11,5.7,12.7,30.0,26,10,2.2,58.0,2,1,20.7,0,0,4,0,70116.11
CUST-3105,Swati Gupta,swati.gupta.3105@example.com,49,Male,Pune,Standard,2024-10-01,22,3956.06,4113.37,86138.57,0.2,0.5,30.9,5,9,6.1,61.6,4,1,20.9,0,0,3,0,238857.76
CUST-3106,Rohan Agarwal,rohan.agarwal.3106@example.com,54,Female,Pune,Premium,2025-09-10,10,8659.33,9003.67,85703.08,4.6,10.2,17.0,8,9,34.5,24.1,3,1,32.6,0,0,3,0,470396.97
CUST-3107,Aditya Pandey,aditya.pandey.3107@example.com,44,Female,Chandigarh,Standard,2026-06-01,2,3841.33,3994.08,7603.68,2.7,6.0,17.9,0,8,56.2,15.5,2,1,28.2,1,0,4,0,159401.95
CUST-3108,Rahul Chopra,rahul.chopra.3108@example.com,54,Female,Ahmedabad,Basic,2026-05-14,2,1672.49,1739.0,3310.59,3.1,6.9,20.2,2,7,39.4,27.9,2,1,24.4,0,1,4,0,81409.4
CUST-3109,Kavya Verma,kavya.verma.3109@example.com,39,Male,Ahmedabad,Standard,2023-01-22,42,4387.95,4562.44,182399.26,5.8,12.9,2.0,16,1,-51.5,70.6,2,0,1.0,2,0,4,1,200851.77
CUST-3110,Tanvi Kumar,tanvi.kumar.3110@example.com,51,Female,Bengaluru,Premium,2026-03-18,4,8653.53,8997.64,34258.27,1.5,3.3,2.0,10,9,-14.9,1.0,0,0,1.0,0,1,5,0,430316.75
CUST-3111,Harsh Nair,harsh.nair.3111@example.com,47,Female,Pune,Basic,2024-07-17,24,1868.59,1942.89,44385.12,4.6,10.2,36.3,5,10,7.4,12.8,1,0,1.0,0,0,4,0,122998.37
CUST-3112,Simran Chauhan,simran.chauhan.3112@example.com,37,Male,Pune,Standard,2026-03-30,4,4189.52,4356.12,16585.8,5.2,11.6,12.9,17,2,-13.2,31.0,2,0,16.1,0,0,4,1,149187.6
CUST-3113,Manish Mehta,manish.mehta.3113@example.com,34,Female,Ahmedabad,Standard,2025-11-18,8,3734.96,3883.48,29572.5,5.4,12.0,42.4,4,6,-3.2,18.6,4,2,25.8,0,1,3,1,179752.81
CUST-3114,Harsh Agarwal,harsh.agarwal.3114@example.com,54,Female,Bengaluru,Basic,2025-04-26,15,1412.36,1468.52,20967.6,5.7,12.7,37.1,6,10,-62.1,41.0,0,0,11.5,0,1,5,0,72899.7
CUST-3115,Simran Kumar,simran.kumar.3115@example.com,47,Female,Kolkata,Basic,2026-04-18,3,1655.44,1721.27,4915.26,5.4,12.0,39.2,3,5,23.6,75.9,4,1,20.4,1,0,3,0,79601.66
CUST-3116,Varun Iyer,varun.iyer.3116@example.com,22,Male,Kolkata,Standard,2024-12-17,19,4969.45,5167.06,93448.87,5.7,12.7,14.8,7,6,-54.5,13.1,2,0,27.7,1,0,4,0,211434.97
CUST-3117,Neha Rao,neha.rao.3117@example.com,59,Male,Jaipur,Basic,2025-02-24,17,1649.17,1714.75,27747.67,2.4,5.3,4.3,2,8,-46.0,38.5,2,1,33.3,0,1,4,0,81947.49
CUST-3118,Sanjay Agarwal,sanjay.agarwal.3118@example.com,23,Female,Mumbai,Basic,2025-08-31,11,1847.01,1920.46,20108.24,7.1,15.8,10.0,3,8,-30.4,41.8,0,0,11.0,0,0,5,0,94095.88
CUST-3119,Divya Verma,divya.verma.3119@example.com,27,Male,Delhi NCR,Basic,2025-07-15,12,1582.11,1645.02,18790.14,1.7,3.8,17.1,25,10,-4.7,34.0,2,1,20.3,1,1,4,0,86350.73
CUST-3120,Meera Mishra,meera.mishra.3120@example.com,59,Male,Hyderabad,Basic,2026-06-02,2,1577.76,1640.5,3123.08,5.0,11.1,2.0,0,2,-47.4,4.1,1,1,13.6,1,1,2,0,19460.29
CUST-3121,Neha Kumar,neha.kumar.3121@example.com,45,Female,Bengaluru,Standard,2025-10-10,9,4298.94,4469.89,38292.7,2.8,6.2,16.8,0,7,-31.7,26.7,0,0,12.0,1,1,4,0,207260.21
CUST-3122,Siddharth Bose,siddharth.bose.3122@example.com,39,Male,Kolkata,Basic,2026-05-30,2,1715.0,1783.2,3394.74,0.6,1.3,19.8,0,2,30.2,26.8,0,0,31.6,1,0,4,0,75356.91
CUST-3123,Sanjay Mehta,sanjay.mehta.3123@example.com,48,Female,Chandigarh,Basic,2026-01-08,6,1541.97,1603.29,9156.71,3.0,6.7,7.8,2,1,-5.1,57.2,3,1,35.0,0,1,3,0,63831.22
CUST-3124,Pooja Mishra,pooja.mishra.3124@example.com,29,Male,Delhi NCR,Premium,2023-10-13,33,10820.04,11250.3,353390.55,4.0,8.9,10.6,3,8,10.1,52.1,2,1,28.6,0,0,3,0,603383.44
CUST-3125,Simran Reddy,simran.reddy.3125@example.com,49,Male,Delhi NCR,Standard,2025-07-09,12,3640.08,3784.83,43231.9,7.1,15.8,19.6,0,9,-36.6,4.8,0,0,3.1,1,0,3,0,202853.6
CUST-3126,Sanjay Kumar,sanjay.kumar.3126@example.com,31,Male,Delhi NCR,Standard,2024-11-10,20,4214.62,4382.21,83425.83,8.0,17.8,25.9,5,7,-3.5,32.7,3,0,15.4,1,0,4,0,227157.21
CUST-3127,Rajesh Mishra,rajesh.mishra.3127@example.com,38,Male,Ahmedabad,Basic,2025-07-23,12,1617.19,1681.5,19206.77,3.9,8.7,12.2,6,4,-5.8,30.0,2,1,19.4,0,0,5,0,78171.5
CUST-3128,Rahul Pandey,rahul.pandey.3128@example.com,50,Female,Jaipur,Standard,2026-03-24,4,4448.73,4625.63,17611.98,1.3,2.9,25.2,10,7,-24.3,88.9,2,0,14.2,1,0,5,0,190871.75
CUST-3129,Tanvi Mehta,tanvi.mehta.3129@example.com,27,Female,Chandigarh,Basic,2025-06-15,13,1493.94,1553.35,19221.56,1.5,3.3,23.5,27,4,-3.4,49.0,4,2,41.5,2,1,2,0,29033.13
CUST-3130,Vikram Rao,vikram.rao.3130@example.com,35,Male,Mumbai,Basic,2024-12-01,20,1573.38,1635.95,31144.1,5.8,12.9,22.5,7,7,-55.0,16.1,1,1,36.9,0,0,3,1,60725.57
CUST-3131,Aarav Sharma,aarav.sharma.3131@example.com,43,Male,Chandigarh,Standard,2026-04-16,3,4277.28,4447.37,12699.92,5.7,12.7,14.8,0,4,10.3,23.4,1,1,53.4,0,1,4,0,195833.11
CUST-3132,Simran Deshmukh,simran.deshmukh.3132@example.com,27,Male,Chandigarh,Enterprise,2024-07-18,24,28509.32,29642.99,677189.51,2.9,6.5,7.3,0,9,-13.2,32.9,0,0,5.2,0,0,3,0,1200000.0
CUST-3133,Manish Patel,manish.patel.3133@example.com,47,Male,Bengaluru,Standard,2025-07-22,12,4681.79,4867.96,55603.91,1.7,3.8,40.7,11,5,-9.2,50.7,1,1,38.8,0,1,4,0,215523.2
CUST-3134,Rohan Das,rohan.das.3134@example.com,33,Male,Jaipur,Basic,2026-06-17,1,1736.2,1805.24,1718.35,6.3,14.0,28.9,7,7,21.8,53.6,3,0,14.4,2,0,4,0,79031.14
CUST-3135,Arjun Nair,arjun.nair.3135@example.com,56,Female,Chennai,Premium,2025-08-24,11,9174.97,9539.81,99887.11,1.6,3.6,33.1,1,8,10.1,46.8,3,1,15.4,0,0,3,0,499411.61
CUST-3136,Kavya Agarwal,kavya.agarwal.3136@example.com,35,Female,Jaipur,Basic,2025-11-15,8,1873.46,1947.96,14833.6,3.3,7.3,21.1,2,5,-10.9,37.0,2,0,42.1,0,1,5,0,86049.77
CUST-3137,Meera Sharma,meera.sharma.3137@example.com,43,Female,Chennai,Premium,2026-02-28,5,10772.1,11200.45,53306.79,5.2,11.6,20.2,10,1,-33.3,38.7,3,0,37.1,1,1,4,0,373459.48
CUST-3138,Simran Nair,simran.nair.3138@example.com,44,Male,Mumbai,Standard,2024-10-15,21,3963.04,4120.63,82368.26,0.2,0.5,27.4,6,4,35.2,38.9,1,0,12.6,1,0,3,0,196208.41
CUST-3139,Rhea Nair,rhea.nair.3139@example.com,28,Female,Bengaluru,Standard,2023-10-19,33,3872.18,4026.16,126468.28,6.2,13.8,2.0,6,3,-39.5,0.0,2,1,15.3,0,0,4,0,166661.29
CUST-3140,Priya Chopra,priya.chopra.3140@example.com,46,Female,Ahmedabad,Standard,2024-10-18,21,4038.62,4199.22,83939.12,9.2,20.5,9.7,1,7,15.6,40.5,2,1,2.9,0,0,3,0,222846.56
CUST-3141,Rhea Malhotra,rhea.malhotra.3141@example.com,34,Female,Delhi NCR,Enterprise,2024-04-18,27,26456.96,27509.02,706994.16,4.4,9.8,13.2,7,6,-46.7,28.1,1,1,39.1,0,0,3,0,1200000.0
CUST-3142,Simran Iyer,simran.iyer.3142@example.com,42,Male,Bengaluru,Premium,2023-09-14,34,10778.82,11207.44,362712.28,4.1,9.1,17.0,11,6,23.7,2.3,4,1,1.0,0,1,4,0,567084.82
CUST-3143,Vikram Kapoor,vikram.kapoor.3143@example.com,31,Female,Ahmedabad,Standard,2023-09-02,35,4688.53,4874.97,162411.53,4.3,9.6,12.3,16,2,26.3,100.0,0,0,14.3,0,1,4,0,241847.56
CUST-3144,Sanjay Singh,sanjay.singh.3144@example.com,30,Female,Bengaluru,Standard,2026-06-02,2,4790.55,4981.05,9482.6,4.7,10.5,25.7,10,6,-55.6,49.5,0,0,5.3,0,0,5,0,214302.25
CUST-3145,Divya Chopra,divya.chopra.3145@example.com,36,Female,Ahmedabad,Standard,2025-10-29,9,3979.74,4137.99,35449.44,2.7,6.0,22.9,6,8,10.6,42.3,4,2,48.7,0,0,2,0,190754.16
CUST-3146,Aarav Agarwal,aarav.agarwal.3146@example.com,23,Male,Bengaluru,Standard,2026-06-20,1,4429.74,4605.89,4384.2,1.8,4.0,37.3,8,5,8.3,33.1,0,0,38.1,0,0,4,0,194551.46
CUST-3147,Varun Reddy,varun.reddy.3147@example.com,46,Male,Jaipur,Premium,2025-09-28,10,8991.24,9348.78,88988.05,3.5,7.8,49.2,4,9,17.7,59.5,1,0,1.0,0,0,5,0,460503.4
CUST-3148,Kavya Patel,kavya.patel.3148@example.com,34,Male,Jaipur,Basic,2023-06-12,37,1406.3,1462.22,51498.17,4.5,10.0,8.1,1,2,8.2,14.1,2,1,25.0,1,1,4,0,70785.49
CUST-3149,Siddharth Bose,siddharth.bose.3149@example.com,55,Male,Jaipur,Basic,2026-03-26,4,1708.06,1775.98,6762.0,2.1,4.7,23.6,16,7,-28.9,34.5,3,2,35.2,0,1,3,0,54758.95
CUST-3150,Amit Rao,amit.rao.3150@example.com,55,Female,Delhi NCR,Enterprise,2025-04-20,15,23750.28,24694.71,352591.73,1.4,3.1,23.6,5,6,-8.1,19.1,1,0,12.5,0,0,5,0,1024152.35
CUST-3151,Siddharth Saxena,siddharth.saxena.3151@example.com,56,Male,Hyderabad,Enterprise,2025-04-09,15,28341.22,29468.2,420747.87,3.3,7.3,21.8,6,6,44.6,59.3,1,0,8.3,1,0,3,0,1200000.0
CUST-3152,Manish Bhatia,manish.bhatia.3152@example.com,59,Male,Pune,Basic,2026-04-25,3,1689.05,1756.21,5015.06,1.4,3.1,10.1,34,4,-33.0,22.2,5,1,42.8,0,1,4,1,31480.85
CUST-3153,Sanjay Patel,sanjay.patel.3153@example.com,24,Male,Chennai,Basic,2026-03-20,4,1774.2,1844.75,7023.84,5.6,12.5,11.9,31,10,7.0,68.4,1,1,17.7,1,0,4,0,91269.12
CUST-3154,Meera Mehta,meera.mehta.3154@example.com,27,Male,Jaipur,Enterprise,2025-10-08,9,23720.15,24663.38,211286.65,0.2,0.5,24.6,6,9,30.2,39.6,1,0,39.8,0,0,5,0,1200000.0
CUST-3155,Priya Iyer,priya.iyer.3155@example.com,40,Male,Hyderabad,Standard,2026-05-02,3,4695.7,4882.42,13942.28,1.7,3.8,11.6,0,6,-29.7,60.6,1,1,16.1,0,0,3,0,216638.17
CUST-3156,Neha Sharma,neha.sharma.3156@example.com,24,Female,Chennai,Standard,2025-06-24,13,4997.74,5196.47,64302.69,7.2,16.0,23.8,3,8,-41.7,51.6,3,2,41.3,0,0,3,1,254461.9
CUST-3157,Aditya Mehta,aditya.mehta.3157@example.com,39,Female,Bengaluru,Basic,2025-09-08,10,1795.6,1867.0,17771.4,3.7,8.2,19.3,20,8,-37.5,67.4,2,1,34.0,0,1,4,0,74984.28
CUST-3158,Shreya Joshi,shreya.joshi.3158@example.com,30,Male,Mumbai,Premium,2025-09-01,11,10467.04,10883.26,113953.77,4.6,10.2,23.6,2,4,9.1,19.6,2,1,16.0,0,0,3,0,448501.03
CUST-3159,Vikram Pandey,vikram.pandey.3159@example.com,33,Male,Ahmedabad,Basic,2026-04-26,3,1696.51,1763.97,5037.21,3.9,8.7,11.5,54,5,-37.7,63.7,1,1,2.7,2,1,2,1,6086.51
CUST-3160,Harsh Singh,harsh.singh.3160@example.com,26,Male,Hyderabad,Basic,2025-08-08,11,1570.39,1632.84,17096.7,2.9,6.5,23.7,0,2,-5.8,0.0,2,1,13.7,0,0,2,1,43576.74
CUST-3161,Vikram Deshmukh,vikram.deshmukh.3161@example.com,24,Male,Chandigarh,Basic,2026-06-13,1,1732.36,1801.25,1714.55,6.5,14.5,12.3,6,4,36.4,43.0,2,0,1.8,0,0,4,0,75324.31
CUST-3162,Karan Chopra,karan.chopra.3162@example.com,32,Female,Kolkata,Enterprise,2024-01-20,30,28835.4,29982.03,856168.72,3.0,6.7,23.8,5,6,-3.4,28.9,1,0,25.9,1,1,4,0,1200000.0
CUST-3163,Tara Saxena,tara.saxena.3163@example.com,51,Female,Hyderabad,Premium,2026-01-17,6,10088.1,10489.25,59906.34,2.5,5.6,36.7,2,2,-23.8,8.3,2,1,19.4,1,1,3,0,307899.44
CUST-3164,Ananya Pandey,ananya.pandey.3164@example.com,25,Female,Jaipur,Premium,2024-03-25,28,10607.1,11028.89,293945.5,5.6,12.5,24.9,22,2,1.5,20.6,0,0,32.5,0,0,5,0,540470.4
CUST-3165,Rahul Bose,rahul.bose.3165@example.com,26,Female,Jaipur,Standard,2025-02-16,17,4227.21,4395.3,71123.79,0.2,0.5,25.5,7,10,-3.9,26.6,1,1,30.9,0,1,4,0,236975.77
CUST-3166,Meera Deshmukh,meera.deshmukh.3166@example.com,22,Male,Hyderabad,Enterprise,2024-10-16,21,23560.02,24496.88,489674.03,3.6,8.0,31.0,1,7,10.7,37.3,1,1,21.7,2,1,3,0,1200000.0
CUST-3167,Rajesh Das,rajesh.das.3167@example.com,48,Female,Ahmedabad,Premium,2026-01-23,6,9859.97,10252.05,58551.63,3.1,6.9,6.6,3,10,43.3,29.4,1,0,17.0,0,1,4,0,596538.27
CUST-3168,Kavya Deshmukh,kavya.deshmukh.3168@example.com,49,Female,Chennai,Premium,2026-03-28,4,8933.89,9289.14,35368.18,3.6,8.0,40.9,9,5,9.1,43.9,4,1,8.1,0,0,3,0,420990.3
CUST-3169,Meera Iyer,meera.iyer.3169@example.com,50,Female,Bengaluru,Enterprise,2025-11-12,8,25862.76,26891.19,204775.02,3.2,7.1,10.4,2,3,54.9,22.1,1,0,13.7,1,0,4,0,1200000.0
CUST-3170,Karan Mehta,karan.mehta.3170@example.com,39,Male,Kolkata,Standard,2026-06-21,1,3623.47,3767.56,3586.22,5.0,11.1,31.7,15,3,10.7,30.6,3,1,25.7,0,1,3,0,128100.54
CUST-3171,Simran Das,simran.das.3171@example.com,33,Female,Bengaluru,Standard,2023-07-19,36,4134.87,4299.29,147325.01,6.5,14.5,30.2,1,7,-23.5,35.1,2,0,11.4,3,0,2,0,233166.83
CUST-3172,Arjun Singh,arjun.singh.3172@example.com,34,Female,Delhi NCR,Enterprise,2025-12-12,7,29575.83,30751.91,204902.43,5.2,11.6,12.1,2,3,62.1,46.4,2,0,9.2,0,0,4,0,1200000.0
CUST-3173,Aditi Kapoor,aditi.kapoor.3173@example.com,23,Female,Ahmedabad,Premium,2022-07-20,48,9808.49,10198.52,465967.38,3.5,7.8,33.1,1,10,-5.5,62.4,1,0,28.1,1,0,2,0,690393.89
CUST-3174,Sanjay Singh,sanjay.singh.3174@example.com,58,Male,Jaipur,Standard,2024-10-26,21,3612.82,3756.48,75089.25,5.5,12.2,27.5,0,5,-31.5,62.5,2,1,12.7,0,0,3,0,191900.87
CUST-3175,Rahul Reddy,rahul.reddy.3175@example.com,37,Female,Delhi NCR,Basic,2026-05-24,2,1595.6,1659.05,3158.39,5.8,12.9,42.8,2,2,63.1,47.7,1,1,31.0,0,0,4,0,60346.89
CUST-3176,Tanvi Malhotra,tanvi.malhotra.3176@example.com,45,Female,Bengaluru,Standard,2025-03-30,16,4007.03,4166.37,63453.37,5.0,11.1,24.1,53,3,-22.5,52.3,1,1,37.2,1,0,4,1,69714.52
CUST-3177,Priya Sharma,priya.sharma.3177@example.com,56,Female,Bengaluru,Standard,2026-02-07,5,4267.5,4437.2,21118.14,6.4,14.2,20.8,0,4,-23.6,49.5,3,1,29.9,3,0,1,1,68028.81
CUST-3178,Aditya Kapoor,aditya.kapoor.3178@example.com,43,Female,Kolkata,Basic,2026-03-31,4,1561.42,1623.51,6181.47,0.2,0.5,16.3,1,1,-17.4,34.4,1,0,1.5,0,1,4,0,58887.29
CUST-3179,Sneha Chopra,sneha.chopra.3179@example.com,57,Female,Pune,Premium,2026-02-13,5,11034.51,11473.3,54605.35,4.3,9.6,2.8,2,4,2.6,63.6,2,0,17.4,2,0,3,0,453028.53
CUST-3180,Tanvi Gupta,tanvi.gupta.3180@example.com,32,Male,Bengaluru,Basic,2023-09-02,35,1370.7,1425.21,47481.3,4.8,10.7,18.5,7,4,24.1,20.1,1,0,26.7,0,1,4,0,75741.32
CUST-3181,Harsh Nair,harsh.nair.3181@example.com,50,Female,Chennai,Standard,2025-09-19,10,4555.88,4737.04,45090.43,1.1,2.4,19.0,10,3,-76.2,0.0,3,1,20.5,0,0,3,1,60527.93
CUST-3182,Rajesh Bhatia,rajesh.bhatia.3182@example.com,56,Male,Chennai,Standard,2025-03-12,16,4790.24,4980.72,75855.9,4.7,10.5,24.9,10,10,23.9,17.0,2,1,13.8,0,0,4,0,298866.98
CUST-3183,Isha Bose,isha.bose.3183@example.com,36,Female,Hyderabad,Standard,2026-02-13,5,4941.7,5138.21,24454.48,6.1,13.6,6.3,0,9,-17.5,75.7,3,0,5.3,2,1,4,0,212011.7
CUST-3184,Varun Patel,varun.patel.3184@example.com,52,Male,Kolkata,Basic,2025-08-25,11,1442.3,1499.65,15702.2,3.7,8.2,19.4,7,3,-13.6,34.9,1,0,19.9,1,0,3,1,52490.28
CUST-3185,Nikhil Reddy,nikhil.reddy.3185@example.com,37,Male,Kolkata,Standard,2025-12-22,7,4342.74,4515.43,30086.66,5.6,12.5,28.3,7,2,46.0,48.6,3,1,20.0,0,0,3,0,154950.86
CUST-3186,Arjun Mishra,arjun.mishra.3186@example.com,31,Female,Jaipur,Basic,2026-01-22,6,1371.97,1426.53,8147.19,6.3,14.0,29.4,5,7,4.0,35.4,0,0,8.6,0,0,3,0,63169.77
CUST-3187,Kavya Gupta,kavya.gupta.3187@example.com,53,Female,Bengaluru,Basic,2026-03-30,4,1611.0,1675.06,6377.75,7.0,15.6,2.0,3,9,10.5,55.5,6,2,6.8,0,0,3,0,84086.54
CUST-3188,Pooja Mishra,pooja.mishra.3188@example.com,23,Female,Pune,Basic,2025-11-07,8,1414.92,1471.18,11202.99,6.6,14.7,29.8,11,6,-3.4,43.7,2,1,45.6,1,0,3,0,61182.78
CUST-3189,Karan Iyer,karan.iyer.3189@example.com,45,Female,Chandigarh,Basic,2025-03-30,16,1788.7,1859.83,28324.98,7.1,15.8,19.3,3,5,19.4,40.4,2,0,12.2,0,1,4,0,97283.57
CUST-3190,Aditi Singh,aditi.singh.3190@example.com,44,Female,Delhi NCR,Basic,2026-03-30,4,1408.84,1464.86,5577.43,3.2,7.1,20.0,1,1,43.3,56.7,3,0,25.8,0,0,4,0,55373.48
CUST-3191,Sanjay Deshmukh,sanjay.deshmukh.3191@example.com,23,Male,Kolkata,Standard,2022-07-23,48,4317.52,4489.21,205110.42,3.4,7.6,2.0,2,3,-71.3,30.8,1,0,32.1,1,0,4,0,215802.23
CUST-3192,Shreya Kapoor,shreya.kapoor.3192@example.com,59,Male,Hyderabad,Enterprise,2026-05-26,2,27058.51,28134.49,53560.67,0.2,0.5,38.4,4,9,28.4,50.9,1,0,56.9,0,1,5,0,1200000.0
CUST-3193,Amit Joshi,amit.joshi.3193@example.com,52,Male,Hyderabad,Standard,2025-09-19,10,4959.07,5156.27,49080.88,2.0,4.5,23.9,1,8,41.3,37.8,2,0,24.2,1,0,4,0,277320.21
CUST-3194,Manish Deshmukh,manish.deshmukh.3194@example.com,47,Male,Bengaluru,Premium,2026-05-26,2,10162.06,10566.15,20115.18,6.8,15.1,5.2,7,9,12.0,39.4,1,0,20.0,0,1,4,0,546373.07
CUST-3195,Shreya Malhotra,shreya.malhotra.3195@example.com,50,Female,Bengaluru,Standard,2026-06-12,1,4001.98,4161.12,3960.84,2.9,6.5,26.1,16,8,-21.0,22.4,1,0,1.0,0,0,4,0,190160.47
CUST-3196,Rohan Patel,rohan.patel.3196@example.com,24,Female,Chandigarh,Premium,2023-08-01,36,8857.53,9209.75,315592.92,5.0,11.1,25.8,6,1,-34.3,36.8,7,3,15.7,0,1,1,1,248768.91
CUST-3197,Meera Mishra,meera.mishra.3197@example.com,35,Female,Mumbai,Standard,2024-07-22,24,3778.6,3928.86,89754.1,4.7,10.5,35.4,4,8,64.1,29.0,2,0,1.0,0,0,4,0,235086.7
CUST-3198,Ananya Gupta,ananya.gupta.3198@example.com,46,Male,Mumbai,Standard,2025-02-14,17,4657.96,4843.18,78371.25,6.8,15.1,18.6,11,8,-27.3,69.1,2,0,14.0,0,0,4,0,252293.97
CUST-3199,Vikram Rao,vikram.rao.3199@example.com,22,Male,Bengaluru,Basic,2024-02-18,29,1711.51,1779.57,49123.53,0.2,0.5,22.1,10,5,40.5,1.6,1,0,4.0,1,1,4,0,84771.83
CUST-3200,Vikram Iyer,vikram.iyer.3200@example.com,24,Female,Ahmedabad,Basic,2024-08-08,23,1669.07,1735.44,37993.96,4.9,10.9,14.9,3,6,8.9,63.3,2,1,18.2,1,0,3,0,84502.59
CUST-3201,Isha Deshmukh,isha.deshmukh.3201@example.com,47,Female,Chennai,Standard,2025-04-19,15,3656.26,3801.65,54280.08,4.9,10.9,28.6,6,2,55.3,0.1,3,1,41.2,1,1,4,0,165838.19
CUST-3202,Siddharth Bose,siddharth.bose.3202@example.com,39,Male,Chennai,Standard,2024-04-25,27,4666.79,4852.36,124707.95,2.4,5.3,13.4,9,1,-10.9,54.9,2,0,22.2,0,1,5,0,206609.71
CUST-3203,Deepak Das,deepak.das.3203@example.com,30,Female,Chandigarh,Premium,2025-12-28,7,10120.82,10523.27,70117.41,6.2,13.8,12.2,2,8,-47.0,21.9,2,1,23.8,2,1,4,0,443001.37
CUST-3204,Manish Saxena,manish.saxena.3204@example.com,59,Female,Chandigarh,Basic,2025-07-19,12,1854.8,1928.56,22028.78,1.3,2.9,21.3,3,7,-1.9,55.6,0,0,18.3,0,1,5,0,87516.59
CUST-3205,Amit Rao,amit.rao.3205@example.com,44,Male,Jaipur,Basic,2024-10-25,21,1657.18,1723.08,34443.01,6.4,14.2,8.5,0,4,-43.6,39.1,1,0,7.6,0,0,4,0,81118.94
CUST-3206,Rohan Malhotra,rohan.malhotra.3206@example.com,42,Female,Pune,Standard,2026-05-11,2,4024.53,4184.56,7966.31,0.2,0.5,39.6,32,7,73.0,7.6,1,0,10.3,0,0,4,0,175676.55
CUST-3207,Tanvi Deshmukh,tanvi.deshmukh.3207@example.com,22,Male,Hyderabad,Premium,2024-03-31,28,9300.76,9670.6,257744.02,2.3,5.1,43.2,0,2,15.6,74.6,2,1,7.4,1,1,3,0,480275.24
CUST-3208,Shreya Bose,shreya.bose.3208@example.com,42,Female,Chennai,Standard,2026-04-21,3,3845.22,3998.12,11417.07,3.9,8.7,17.0,1,2,19.8,60.6,2,1,33.3,0,0,4,0,150537.02
CUST-3209,Manish Kapoor,manish.kapoor.3209@example.com,48,Male,Ahmedabad,Standard,2024-03-29,28,4610.93,4794.28,127778.76,4.7,10.5,6.7,4,7,19.8,54.1,1,0,37.2,0,0,4,0,226146.08
CUST-3210,Harsh Deshmukh,harsh.deshmukh.3210@example.com,27,Male,Bengaluru,Basic,2026-01-23,6,1720.41,1788.82,10216.34,0.3,0.7,25.7,15,3,-21.4,26.6,3,2,48.3,0,0,4,0,37878.17
CUST-3211,Aditya Chauhan,aditya.chauhan.3211@example.com,57,Female,Kolkata,Standard,2026-01-12,6,3879.94,4034.23,23040.31,6.4,14.2,16.7,3,6,-5.7,61.5,3,2,32.3,0,1,3,0,160004.43
CUST-3212,Pooja Chopra,pooja.chopra.3212@example.com,49,Male,Ahmedabad,Premium,2026-05-31,2,8598.29,8940.2,17019.79,5.8,12.9,34.9,10,7,1.1,11.2,2,0,27.5,0,1,4,0,415833.47
CUST-3213,Rohan Verma,rohan.verma.3213@example.com,38,Female,Jaipur,Premium,2023-12-11,31,8341.64,8673.34,255932.39,8.2,18.3,13.3,8,7,52.4,0.0,1,0,22.5,0,1,5,0,472041.4
CUST-3214,Rhea Iyer,rhea.iyer.3214@example.com,24,Male,Ahmedabad,Basic,2026-04-25,3,1827.57,1900.24,5426.34,5.7,12.7,28.0,7,10,-34.4,4.5,1,1,26.1,0,1,4,0,95465.48
CUST-3215,Rhea Nair,rhea.nair.3215@example.com,33,Male,Kolkata,Standard,2025-05-13,14,3925.32,4081.41,54389.52,2.7,6.0,23.3,13,4,-22.4,19.9,3,1,28.2,1,0,3,1,136954.8
CUST-3216,Simran Joshi,simran.joshi.3216@example.com,33,Male,Delhi NCR,Standard,2025-04-20,15,4080.81,4243.08,60582.86,2.0,4.5,14.6,0,3,-12.2,23.9,2,1,8.2,1,0,3,1,150660.51
CUST-3217,Manish Agarwal,manish.agarwal.3217@example.com,23,Male,Mumbai,Basic,2026-02-23,5,1496.27,1555.77,7404.44,3.3,7.3,24.6,19,1,-20.9,31.6,2,2,26.2,1,0,3,1,14260.04
CUST-3218,Meera Mishra,meera.mishra.3218@example.com,43,Female,Delhi NCR,Standard,2022-07-30,48,4178.03,4344.17,198483.73,8.8,19.6,31.7,13,7,-42.8,32.6,1,0,7.8,0,1,5,0,257222.2
CUST-3219,Rohan Mishra,rohan.mishra.3219@example.com,44,Male,Hyderabad,Standard,2026-06-08,1,4598.52,4781.38,4551.24,4.3,9.6,23.0,20,9,-77.7,26.4,1,0,1.0,0,1,4,1,169812.67
CUST-3220,Swati Sharma,swati.sharma.3220@example.com,51,Female,Hyderabad,Basic,2025-05-27,14,1805.86,1877.67,25022.13,4.4,9.8,23.1,11,1,-53.2,0.0,0,0,22.9,1,1,5,0,50543.9
CUST-3221,Rohan Kapoor,rohan.kapoor.3221@example.com,26,Female,Chennai,Premium,2025-09-27,10,8674.22,9019.15,85850.45,7.1,15.8,12.4,15,5,28.8,46.6,2,0,24.4,0,1,5,0,392416.68
CUST-3222,Ananya Kumar,ananya.kumar.3222@example.com,30,Female,Kolkata,Basic,2026-03-25,4,1709.23,1777.2,6766.63,1.8,4.0,34.6,1,4,-2.2,35.6,0,0,1.0,0,1,4,0,74667.66
CUST-3223,Arjun Singh,arjun.singh.3223@example.com,42,Male,Hyderabad,Enterprise,2026-04-28,3,25583.9,26601.24,75962.65,5.3,11.8,33.5,2,10,21.4,25.3,2,0,15.8,0,1,4,0,1200000.0
CUST-3224,Meera Bhatia,meera.bhatia.3224@example.com,32,Female,Chandigarh,Premium,2024-12-25,19,11187.42,11632.29,210375.75,5.3,11.8,17.5,2,2,-18.3,75.6,1,0,11.9,0,0,4,0,529755.48
CUST-3225,Harsh Das,harsh.das.3225@example.com,26,Male,Chennai,Premium,2023-08-22,35,9040.59,9400.09,313167.68,6.2,13.8,20.6,0,7,-4.8,36.2,1,0,8.5,0,0,3,0,537665.92
CUST-3226,Siddharth Singh,siddharth.singh.3226@example.com,56,Male,Jaipur,Basic,2026-05-30,2,1352.87,1406.67,2677.92,6.0,13.4,37.6,9,7,43.2,43.4,3,1,4.2,0,1,3,0,55576.78
CUST-3227,Sanjay Rao,sanjay.rao.3227@example.com,48,Male,Chennai,Enterprise,2026-03-25,4,27010.77,28084.85,106932.34,4.1,9.1,9.5,1,8,41.5,61.1,0,0,16.7,1,1,4,0,1172605.03
CUST-3228,Amit Bhatia,amit.bhatia.3228@example.com,23,Male,Delhi NCR,Premium,2022-07-13,48,8573.85,8914.79,407313.91,1.3,2.9,28.6,0,3,24.4,6.2,3,0,16.2,0,1,4,0,499150.13
CUST-3229,Priya Mehta,priya.mehta.3229@example.com,45,Male,Bengaluru,Basic,2026-06-11,1,1372.44,1427.01,1358.33,3.0,6.7,15.9,11,6,3.7,41.5,3,1,19.5,0,1,5,0,52123.89
CUST-3230,Kavya Verma,kavya.verma.3230@example.com,52,Female,Chandigarh,Standard,2025-09-18,10,4576.43,4758.41,45293.82,6.0,13.4,41.6,17,4,12.5,61.0,2,1,33.7,0,0,4,0,182462.16
CUST-3231,Vikram Gupta,vikram.gupta.3231@example.com,54,Male,Chandigarh,Basic,2025-08-14,11,1733.28,1802.2,18870.07,8.1,18.0,22.7,10,3,8.4,39.8,0,0,25.2,1,1,4,0,75880.2
CUST-3232,Aditi Singh,aditi.singh.3232@example.com,51,Male,Pune,Enterprise,2026-02-18,5,26530.06,27585.02,131286.59,1.6,3.6,35.9,13,4,-6.7,10.7,5,1,1.6,0,1,3,0,1060877.62
CUST-3233,Karan Kumar,karan.kumar.3233@example.com,58,Female,Chandigarh,Premium,2025-03-31,16,10231.05,10637.89,162013.91,1.5,3.3,13.6,6,1,-13.3,30.4,2,0,25.2,0,0,4,0,405889.26
CUST-3234,Amit Das,amit.das.3234@example.com,49,Male,Chandigarh,Enterprise,2023-03-01,41,27208.51,28290.45,1104080.5,0.9,2.0,8.3,16,7,29.4,46.5,0,0,4.5,0,0,5,0,1200000.0
CUST-3235,Meera Reddy,meera.reddy.3235@example.com,52,Male,Delhi NCR,Premium,2025-11-01,9,10082.75,10483.69,89811.85,2.6,5.8,19.4,5,7,-38.3,0.0,0,0,12.7,1,0,3,0,441769.36
CUST-3236,Rohan Deshmukh,rohan.deshmukh.3236@example.com,32,Male,Ahmedabad,Standard,2024-11-10,20,4434.28,4610.61,87773.87,6.2,13.8,24.9,33,7,39.6,9.5,2,0,35.8,1,0,3,0,219334.18
CUST-3237,Aditya Rao,aditya.rao.3237@example.com,44,Female,Chandigarh,Basic,2025-05-02,15,1698.42,1765.96,25214.39,7.0,15.6,16.4,0,2,-9.7,89.4,3,1,23.5,0,1,5,0,67006.04
CUST-3238,Tara Mishra,tara.mishra.3238@example.com,23,Male,Bengaluru,Basic,2025-10-22,9,1453.84,1511.65,12950.04,0.2,0.5,30.3,12,1,-38.8,53.6,2,1,36.3,0,1,4,0,40168.79
CUST-3239,Harsh Bhatia,harsh.bhatia.3239@example.com,48,Male,Mumbai,Basic,2026-06-17,1,1490.08,1549.33,1474.76,1.7,3.8,19.7,7,9,-17.3,77.6,0,0,13.0,0,0,5,0,73940.72
CUST-3240,Amit Mishra,amit.mishra.3240@example.com,56,Male,Delhi NCR,Standard,2024-12-29,19,4214.89,4382.49,79259.62,1.3,2.9,2.0,6,2,-26.5,62.8,5,2,43.2,0,0,3,1,152483.91
CUST-3241,Rohan Rao,rohan.rao.3241@example.com,23,Female,Delhi NCR,Enterprise,2025-12-26,7,26402.56,27452.45,182917.9,2.4,5.3,28.1,9,5,-18.1,51.5,1,0,15.3,0,0,5,0,1200000.0
CUST-3242,Sanjay Pandey,sanjay.pandey.3242@example.com,58,Female,Ahmedabad,Enterprise,2026-03-22,4,29274.93,30439.04,115895.88,3.7,8.2,12.3,13,5,-18.6,34.6,1,1,20.8,0,1,4,0,1200000.0
CUST-3243,Aditi Chauhan,aditi.chauhan.3243@example.com,42,Female,Pune,Basic,2023-01-28,42,1541.85,1603.16,64091.96,3.4,7.6,18.0,14,8,-19.7,51.1,2,0,17.5,0,1,4,0,90174.91
CUST-3244,Neha Kumar,neha.kumar.3244@example.com,26,Male,Ahmedabad,Standard,2024-10-09,21,3826.55,3978.71,79531.43,5.3,11.8,39.1,1,1,-10.6,76.8,4,2,18.6,0,0,2,1,140875.87
CUST-3245,Pooja Gupta,pooja.gupta.3245@example.com,42,Male,Chennai,Standard,2022-09-14,46,3951.06,4108.17,179880.29,0.2,0.5,41.5,1,7,-3.8,61.8,4,0,9.8,0,0,3,0,247997.68
CUST-3246,Amit Rao,amit.rao.3246@example.com,50,Male,Mumbai,Standard,2026-02-22,5,3899.65,4054.72,19297.8,3.1,6.9,15.7,0,3,19.4,46.0,4,1,31.3,1,1,3,0,159489.14
CUST-3247,Siddharth Sharma,siddharth.sharma.3247@example.com,41,Male,Hyderabad,Standard,2024-05-26,26,4623.17,4807.01,118966.68,7.1,15.8,28.4,1,2,-8.9,37.9,0,0,26.1,0,0,5,0,245562.03
CUST-3248,Sneha Sharma,sneha.sharma.3248@example.com,59,Male,Jaipur,Standard,2025-05-20,14,4257.41,4426.71,58990.98,7.1,15.8,15.9,2,5,7.1,54.0,3,1,13.1,0,0,3,0,185822.1
CUST-3249,Sanjay Bhatia,sanjay.bhatia.3249@example.com,41,Male,Hyderabad,Enterprise,2022-07-20,48,28699.37,29840.6,1363407.64,7.7,17.1,18.8,9,4,-1.8,29.2,0,0,36.7,2,0,3,0,1200000.0
CUST-3250,Vikram Patel,vikram.patel.3250@example.com,46,Female,Pune,Premium,2023-02-12,41,9410.05,9784.24,381845.71,5.0,11.1,15.3,4,9,13.1,54.0,2,1,45.7,0,1,4,0,629282.24
CUST-3251,Karan Singh,karan.singh.3251@example.com,23,Female,Pune,Premium,2022-07-13,48,10901.46,11334.95,517890.6,2.8,6.2,3.0,10,1,-0.7,25.2,0,0,4.9,0,0,5,0,605196.33
CUST-3252,Aditya Chauhan,aditya.chauhan.3252@example.com,53,Male,Chandigarh,Basic,2022-12-29,43,1865.1,1939.27,79374.81,4.6,10.2,23.0,4,3,-20.1,33.5,3,1,18.5,0,0,3,0,102013.0
CUST-3253,Aditi Rao,aditi.rao.3253@example.com,47,Female,Ahmedabad,Basic,2026-06-18,1,1700.53,1768.15,1683.05,9.5,21.1,25.2,6,3,-27.7,17.3,3,1,23.6,0,1,4,0,52207.6
CUST-3254,Meera Singh,meera.singh.3254@example.com,27,Male,Chennai,Standard,2024-12-27,19,4808.14,4999.33,90415.49,3.1,6.9,14.6,0,4,3.9,31.4,1,0,30.6,0,0,3,0,233275.31
CUST-3255,Tara Sharma,tara.sharma.3255@example.com,24,Male,Chandigarh,Premium,2026-03-02,5,9698.91,10084.59,47996.0,8.0,17.8,34.0,11,7,33.7,25.6,3,3,46.9,0,1,1,1,472936.48
CUST-3256,Siddharth Agarwal,siddharth.agarwal.3256@example.com,54,Female,Kolkata,Enterprise,2025-01-12,18,30676.71,31896.56,546504.08,0.2,0.5,17.2,10,5,-8.4,82.6,4,1,20.3,0,0,3,0,1200000.0
CUST-3257,Ananya Verma,ananya.verma.3257@example.com,22,Male,Chennai,Standard,2022-07-26,48,4763.03,4952.43,226275.05,5.4,12.0,15.0,2,10,-21.6,20.5,3,0,1.0,3,1,3,0,308912.24
CUST-3258,Sneha Bhatia,sneha.bhatia.3258@example.com,26,Male,Pune,Premium,2026-06-29,1,11222.86,11669.14,11107.48,5.6,12.5,27.8,2,6,-9.2,51.2,0,0,1.0,0,0,4,0,502749.97
CUST-3259,Aditya Bose,aditya.bose.3259@example.com,34,Male,Pune,Standard,2025-08-01,12,4471.21,4649.01,53102.92,5.0,11.1,5.0,1,3,-17.7,19.3,2,0,19.4,0,0,4,0,230004.67
CUST-3260,Vikram Mishra,vikram.mishra.3260@example.com,40,Female,Delhi NCR,Basic,2024-12-27,19,1757.91,1827.81,33056.92,5.1,11.4,32.0,12,5,-20.7,43.1,1,0,37.8,1,0,4,0,82359.84
CUST-3261,Divya Sharma,divya.sharma.3261@example.com,33,Female,Kolkata,Premium,2026-03-01,5,9808.94,10198.99,48540.5,5.3,11.8,17.6,10,2,-42.4,49.0,3,0,16.0,2,1,3,1,160815.11
CUST-3262,Shreya Verma,shreya.verma.3262@example.com,46,Male,Chandigarh,Premium,2026-03-31,4,8915.24,9269.75,35294.35,5.4,12.0,32.9,7,4,-8.8,0.0,3,1,29.0,0,1,3,0,312395.76
CUST-3263,Rhea Malhotra,rhea.malhotra.3263@example.com,56,Female,Pune,Basic,2026-06-26,1,1535.22,1596.27,1519.44,3.5,7.8,36.2,2,3,4.6,8.5,4,2,34.5,2,1,3,1,32762.12
CUST-3264,Ananya Rao,ananya.rao.3264@example.com,33,Female,Kolkata,Basic,2026-05-14,2,1818.14,1890.44,3598.9,3.6,8.0,29.0,1,3,-32.3,19.1,2,0,1.0,0,0,5,0,67091.23
CUST-3265,Vikram Bose,vikram.bose.3265@example.com,51,Female,Mumbai,Standard,2025-04-16,15,3677.41,3823.64,54594.07,1.3,2.9,13.1,0,4,-26.6,10.7,3,3,58.9,0,1,3,1,144176.39
CUST-3266,Tara Malhotra,tara.malhotra.3266@example.com,26,Female,Jaipur,Basic,2025-09-23,10,1659.42,1725.41,16423.6,5.7,12.7,8.2,0,8,-28.5,44.0,1,1,14.5,0,1,4,0,86879.99
CUST-3267,Divya Kapoor,divya.kapoor.3267@example.com,55,Male,Ahmedabad,Enterprise,2026-06-11,1,25758.2,26782.47,25493.39,6.9,15.4,6.2,1,8,-40.8,47.8,4,2,22.4,0,0,3,1,1198771.89
CUST-3268,Arjun Chopra,arjun.chopra.3268@example.com,43,Male,Pune,Standard,2022-07-26,48,4140.33,4304.97,196692.73,7.9,17.6,34.1,0,1,-28.8,16.5,2,1,29.6,0,0,4,0,231154.15
CUST-3269,Tara Reddy,tara.reddy.3269@example.com,34,Male,Mumbai,Basic,2025-04-14,15,1813.19,1885.29,26918.24,2.5,5.6,20.5,6,5,-7.5,45.0,2,1,15.4,0,1,3,0,82976.16
CUST-3270,Vikram Pandey,vikram.pandey.3270@example.com,24,Female,Chennai,Basic,2025-08-28,11,1797.06,1868.52,19564.44,0.6,1.3,15.4,3,2,-39.6,31.8,2,0,1.0,0,0,4,0,64197.85
CUST-3271,Arjun Kapoor,arjun.kapoor.3271@example.com,41,Female,Ahmedabad,Enterprise,2026-02-06,5,27738.76,28841.79,137267.96,5.0,11.1,20.5,4,10,-5.9,39.6,0,0,27.6,1,0,3,0,1200000.0
CUST-3272,Manish Reddy,manish.reddy.3272@example.com,52,Female,Kolkata,Premium,2025-03-28,16,8958.7,9314.94,141865.6,1.8,4.0,33.9,6,6,-21.7,26.9,2,1,25.5,0,0,4,0,497368.69
CUST-3273,Rhea Bose,rhea.bose.3273@example.com,26,Female,Ahmedabad,Premium,2025-12-15,7,9596.62,9978.23,66485.73,5.4,12.0,30.6,8,3,-28.0,53.7,2,2,43.5,1,1,3,1,310364.19
CUST-3274,Sneha Iyer,sneha.iyer.3274@example.com,45,Female,Hyderabad,Basic,2025-03-03,17,1563.31,1625.47,26303.05,0.2,0.5,26.8,7,10,8.6,81.2,1,0,11.6,0,0,3,0,85049.64
CUST-3275,Arjun Kapoor,arjun.kapoor.3275@example.com,54,Female,Delhi NCR,Premium,2025-02-07,17,9212.87,9579.22,155008.67,6.5,14.5,29.0,2,10,-19.9,60.6,3,2,26.5,0,0,3,0,582670.44
CUST-3276,Swati Patel,swati.patel.3276@example.com,29,Female,Kolkata,Standard,2026-05-17,2,3742.96,3891.8,7408.96,4.5,10.0,24.0,12,9,-15.2,75.4,4,1,27.0,1,0,4,0,186648.89
CUST-3277,Simran Reddy,simran.reddy.3277@example.com,45,Female,Mumbai,Standard,2023-09-20,34,4359.27,4532.62,146691.45,0.2,0.5,25.3,18,9,34.3,8.3,1,0,20.2,0,1,5,0,275504.59
CUST-3278,Harsh Kapoor,harsh.kapoor.3278@example.com,41,Male,Pune,Enterprise,2025-09-17,10,25140.02,26139.71,248815.68,4.8,10.7,24.4,2,8,-27.8,25.8,1,1,16.3,1,0,3,0,1200000.0
CUST-3279,Nikhil Reddy,nikhil.reddy.3279@example.com,37,Male,Kolkata,Basic,2025-12-28,7,1695.79,1763.22,11748.49,4.4,9.8,22.0,0,2,41.8,55.6,1,0,6.9,1,0,4,0,69040.59
CUST-3280,Shreya Chopra,shreya.chopra.3280@example.com,33,Male,Bengaluru,Standard,2022-11-17,44,4045.87,4206.75,176188.16,5.3,11.8,30.3,17,2,-11.7,78.2,2,0,26.9,0,1,5,0,256970.8
CUST-3281,Rohan Sharma,rohan.sharma.3281@example.com,34,Female,Hyderabad,Basic,2025-10-12,9,1575.31,1637.95,14032.04,5.9,13.1,26.0,19,2,-33.8,57.6,1,1,28.0,0,0,3,1,20324.72
CUST-3282,Meera Kapoor,meera.kapoor.3282@example.com,46,Male,Mumbai,Standard,2025-01-11,18,3672.39,3818.42,65423.45,0.2,0.5,12.3,0,5,-17.5,17.4,3,1,27.3,0,1,4,0,217802.7
CUST-3283,Sneha Kapoor,sneha.kapoor.3283@example.com,53,Female,Chennai,Basic,2025-04-10,15,1869.84,1944.19,27759.26,3.2,7.1,27.8,0,10,-0.1,31.6,1,0,1.0,1,0,3,0,117421.38
CUST-3284,Aditi Kumar,aditi.kumar.3284@example.com,45,Male,Bengaluru,Enterprise,2026-04-10,3,26940.51,28011.79,79990.64,4.0,8.9,24.7,12,9,33.1,50.0,1,1,27.1,1,0,3,0,1200000.0
CUST-3285,Sneha Patel,sneha.patel.3285@example.com,30,Male,Kolkata,Standard,2022-07-24,48,3633.02,3777.49,172592.19,3.6,8.0,28.7,2,7,20.4,38.0,3,0,20.5,0,1,4,0,242216.66
CUST-3286,Aditya Rao,aditya.rao.3286@example.com,44,Female,Delhi NCR,Standard,2025-10-23,9,4356.63,4529.87,38806.57,3.5,7.8,20.9,18,7,-0.2,22.8,2,0,12.2,0,1,4,0,203637.53
CUST-3287,Arjun Chopra,arjun.chopra.3287@example.com,34,Male,Bengaluru,Premium,2025-11-15,8,10840.41,11271.48,85831.72,6.4,14.2,30.9,1,3,33.3,35.0,3,3,46.8,0,0,2,0,392092.35
CUST-3288,Arjun Kumar,arjun.kumar.3288@example.com,53,Male,Ahmedabad,Enterprise,2023-07-10,36,29258.66,30422.13,1042483.18,0.6,1.3,21.3,14,3,-54.7,41.7,4,1,15.7,0,1,3,0,1200000.0
CUST-3289,Aarav Malhotra,aarav.malhotra.3289@example.com,36,Male,Kolkata,Standard,2025-09-01,11,4580.12,4762.25,49863.37,3.6,8.0,30.0,0,10,5.0,16.0,0,0,20.1,2,1,3,0,242607.8
CUST-3290,Ananya Mishra,ananya.mishra.3290@example.com,57,Male,Mumbai,Standard,2025-01-27,18,3794.3,3945.18,67595.27,3.8,8.5,17.0,2,3,6.7,65.6,2,1,5.7,0,0,4,0,174926.11
CUST-3291,Meera Gupta,meera.gupta.3291@example.com,26,Female,Kolkata,Basic,2024-04-18,27,1694.18,1761.55,45272.6,4.0,8.9,17.7,27,1,7.0,31.4,0,0,26.9,0,1,5,0,81121.78
CUST-3292,Nikhil Pandey,nikhil.pandey.3292@example.com,43,Male,Delhi NCR,Basic,2026-03-27,4,1751.14,1820.77,6932.55,2.1,4.7,28.6,1,8,-47.1,40.3,1,0,6.7,1,0,5,0,73853.94
CUST-3293,Divya Pandey,divya.pandey.3293@example.com,37,Female,Jaipur,Standard,2026-04-21,3,4400.29,4575.27,13065.16,8.7,19.4,18.4,1,2,-30.5,66.8,1,1,29.2,0,1,4,0,148274.52
CUST-3294,Sneha Sharma,sneha.sharma.3294@example.com,31,Male,Ahmedabad,Basic,2026-06-25,1,1817.48,1889.75,1798.8,6.3,14.0,46.3,14,7,-6.7,39.0,4,3,54.9,0,0,3,0,40432.44
CUST-3295,Tara Mishra,tara.mishra.3295@example.com,45,Female,Pune,Standard,2023-11-16,32,3986.79,4145.32,126265.72,8.8,19.6,28.2,0,9,29.2,65.5,3,0,27.8,0,0,4,0,251167.56
CUST-3296,Aarav Malhotra,aarav.malhotra.3296@example.com,39,Male,Kolkata,Basic,2026-04-02,4,1476.14,1534.84,5843.86,5.5,12.2,22.3,0,2,51.6,17.3,0,0,21.2,0,1,3,0,62050.82
CUST-3297,Aditya Gupta,aditya.gupta.3297@example.com,39,Female,Delhi NCR,Standard,2026-01-12,6,4816.19,5007.7,28600.06,5.8,12.9,31.0,2,1,-20.6,52.4,0,0,25.9,0,1,4,0,202340.34
CUST-3298,Aditya Bhatia,aditya.bhatia.3298@example.com,28,Female,Bengaluru,Standard,2026-02-19,5,4474.44,4652.37,22142.2,4.2,9.4,16.7,7,5,-38.7,62.1,0,0,33.9,0,0,4,0,176932.07
CUST-3299,Divya Joshi,divya.joshi.3299@example.com,25,Male,Bengaluru,Basic,2026-01-28,6,1349.86,1403.54,8015.9,7.5,16.7,32.2,9,10,20.8,22.1,2,1,25.4,0,0,5,0,69539.03
CUST-3300,Amit Bhatia,amit.bhatia.3300@example.com,47,Female,Mumbai,Basic,2025-03-22,16,1534.37,1595.38,24297.53,5.4,12.0,31.8,15,5,71.2,37.7,2,1,35.6,1,1,3,0,70013.19
CUST-3301,Arjun Mishra,arjun.mishra.3301@example.com,26,Female,Ahmedabad,Standard,2022-11-12,44,4799.8,4990.66,209020.05,3.8,8.5,35.8,5,1,29.0,38.2,0,0,1.9,0,0,5,0,250079.92
CUST-3302,Karan Gupta,karan.gupta.3302@example.com,37,Male,Bengaluru,Standard,2026-01-31,6,3637.34,3781.98,21599.68,8.1,18.0,17.2,3,9,-23.0,47.0,0,0,7.3,0,0,3,0,189584.61
CUST-3303,Arjun Reddy,arjun.reddy.3303@example.com,56,Male,Pune,Standard,2025-12-01,8,3603.65,3746.95,28532.82,1.5,3.3,8.5,3,3,75.0,53.4,3,2,50.1,0,0,3,0,187293.15
CUST-3304,Sanjay Das,sanjay.das.3304@example.com,47,Female,Jaipur,Premium,2024-10-30,21,8984.97,9342.26,186744.6,2.7,6.0,15.3,14,2,17.2,20.1,4,1,21.0,0,0,4,0,392339.31
CUST-3305,Varun Bhatia,varun.bhatia.3305@example.com,39,Female,Jaipur,Basic,2025-11-11,8,1828.63,1901.35,14478.65,10.1,22.5,18.9,9,7,-24.1,40.6,3,0,9.7,0,1,4,0,75893.99
CUST-3306,Pooja Bhatia,pooja.bhatia.3306@example.com,50,Male,Mumbai,Basic,2023-06-23,37,1822.06,1894.51,66723.15,5.6,12.5,40.3,17,5,52.2,80.2,0,0,12.6,0,0,4,0,117991.43
CUST-3307,Priya Verma,priya.verma.3307@example.com,44,Male,Kolkata,Basic,2025-09-10,10,1621.27,1685.74,16046.03,0.2,0.5,46.1,24,4,-26.4,67.3,1,0,7.5,1,1,4,0,53373.43
CUST-3308,Rajesh Gupta,rajesh.gupta.3308@example.com,35,Female,Bengaluru,Standard,2026-01-11,6,4373.44,4547.35,25970.87,6.3,14.0,25.8,2,4,-19.4,61.1,2,1,22.0,0,0,4,1,177874.78
CUST-3309,Aditya Bose,aditya.bose.3309@example.com,36,Female,Delhi NCR,Premium,2022-07-22,48,9144.81,9508.45,434438.24,2.1,4.7,22.1,5,9,18.3,37.4,4,4,35.4,0,1,2,0,617166.76
CUST-3310,Ananya Rao,ananya.rao.3310@example.com,54,Female,Chennai,Basic,2025-11-19,8,1476.98,1535.71,11694.37,3.0,6.7,18.2,7,9,-2.7,93.1,2,1,17.2,0,0,4,0,82340.09
CUST-3311,Tara Patel,tara.patel.3311@example.com,46,Male,Jaipur,Standard,2026-03-13,4,4740.13,4928.62,18765.6,9.6,21.4,31.1,1,1,-1.0,66.7,2,0,16.9,0,0,5,0,202594.14
CUST-3312,Rahul Kumar,rahul.kumar.3312@example.com,42,Female,Chandigarh,Standard,2026-04-24,3,3747.88,3896.91,11128.05,7.7,17.1,46.1,0,10,-0.9,42.9,1,0,34.9,1,0,5,0,188853.96
CUST-3313,Vikram Chopra,vikram.chopra.3313@example.com,38,Male,Mumbai,Enterprise,2022-07-17,48,26763.28,27827.52,1271430.71,8.4,18.7,41.6,15,7,29.2,47.3,1,1,23.5,0,0,4,0,1200000.0
CUST-3314,Karan Das,karan.das.3314@example.com,44,Male,Kolkata,Premium,2024-12-01,20,10097.23,10498.74,199868.51,2.9,6.5,34.5,5,8,-67.1,31.0,5,2,11.3,0,0,3,0,441961.35
CUST-3315,Arjun Chauhan,arjun.chauhan.3315@example.com,38,Female,Hyderabad,Standard,2025-11-26,8,3744.22,3893.11,29645.82,3.6,8.0,34.4,6,5,6.0,51.4,1,1,36.1,1,0,3,0,143356.45
CUST-3316,Shreya Agarwal,shreya.agarwal.3316@example.com,35,Female,Mumbai,Standard,2024-06-08,25,4326.37,4498.41,107047.32,4.7,10.5,31.2,6,7,-10.1,56.2,1,1,33.7,0,0,4,0,238887.24
CUST-3317,Sanjay Bhatia,sanjay.bhatia.3317@example.com,50,Male,Delhi NCR,Enterprise,2025-07-11,12,27552.21,28647.82,327227.51,6.0,13.4,21.5,10,8,-23.1,58.9,2,2,22.5,0,1,4,0,1200000.0
CUST-3318,Nikhil Malhotra,nikhil.malhotra.3318@example.com,41,Male,Chennai,Enterprise,2026-01-08,6,28995.68,30148.69,172185.54,3.5,7.8,13.9,1,8,-23.1,37.7,5,1,33.5,0,0,3,0,1200000.0
CUST-3319,Rajesh Verma,rajesh.verma.3319@example.com,51,Female,Chandigarh,Standard,2024-11-27,20,3927.79,4083.98,77748.21,8.1,18.0,21.8,7,9,-75.8,6.6,0,0,14.4,0,0,5,0,228988.21
CUST-3320,Deepak Chauhan,deepak.chauhan.3320@example.com,40,Female,Jaipur,Standard,2024-11-28,20,4009.66,4169.1,79368.77,5.2,11.6,26.6,4,5,-24.4,47.8,1,0,33.3,0,1,4,0,180604.01
CUST-3321,Pooja Mishra,pooja.mishra.3321@example.com,34,Female,Ahmedabad,Standard,2025-09-26,10,4396.23,4571.05,43510.35,7.3,16.3,6.0,17,2,34.1,59.0,2,2,60.7,0,1,3,0,180979.02
CUST-3322,Pooja Nair,pooja.nair.3322@example.com,39,Female,Chandigarh,Standard,2026-06-30,1,4975.13,5172.97,4923.98,2.6,5.8,20.3,5,6,21.3,18.5,1,0,20.8,1,0,4,0,220512.1
CUST-3323,Swati Joshi,swati.joshi.3323@example.com,44,Male,Jaipur,Standard,2026-05-17,2,3903.51,4058.73,7726.76,3.3,7.3,12.9,21,1,-7.4,39.8,0,0,25.2,1,0,5,1,105647.79
CUST-3324,Karan Rao,karan.rao.3324@example.com,54,Other,Hyderabad,Basic,2024-09-22,22,1866.35,1940.57,40637.59,4.7,10.5,33.2,3,10,-41.5,74.2,0,0,35.2,0,0,3,0,110270.29
CUST-3325,Varun Chauhan,varun.chauhan.3325@example.com,39,Female,Hyderabad,Enterprise,2024-06-29,25,28749.35,29892.56,711344.8,3.2,7.1,16.0,25,6,21.0,13.1,1,0,27.5,0,0,3,0,1200000.0
CUST-3326,Simran Mehta,simran.mehta.3326@example.com,30,Female,Jaipur,Standard,2025-03-09,16,4755.33,4944.42,75303.08,6.4,14.2,25.6,15,3,34.7,35.2,3,0,21.5,0,1,4,0,229937.0
CUST-3327,Rahul Rao,rahul.rao.3327@example.com,54,Female,Ahmedabad,Premium,2024-05-14,26,8381.44,8714.73,215677.14,6.4,14.2,14.3,6,3,27.0,77.7,3,0,14.7,1,0,4,0,406968.45
CUST-3328,Rajesh Saxena,rajesh.saxena.3328@example.com,53,Female,Mumbai,Standard,2025-01-31,18,4019.58,4179.42,71608.62,3.7,8.2,39.6,3,7,-29.1,45.8,1,1,10.4,0,1,4,0,223569.31
CUST-3329,Rhea Kapoor,rhea.kapoor.3329@example.com,38,Male,Ahmedabad,Premium,2023-11-30,32,8280.95,8610.24,262266.16,5.6,12.5,3.3,3,4,-26.2,29.4,1,0,12.7,0,1,4,0,410073.45
CUST-3330,Priya Bose,priya.bose.3330@example.com,40,Male,Bengaluru,Basic,2026-04-10,3,1544.03,1605.43,4584.47,8.5,18.9,27.2,11,5,44.4,41.8,1,1,21.2,0,0,4,0,69791.0
CUST-3331,Aditi Agarwal,aditi.agarwal.3331@example.com,48,Female,Jaipur,Standard,2025-12-30,7,4972.56,5170.29,34450.08,6.4,14.2,8.0,6,6,-35.9,61.8,1,0,16.3,1,0,3,0,242120.46
CUST-3332,Kavya Verma,kavya.verma.3332@example.com,27,Male,Jaipur,Standard,2025-10-23,9,3746.45,3895.43,33371.41,5.6,12.5,16.4,3,10,11.4,37.1,2,0,1.0,0,1,5,0,182193.75
CUST-3333,Arjun Bose,arjun.bose.3333@example.com,56,Male,Ahmedabad,Standard,2026-02-09,5,4386.23,4560.65,21705.69,6.9,15.4,24.3,7,6,-51.8,56.3,1,1,19.7,0,0,4,0,192381.81
CUST-3334,Harsh Bose,harsh.bose.3334@example.com,58,Female,Pune,Premium,2025-01-01,19,8118.22,8441.04,152660.45,7.7,17.1,24.8,9,2,-10.4,47.6,2,2,28.9,0,0,3,0,290687.75
CUST-3335,Neha Mishra,neha.mishra.3335@example.com,55,Female,Pune,Basic,2023-08-30,35,1723.01,1791.53,59685.38,7.4,16.5,24.5,0,3,14.4,49.6,1,0,1.0,0,0,4,0,92764.92
CUST-3336,Rahul Rao,rahul.rao.3336@example.com,41,Male,Delhi NCR,Standard,2025-11-13,8,3875.1,4029.19,30682.1,4.0,8.9,23.7,0,1,-2.8,57.9,2,0,20.9,0,0,4,0,134284.56
CUST-3337,Aditi Saxena,aditi.saxena.3337@example.com,46,Female,Pune,Basic,2023-04-03,40,1417.09,1473.44,56100.86,6.1,13.6,14.9,0,3,12.7,34.9,3,1,35.1,0,0,5,0,84808.82
CUST-3338,Swati Singh,swati.singh.3338@example.com,25,Female,Hyderabad,Premium,2025-08-17,11,9160.59,9524.86,99730.56,3.6,8.0,20.2,1,8,-36.3,19.3,3,0,16.0,2,0,4,0,415293.26
CUST-3339,Arjun Patel,arjun.patel.3339@example.com,31,Female,Bengaluru,Basic,2025-08-14,11,1753.63,1823.36,19091.62,4.1,9.1,22.3,4,4,-25.0,53.4,4,3,25.1,0,0,2,1,35448.48
CUST-3340,Kavya Bhatia,kavya.bhatia.3340@example.com,31,Female,Jaipur,Standard,2025-06-13,13,3748.32,3897.37,48227.21,5.2,11.6,24.1,12,2,11.5,38.8,1,0,14.8,0,0,5,0,177319.66
CUST-3341,Aditya Patel,aditya.patel.3341@example.com,45,Male,Chandigarh,Basic,2026-02-10,5,1469.69,1528.13,7272.9,1.2,2.7,21.3,3,4,17.5,31.2,1,0,24.8,0,0,5,0,66440.5
CUST-3342,Manish Mishra,manish.mishra.3342@example.com,42,Male,Hyderabad,Standard,2025-12-11,7,3610.95,3754.54,25016.79,5.0,11.1,30.0,0,7,4.2,54.6,2,0,24.4,0,0,5,0,188658.36
CUST-3343,Amit Das,amit.das.3343@example.com,32,Male,Delhi NCR,Premium,2025-07-16,12,11149.27,11592.62,132415.8,2.7,6.0,23.0,4,9,24.5,72.7,2,0,15.4,0,0,4,0,645089.24
CUST-3344,Manish Chauhan,manish.chauhan.3344@example.com,48,Male,Chennai,Basic,2023-04-02,40,1659.77,1725.77,65708.27,1.7,3.8,24.2,42,5,-48.4,38.3,3,1,28.9,0,0,4,1,63573.18
CUST-3345,Sneha Deshmukh,sneha.deshmukh.3345@example.com,37,Female,Bengaluru,Standard,2025-04-27,15,4606.71,4789.9,68390.26,5.9,13.1,17.8,3,5,-15.1,42.2,0,0,8.4,0,1,4,0,256043.06
CUST-3346,Rajesh Mehta,rajesh.mehta.3346@example.com,47,Female,Pune,Basic,2026-01-11,6,1690.85,1758.09,10040.8,3.7,8.2,10.4,24,5,49.0,13.6,3,0,24.9,1,1,4,0,78061.43
CUST-3347,Aditi Saxena,aditi.saxena.3347@example.com,51,Female,Kolkata,Standard,2026-07-02,1,3801.16,3952.31,3762.08,4.7,10.5,23.7,0,10,33.9,36.7,1,0,11.1,0,1,5,0,190550.81
CUST-3348,Tara Kumar,tara.kumar.3348@example.com,37,Female,Mumbai,Standard,2022-07-16,48,4431.81,4608.04,210539.94,3.7,8.2,35.3,1,9,15.7,47.3,4,2,22.8,1,1,3,0,295138.67
CUST-3349,Swati Kumar,swati.kumar.3349@example.com,28,Female,Chandigarh,Standard,2025-09-27,10,3783.04,3933.47,37441.48,2.9,6.5,26.9,9,7,-6.4,41.5,1,0,27.4,0,1,4,0,182784.94
CUST-3350,Meera Kumar,meera.kumar.3350@example.com,37,Male,Jaipur,Standard,2023-04-02,40,4160.69,4326.14,164716.64,4.4,9.8,13.0,5,3,27.0,33.3,3,1,25.6,0,1,4,0,232066.87
CUST-3351,Arjun Verma,arjun.verma.3351@example.com,56,Male,Chennai,Standard,2025-08-02,12,4395.45,4570.23,52203.15,1.3,2.9,31.0,10,2,10.0,59.4,5,3,41.0,0,1,2,1,149123.64
CUST-3352,Rohan Kapoor,rohan.kapoor.3352@example.com,37,Female,Mumbai,Basic,2025-05-18,14,1642.32,1707.63,22756.11,4.0,8.9,18.3,14,9,-44.5,43.4,1,0,22.4,1,1,4,0,76256.51
CUST-3353,Divya Gupta,divya.gupta.3353@example.com,33,Male,Ahmedabad,Standard,2025-01-07,18,3765.76,3915.5,67086.83,8.4,18.7,29.9,2,3,25.9,100.0,4,3,39.2,0,0,2,0,144974.23
CUST-3354,Ananya Verma,ananya.verma.3354@example.com,56,Male,Ahmedabad,Basic,2026-01-11,6,1367.17,1421.54,8118.69,1.7,3.8,17.9,8,8,-26.2,47.0,1,0,4.8,0,0,4,0,56305.68
CUST-3355,Nikhil Pandey,nikhil.pandey.3355@example.com,42,Female,Bengaluru,Premium,2025-03-02,17,10613.26,11035.29,178570.55,7.2,16.0,25.9,7,4,19.3,0.0,0,0,13.3,0,0,4,0,474301.99
CUST-3356,Simran Rao,simran.rao.3356@example.com,57,Male,Bengaluru,Premium,2025-08-29,11,10385.5,10798.48,113066.05,8.6,19.1,16.3,14,5,-47.2,15.3,0,0,1.0,0,1,5,0,471095.85
CUST-3357,Rahul Malhotra,rahul.malhotra.3357@example.com,38,Female,Bengaluru,Basic,2025-03-31,16,1392.03,1447.38,22043.51,2.6,5.8,16.6,4,8,42.8,54.8,2,0,30.1,2,0,3,0,82160.48
CUST-3358,Pooja Mehta,pooja.mehta.3358@example.com,53,Male,Hyderabad,Basic,2024-05-11,26,1415.95,1472.26,36436.23,4.9,10.9,4.8,0,5,-9.7,26.6,1,0,2.7,2,1,4,0,74466.05
CUST-3359,Amit Chauhan,amit.chauhan.3359@example.com,27,Male,Hyderabad,Basic,2026-04-16,3,1817.39,1889.66,5396.12,1.5,3.3,27.6,6,10,-33.1,28.1,4,4,71.3,0,0,2,0,36266.11
CUST-3360,Swati Gupta,swati.gupta.3360@example.com,45,Male,Ahmedabad,Enterprise,2025-05-19,14,29228.71,30390.98,404995.14,1.2,2.7,26.1,23,2,-21.3,12.3,1,0,6.5,0,0,4,0,1200000.0
CUST-3361,Aditi Iyer,aditi.iyer.3361@example.com,48,Female,Bengaluru,Premium,2026-06-23,1,11236.66,11683.48,11121.14,4.6,10.2,26.7,0,6,-11.4,30.6,5,1,31.4,0,0,4,0,521982.77
CUST-3362,Rajesh Malhotra,rajesh.malhotra.3362@example.com,41,Male,Chandigarh,Standard,2026-05-22,2,3954.59,4111.84,7827.87,5.1,11.4,25.0,2,7,-2.2,46.7,2,1,46.5,0,1,4,0,203144.48
CUST-3363,Tara Bose,tara.bose.3363@example.com,46,Female,Delhi NCR,Standard,2025-03-22,16,4281.85,4452.12,67805.29,3.0,6.7,13.6,2,1,34.9,51.3,0,0,19.1,0,0,5,0,180723.89
CUST-3364,Tara Reddy,tara.reddy.3364@example.com,23,Female,Bengaluru,Basic,2026-05-14,2,1473.16,1531.74,2916.03,1.8,4.0,32.6,10,10,-0.0,17.5,1,1,20.1,2,0,3,0,61991.65
CUST-3365,Siddharth Saxena,siddharth.saxena.3365@example.com,30,Female,Jaipur,Standard,2025-06-26,13,4470.8,4648.58,57522.89,2.6,5.8,32.9,2,9,-62.8,61.3,3,2,32.4,1,1,4,0,215374.51
CUST-3366,Simran Kapoor,simran.kapoor.3366@example.com,49,Male,Chandigarh,Premium,2026-03-24,4,8462.61,8799.12,33502.44,6.1,13.6,13.3,2,6,-36.4,13.4,3,1,13.6,0,1,3,0,393876.88
CUST-3367,Vikram Patel,vikram.patel.3367@example.com,59,Male,Jaipur,Standard,2026-01-27,6,3777.2,3927.4,22430.21,6.1,13.6,27.9,7,4,75.0,52.5,3,1,1.0,0,0,3,0,176531.32
CUST-3368,Harsh Iyer,harsh.iyer.3368@example.com,24,Female,Kolkata,Premium,2026-05-14,2,8325.52,8656.58,16479.86,5.5,12.2,31.6,0,2,1.8,50.1,3,1,31.2,2,0,3,0,280521.59
CUST-3369,Isha Bhatia,isha.bhatia.3369@example.com,41,Female,Ahmedabad,Standard,2026-02-11,5,4569.88,4751.6,22614.5,3.4,7.6,16.8,1,9,24.6,19.6,1,0,1.0,0,1,4,0,273825.99
CUST-3370,Priya Joshi,priya.joshi.3370@example.com,27,Other,Bengaluru,Basic,2024-06-22,25,1608.32,1672.27,39794.64,1.9,4.2,18.7,3,6,-10.6,16.7,3,1,7.6,2,1,3,0,78890.98
CUST-3371,Tanvi Reddy,tanvi.reddy.3371@example.com,54,Male,Pune,Standard,2025-05-01,15,4463.71,4641.21,66267.31,7.0,15.6,27.9,3,9,-30.1,51.2,1,1,24.7,0,0,5,0,225503.48
CUST-3372,Swati Gupta,swati.gupta.3372@example.com,22,Female,Mumbai,Standard,2023-01-10,42,4829.81,5021.87,200766.6,7.6,16.9,5.4,3,2,-15.5,28.6,3,1,16.1,0,0,4,0,240664.48
CUST-3373,Priya Nair,priya.nair.3373@example.com,58,Male,Bengaluru,Enterprise,2026-06-17,1,28976.72,30128.97,28678.82,3.1,6.9,10.0,0,5,1.6,37.4,1,1,29.9,0,1,4,0,1200000.0
CUST-3374,Rhea Kapoor,rhea.kapoor.3374@example.com,27,Male,Delhi NCR,Standard,2024-08-21,23,4245.35,4414.17,96639.23,3.9,8.7,11.1,3,6,-14.9,58.5,1,0,35.2,1,1,4,0,206644.98
CUST-3375,Priya Malhotra,priya.malhotra.3375@example.com,55,Male,Kolkata,Standard,2025-02-16,17,4976.85,5174.75,83736.65,1.1,2.4,2.2,11,5,51.7,53.5,1,0,12.9,0,0,4,0,259760.88
CUST-3376,Aditya Deshmukh,aditya.deshmukh.3376@example.com,36,Male,Bengaluru,Standard,2026-02-27,5,4237.7,4406.21,20970.67,5.3,11.8,33.9,4,6,-19.3,20.0,0,0,8.7,1,0,3,0,170241.13
CUST-3377,Swati Patel,swati.patel.3377@example.com,47,Male,Mumbai,Standard,2024-12-31,19,3756.49,3905.87,70639.56,8.6,19.1,2.0,6,3,-31.5,40.7,2,1,45.2,0,0,4,0,154467.04
CUST-3378,Manish Chopra,manish.chopra.3378@example.com,35,Male,Mumbai,Standard,2025-01-07,18,4988.47,5186.84,88869.35,6.2,13.8,25.8,1,9,20.6,19.6,1,0,24.2,0,0,4,0,296092.79
CUST-3379,Neha Mehta,neha.mehta.3379@example.com,28,Female,Hyderabad,Enterprise,2025-10-23,9,22698.77,23601.38,202188.74,8.8,19.6,30.9,0,2,24.1,62.9,2,0,27.1,0,0,5,0,1033641.4
CUST-3380,Isha Singh,isha.singh.3380@example.com,52,Male,Delhi NCR,Basic,2025-02-19,17,1637.6,1702.72,27553.0,3.4,7.6,18.8,15,2,-1.2,78.9,1,0,26.1,0,0,4,0,68103.83
CUST-3381,Manish Iyer,manish.iyer.3381@example.com,45,Female,Delhi NCR,Basic,2025-10-10,9,1511.27,1571.37,13461.6,1.5,3.3,14.6,3,5,-18.9,21.7,0,0,13.0,0,0,4,0,66981.2
CUST-3382,Pooja Chopra,pooja.chopra.3382@example.com,52,Male,Chandigarh,Premium,2026-01-13,6,9685.11,10070.24,57513.25,7.4,16.5,24.6,3,10,-55.2,41.3,3,3,35.5,1,0,1,0,172868.94
CUST-3383,Isha Mishra,isha.mishra.3383@example.com,50,Male,Pune,Basic,2025-10-18,9,1642.23,1707.53,14628.12,4.6,10.2,22.0,15,3,32.2,64.0,9,5,44.6,0,0,1,1,23346.73
CUST-3384,Aarav Singh,aarav.singh.3384@example.com,53,Male,Delhi NCR,Basic,2023-11-11,32,1475.07,1533.73,46716.98,2.3,5.1,33.0,9,2,22.3,42.6,3,0,24.7,0,0,5,0,82460.31
CUST-3385,Isha Joshi,isha.joshi.3385@example.com,38,Male,Kolkata,Standard,2026-01-01,7,4378.51,4552.62,30334.48,8.1,18.0,2.0,10,6,-14.3,55.5,0,0,20.6,0,1,4,0,241895.19
CUST-3386,Shreya Singh,shreya.singh.3386@example.com,35,Female,Pune,Basic,2025-11-15,8,1745.77,1815.19,13822.58,2.9,6.5,11.9,8,6,-0.3,43.2,3,1,31.8,0,1,3,0,76372.06
CUST-3387,Meera Bose,meera.bose.3387@example.com,57,Male,Hyderabad,Enterprise,2025-05-14,14,24830.97,25818.37,344059.73,1.8,4.0,28.2,0,7,-8.3,16.6,0,0,1.0,2,1,4,0,1200000.0
CUST-3388,Aditya Kumar,aditya.kumar.3388@example.com,45,Male,Delhi NCR,Standard,2024-11-28,20,4135.76,4300.22,81864.85,5.5,12.2,22.6,23,4,43.6,44.9,2,1,35.2,0,0,3,0,177878.92
CUST-3389,Rhea Mishra,rhea.mishra.3389@example.com,48,Male,Hyderabad,Standard,2024-12-13,19,3974.55,4132.6,74740.1,1.5,3.3,30.3,17,8,-31.1,69.1,4,1,18.5,0,1,4,0,219885.8
CUST-3390,Rhea Malhotra,rhea.malhotra.3390@example.com,46,Female,Mumbai,Basic,2026-06-24,1,1779.61,1850.38,1761.31,6.3,14.0,24.9,2,3,-19.4,49.5,3,1,1.0,0,1,4,0,73432.46
CUST-3391,Kavya Chauhan,kavya.chauhan.3391@example.com,53,Female,Bengaluru,Basic,2025-02-26,17,1729.46,1798.23,29098.56,1.8,4.0,20.5,12,10,-22.1,81.0,4,3,24.4,3,1,1,1,44888.59
CUST-3392,Swati Chauhan,swati.chauhan.3392@example.com,39,Male,Delhi NCR,Standard,2025-10-30,9,4818.47,5010.08,42920.4,4.7,10.5,18.7,3,1,6.7,0.0,1,1,18.0,1,0,3,0,117454.68
CUST-3393,Siddharth Chauhan,siddharth.chauhan.3393@example.com,39,Male,Mumbai,Standard,2025-08-11,11,3837.11,3989.69,41774.29,4.9,10.9,47.6,8,5,-0.4,51.1,2,0,7.4,0,0,4,0,219548.27
CUST-3394,Harsh Bose,harsh.bose.3394@example.com,58,Male,Bengaluru,Premium,2025-08-01,12,8330.85,8662.12,98942.46,4.8,10.7,38.9,1,6,3.6,26.4,5,2,32.2,1,1,2,0,337039.07
CUST-3395,Neha Verma,neha.verma.3395@example.com,47,Female,Bengaluru,Basic,2024-12-15,19,1411.73,1467.87,26547.12,1.5,3.3,27.5,5,3,-26.7,21.0,1,0,21.5,0,0,3,0,54753.46
CUST-3396,Priya Joshi,priya.joshi.3396@example.com,30,Male,Mumbai,Standard,2024-06-10,25,3824.47,3976.55,94628.81,3.8,8.5,22.9,1,2,39.6,74.0,2,1,22.6,0,1,4,0,158163.33
CUST-3397,Aditya Singh,aditya.singh.3397@example.com,56,Female,Jaipur,Basic,2025-04-14,15,1628.78,1693.55,24180.53,7.1,15.8,27.9,5,3,-14.7,35.9,0,0,10.3,2,1,4,1,54781.59
CUST-3398,Rohan Joshi,rohan.joshi.3398@example.com,29,Male,Pune,Standard,2025-07-27,12,4958.04,5155.2,58884.83,3.8,8.5,31.1,2,3,31.3,33.6,1,1,25.7,1,1,4,0,216786.5
CUST-3399,Tanvi Kumar,tanvi.kumar.3399@example.com,41,Female,Jaipur,Standard,2025-12-30,7,4099.1,4262.1,28398.71,1.8,4.0,26.6,4,7,75.0,50.2,2,1,25.9,0,0,4,0,220410.09
CUST-3400,Harsh Rao,harsh.rao.3400@example.com,43,Female,Ahmedabad,Basic,2026-04-15,3,1851.98,1925.62,5498.82,3.3,7.3,13.7,8,1,-26.5,0.0,1,0,31.2,0,0,4,0,44253.77
CUST-3401,Neha Malhotra,neha.malhotra.3401@example.com,40,Female,Chennai,Standard,2022-10-14,45,3652.57,3797.81,162675.89,1.6,3.6,41.6,15,4,7.6,74.5,0,0,8.7,0,0,3,0,189432.4
CUST-3402,Rahul Kapoor,rahul.kapoor.3402@example.com,51,Male,Bengaluru,Basic,2025-10-13,9,1835.38,1908.36,16348.6,0.2,0.5,24.7,1,3,-5.7,87.7,3,3,38.7,1,0,1,1,35810.12
CUST-3403,Harsh Verma,harsh.verma.3403@example.com,49,Female,Chandigarh,Standard,2025-07-15,12,3852.65,4005.85,45756.51,3.8,8.5,44.2,16,10,54.9,64.0,1,1,43.8,0,1,3,0,184823.29
CUST-3404,Karan Agarwal,karan.agarwal.3404@example.com,56,Female,Pune,Standard,2024-11-23,20,4876.25,5070.15,96522.39,4.4,9.8,24.1,3,7,-9.9,51.9,5,1,9.4,0,0,3,0,238356.74
CUST-3405,Aarav Joshi,aarav.joshi.3405@example.com,32,Male,Bengaluru,Basic,2026-06-17,1,1378.6,1433.42,1364.43,5.7,12.7,19.3,13,1,5.0,36.8,1,0,11.6,0,0,5,0,48362.56
CUST-3406,Ananya Bhatia,ananya.bhatia.3406@example.com,52,Female,Kolkata,Enterprise,2024-03-28,28,30795.69,32020.28,853414.65,5.2,11.6,37.2,5,8,4.4,16.2,0,0,5.0,0,0,4,0,1200000.0
CUST-3407,Siddharth Deshmukh,siddharth.deshmukh.3407@example.com,57,Male,Chandigarh,Standard,2024-08-12,23,3880.15,4034.44,88325.98,5.5,12.2,25.3,14,10,-4.8,70.7,1,1,9.0,3,0,2,0,217589.73
CUST-3408,Siddharth Agarwal,siddharth.agarwal.3408@example.com,51,Female,Ahmedabad,Enterprise,2024-10-21,21,25147.74,26147.74,522673.38,4.1,9.1,23.5,8,7,19.2,64.0,0,0,18.7,0,0,5,0,1200000.0
CUST-3409,Swati Kapoor,swati.kapoor.3409@example.com,44,Female,Ahmedabad,Basic,2026-06-27,1,1606.67,1670.56,1590.15,8.7,19.4,8.8,5,8,0.6,52.8,1,0,32.0,1,0,4,0,75298.91
CUST-3410,Nikhil Nair,nikhil.nair.3410@example.com,40,Male,Kolkata,Enterprise,2025-08-20,11,25830.27,26857.41,281211.94,2.4,5.3,29.3,2,8,11.5,50.0,1,0,41.2,1,0,3,0,1200000.0
CUST-3411,Karan Rao,karan.rao.3411@example.com,33,Female,Mumbai,Basic,2026-06-09,1,1699.32,1766.89,1681.85,3.5,7.8,16.6,26,9,4.0,49.2,5,3,39.5,3,1,1,1,16809.67
CUST-3412,Shreya Patel,shreya.patel.3412@example.com,36,Male,Pune,Standard,2025-07-29,12,4963.49,5160.86,58949.55,7.7,17.1,17.1,12,1,-18.9,29.4,2,0,22.1,3,0,4,1,103699.17
CUST-3413,Deepak Nair,deepak.nair.3413@example.com,52,Male,Hyderabad,Enterprise,2025-01-19,18,27805.12,28910.79,495346.85,3.4,7.6,16.6,3,9,-9.5,100.0,2,1,30.5,0,0,3,0,1200000.0
CUST-3414,Shreya Patel,shreya.patel.3414@example.com,58,Male,Pune,Basic,2026-05-14,2,1727.63,1796.33,3419.74,4.0,8.9,26.8,1,1,13.6,35.1,0,0,13.5,2,0,3,0,59726.36
CUST-3415,Aditi Sharma,aditi.sharma.3415@example.com,58,Female,Chandigarh,Basic,2025-02-25,17,1395.27,1450.75,23475.74,5.0,11.1,5.1,11,3,13.4,31.8,2,0,31.4,0,1,5,0,61781.34
CUST-3416,Kavya Bose,kavya.bose.3416@example.com,36,Male,Jaipur,Premium,2025-10-21,9,10076.49,10477.18,89756.09,6.7,14.9,19.7,34,7,32.9,68.9,1,1,22.0,0,0,4,0,466679.19
CUST-3417,Aditi Chopra,aditi.chopra.3417@example.com,50,Male,Hyderabad,Standard,2024-07-13,24,4234.33,4402.71,100579.17,4.5,10.0,32.8,2,8,50.1,41.3,1,1,37.0,1,0,3,0,271895.44
CUST-3418,Harsh Das,harsh.das.3418@example.com,47,Female,Ahmedabad,Standard,2025-08-29,11,4838.89,5031.31,52680.58,2.3,5.1,8.3,18,5,-16.6,41.5,5,4,43.7,2,0,1,1,34588.01
CUST-3419,Priya Bose,priya.bose.3419@example.com,23,Male,Ahmedabad,Basic,2026-01-27,6,1552.77,1614.52,9220.84,3.3,7.3,23.9,1,1,1.8,75.9,3,0,2.2,0,0,4,0,60539.17
CUST-3420,Manish Mehta,manish.mehta.3420@example.com,41,Male,Mumbai,Standard,2026-01-16,6,4550.1,4731.03,27019.94,5.3,11.8,15.1,22,3,-7.4,58.3,2,1,10.9,0,0,3,1,139594.24
CUST-3421,Rohan Reddy,rohan.reddy.3421@example.com,36,Male,Chennai,Basic,2023-11-30,32,1468.8,1527.21,46518.4,3.6,8.0,17.6,10,7,-33.0,59.5,4,2,12.6,0,0,3,0,73740.71
CUST-3422,Arjun Mishra,arjun.mishra.3422@example.com,25,Male,Pune,Enterprise,2025-10-25,9,24768.52,25753.44,220624.98,3.2,7.1,40.2,3,2,13.8,8.0,0,0,31.2,0,1,4,0,1200000.0
CUST-3423,Amit Singh,amit.singh.3423@example.com,43,Male,Mumbai,Standard,2025-11-16,8,4125.54,4289.59,32665.02,2.2,4.9,3.8,2,2,19.8,51.6,3,2,47.3,0,1,3,0,184093.83
CUST-3424,Rahul Reddy,rahul.reddy.3424@example.com,59,Male,Chandigarh,Premium,2026-06-25,1,9056.79,9416.93,8963.68,6.7,14.9,30.4,7,9,-32.2,17.9,0,0,7.4,1,1,4,0,423295.89
CUST-3425,Siddharth Chopra,siddharth.chopra.3425@example.com,44,Female,Hyderabad,Basic,2025-12-16,7,1482.3,1541.24,10269.43,3.9,8.7,16.7,6,6,-12.5,31.1,0,0,3.2,1,0,5,0,70525.62
CUST-3426,Deepak Rao,deepak.rao.3426@example.com,47,Female,Kolkata,Premium,2024-04-20,27,8255.54,8583.82,220608.06,4.0,8.9,16.2,18,4,-15.2,46.2,4,1,14.7,0,0,3,0,425822.16
CUST-3427,Harsh Rao,harsh.rao.3427@example.com,32,Male,Bengaluru,Standard,2024-10-21,21,4770.25,4959.94,99145.4,5.6,12.5,9.8,10,10,-44.2,41.1,1,0,18.1,0,0,5,0,298257.01
CUST-3428,Harsh Mehta,harsh.mehta.3428@example.com,49,Male,Jaipur,Premium,2026-03-31,4,8301.63,8631.74,32865.14,1.3,2.9,30.3,5,9,-3.0,57.7,4,1,12.8,0,0,4,0,455333.06
CUST-3429,Karan Deshmukh,karan.deshmukh.3429@example.com,23,Male,Chandigarh,Basic,2025-11-12,8,1814.66,1886.82,14368.03,4.3,9.6,19.9,19,7,-34.1,60.5,2,1,30.6,1,0,1,1,20324.43
CUST-3430,Tanvi Deshmukh,tanvi.deshmukh.3430@example.com,29,Female,Bengaluru,Premium,2026-04-01,4,8494.27,8832.04,33627.78,7.4,16.5,18.5,6,7,2.5,62.3,3,1,20.4,0,0,3,0,418397.56
CUST-3431,Swati Nair,swati.nair.3431@example.com,50,Male,Pune,Standard,2022-11-21,44,3690.44,3837.19,160710.02,4.1,9.1,23.2,14,8,5.5,9.7,2,1,37.0,1,0,5,0,260854.87
CUST-3432,Aditi Pandey,aditi.pandey.3432@example.com,32,Male,Kolkata,Basic,2025-06-12,13,1644.48,1709.87,21158.46,4.7,10.5,20.1,13,3,9.0,98.7,1,0,24.1,0,0,3,0,75860.8
CUST-3433,Siddharth Saxena,siddharth.saxena.3433@example.com,58,Female,Ahmedabad,Standard,2024-11-21,20,4302.34,4473.42,85162.2,4.6,10.2,2.0,18,2,10.4,41.4,1,1,10.5,0,0,4,0,209183.41
CUST-3434,Kavya Iyer,kavya.iyer.3434@example.com,39,Male,Mumbai,Basic,2025-01-08,18,1606.83,1670.73,28625.6,6.4,14.2,16.6,0,1,40.9,71.1,2,1,8.9,1,0,3,0,69900.51
CUST-3435,Tanvi Saxena,tanvi.saxena.3435@example.com,35,Male,Hyderabad,Standard,2024-02-21,29,4403.2,4578.29,126380.05,4.6,10.2,31.8,6,2,-24.6,0.0,0,0,18.5,0,1,4,0,217869.97
CUST-3436,Isha Joshi,isha.joshi.3436@example.com,31,Female,Mumbai,Standard,2023-01-16,42,4000.88,4159.97,166309.45,9.4,20.9,5.4,4,3,-23.2,35.6,1,0,13.8,0,1,5,0,226531.04
CUST-3437,Karan Sharma,karan.sharma.3437@example.com,56,Female,Hyderabad,Standard,2026-06-24,1,4527.0,4707.02,4480.46,4.7,10.5,10.0,5,5,16.3,6.9,0,0,31.3,0,0,4,0,200972.2
CUST-3438,Aditya Chauhan,aditya.chauhan.3438@example.com,30,Male,Chennai,Standard,2022-07-28,48,4302.29,4473.37,204386.89,3.3,7.3,17.3,4,8,-5.7,21.3,1,0,20.7,0,1,4,0,299454.37
CUST-3439,Rohan Sharma,rohan.sharma.3439@example.com,56,Female,Chennai,Standard,2024-02-27,29,4067.62,4229.37,116748.28,7.4,16.5,14.0,13,3,29.5,43.2,3,2,26.5,0,1,3,0,188578.73
CUST-3440,Manish Iyer,manish.iyer.3440@example.com,32,Male,Mumbai,Basic,2025-12-09,7,1782.72,1853.61,12350.75,3.8,8.5,21.7,2,7,13.7,34.0,4,1,44.2,0,1,4,0,86752.36
CUST-3441,Simran Mishra,simran.mishra.3441@example.com,33,Female,Hyderabad,Premium,2024-05-20,26,10391.17,10804.37,267392.93,2.9,6.5,10.0,4,5,51.7,73.5,0,0,10.9,0,1,5,0,556824.73
CUST-3442,Neha Nair,neha.nair.3442@example.com,24,Male,Hyderabad,Enterprise,2024-12-15,19,25943.05,26974.67,487850.5,1.7,3.8,17.7,1,5,-4.6,84.5,2,2,15.9,0,0,3,0,1200000.0
CUST-3443,Meera Chopra,meera.chopra.3443@example.com,35,Female,Bengaluru,Basic,2024-08-19,23,1793.8,1865.13,40833.25,5.2,11.6,21.5,2,8,-43.5,18.8,3,0,13.5,0,1,5,0,103034.7
CUST-3444,Tara Patel,tara.patel.3444@example.com,49,Female,Mumbai,Basic,2026-03-29,4,1831.91,1904.76,7252.31,3.2,7.1,29.1,8,10,7.5,30.3,1,1,14.3,0,0,3,0,85460.45
CUST-3445,Harsh Rao,harsh.rao.3445@example.com,32,Female,Delhi NCR,Standard,2025-04-13,15,4350.52,4523.52,64586.92,2.6,5.8,35.7,0,5,-4.0,17.3,0,0,27.8,0,1,5,0,198934.72
CUST-3446,Varun Iyer,varun.iyer.3446@example.com,46,Female,Pune,Premium,2026-06-09,1,8776.12,9125.1,8685.9,3.0,6.7,19.1,1,10,13.0,69.7,3,2,18.4,2,0,1,0,386294.68
CUST-3447,Siddharth Pandey,siddharth.pandey.3447@example.com,42,Male,Ahmedabad,Standard,2024-04-21,27,4880.89,5074.98,130429.22,3.4,7.6,42.8,5,7,16.6,45.8,1,1,34.2,0,0,2,0,249794.04
CUST-3448,Divya Das,divya.das.3448@example.com,31,Male,Chennai,Standard,2023-01-02,43,3864.31,4017.97,164457.07,5.9,13.1,20.0,0,10,-17.0,42.8,1,0,12.9,2,0,3,0,247877.0
CUST-3449,Vikram Agarwal,vikram.agarwal.3449@example.com,36,Male,Delhi NCR,Basic,2025-03-22,16,1374.51,1429.17,21766.07,5.2,11.6,31.1,1,8,-30.3,49.5,3,2,13.0,0,0,2,0,72629.57
CUST-3450,Aditya Malhotra,aditya.malhotra.3450@example.com,40,Female,Chennai,Premium,2025-08-14,11,9130.57,9493.65,99403.73,3.9,8.7,43.2,14,8,-6.1,34.5,0,0,21.1,1,1,4,0,427874.48
CUST-3451,Tanvi Nair,tanvi.nair.3451@example.com,43,Female,Kolkata,Standard,2024-12-23,19,4616.6,4800.18,86813.64,5.4,12.0,23.5,14,3,-68.7,21.4,4,1,38.2,0,1,4,0,126537.17
CUST-3452,Ananya Pandey,ananya.pandey.3452@example.com,42,Male,Chennai,Basic,2026-01-08,6,1833.5,1906.41,10887.9,4.0,8.9,6.9,3,4,0.3,43.2,1,1,25.2,3,0,2,0,45437.84
CUST-3453,Nikhil Das,nikhil.das.3453@example.com,53,Female,Chandigarh,Basic,2025-05-29,14,1683.45,1750.39,23326.01,4.6,10.2,23.0,3,8,-13.4,35.6,4,3,37.7,1,0,1,0,39662.36
CUST-3454,Sanjay Pandey,sanjay.pandey.3454@example.com,44,Female,Chennai,Standard,2025-01-12,18,4931.34,5127.43,87851.58,2.8,6.2,15.3,20,5,22.1,50.3,3,0,38.3,0,1,4,0,230217.23
CUST-3455,Vikram Chauhan,vikram.chauhan.3455@example.com,34,Female,Bengaluru,Standard,2026-04-27,3,3728.39,3876.65,11070.18,2.8,6.2,19.0,0,1,-57.6,2.8,2,2,46.4,0,0,3,1,12183.12
CUST-3456,Rohan Reddy,rohan.reddy.3456@example.com,26,Female,Delhi NCR,Standard,2026-04-21,3,3684.13,3830.63,10938.77,4.5,10.0,43.8,6,7,-1.8,46.5,2,1,33.3,0,1,4,0,171496.77
CUST-3457,Aditya Chauhan,aditya.chauhan.3457@example.com,25,Male,Kolkata,Enterprise,2025-01-11,18,27785.57,28890.46,494998.56,4.5,10.0,8.5,6,3,42.1,25.5,1,1,1.0,0,0,4,0,1200000.0
CUST-3458,Aarav Bose,aarav.bose.3458@example.com,49,Male,Hyderabad,Basic,2025-11-29,8,1855.97,1929.77,14695.12,6.3,14.0,25.3,11,2,16.9,45.6,0,0,7.6,0,1,4,0,78633.05
CUST-3459,Shreya Nair,shreya.nair.3459@example.com,35,Male,Hyderabad,Enterprise,2023-12-20,31,26897.74,27967.32,825257.74,5.2,11.6,12.3,22,10,25.5,63.7,1,1,21.4,0,1,4,0,1200000.0
CUST-3460,Tara Agarwal,tara.agarwal.3460@example.com,29,Male,Kolkata,Standard,2026-01-11,6,3671.2,3817.18,21800.75,3.2,7.1,18.6,3,5,7.5,28.7,1,0,21.6,0,0,3,0,177392.47
CUST-3461,Ananya Verma,ananya.verma.3461@example.com,30,Female,Jaipur,Standard,2026-06-29,1,3908.73,4064.16,3868.55,1.5,3.3,30.2,4,1,-48.5,70.7,3,1,34.8,0,1,3,0,87856.62
CUST-3462,Siddharth Chauhan,siddharth.chauhan.3462@example.com,56,Female,Mumbai,Premium,2025-04-16,15,8870.11,9222.83,131683.81,6.1,13.6,25.5,8,9,2.7,0.2,0,0,3.5,0,0,5,0,443121.18
CUST-3463,Aditi Kumar,aditi.kumar.3463@example.com,58,Female,Jaipur,Standard,2025-02-15,17,4071.98,4233.9,68512.01,4.9,10.9,19.5,25,10,9.4,79.1,2,1,31.0,0,1,3,0,215559.29
CUST-3464,Harsh Sharma,harsh.sharma.3464@example.com,42,Female,Delhi NCR,Basic,2025-07-20,12,1371.98,1426.54,16294.5,6.2,13.8,14.9,16,5,-32.2,71.7,2,1,10.0,0,0,3,1,59949.63
CUST-3465,Rohan Mishra,rohan.mishra.3465@example.com,39,Male,Chennai,Premium,2025-02-17,17,10949.2,11384.59,184222.82,5.2,11.6,25.5,8,6,-5.5,20.7,4,0,24.5,0,1,5,0,478936.33
CUST-3466,Swati Nair,swati.nair.3466@example.com,54,Male,Hyderabad,Standard,2025-08-26,11,4320.71,4492.52,47039.2,8.0,17.8,40.8,14,7,-83.2,20.9,2,0,2.8,0,0,3,1,137771.06
CUST-3467,Manish Malhotra,manish.malhotra.3467@example.com,29,Male,Bengaluru,Standard,2025-02-28,17,4538.17,4718.63,76355.76,3.7,8.2,12.1,0,9,-11.4,6.1,0,0,30.9,1,0,4,0,270483.64
CUST-3468,Sanjay Saxena,sanjay.saxena.3468@example.com,38,Male,Jaipur,Premium,2026-06-16,1,8310.67,8641.14,8225.23,4.3,9.6,43.0,3,5,-14.2,64.1,1,0,19.1,0,0,5,0,367402.14
CUST-3469,Meera Joshi,meera.joshi.3469@example.com,52,Male,Chennai,Standard,2025-12-27,7,3674.84,3820.97,25459.43,5.9,13.1,35.2,0,4,37.3,34.1,1,0,11.4,0,1,5,0,151736.16
CUST-3470,Neha Kumar,neha.kumar.3470@example.com,55,Male,Ahmedabad,Standard,2026-03-23,4,4419.95,4595.71,17498.04,6.0,13.4,37.1,1,3,-18.9,32.3,2,1,27.6,0,0,3,0,156752.19
CUST-3471,Rhea Singh,rhea.singh.3471@example.com,27,Male,Mumbai,Premium,2026-05-22,2,10893.77,11326.96,21563.55,4.9,10.9,25.4,7,5,-9.5,15.1,3,0,8.1,2,1,4,0,417365.89
CUST-3472,Siddharth Patel,siddharth.patel.3472@example.com,43,Male,Kolkata,Standard,2026-03-19,4,4338.79,4511.32,17176.74,0.9,2.0,34.9,16,10,-4.2,85.5,2,0,16.3,0,0,4,0,215227.87
CUST-3473,Neha Bose,neha.bose.3473@example.com,35,Female,Chennai,Basic,2026-04-21,3,1809.65,1881.61,5373.14,0.5,1.1,10.9,7,10,-18.5,18.7,1,0,4.0,0,1,4,0,93575.57
CUST-3474,Divya Patel,divya.patel.3474@example.com,24,Male,Mumbai,Premium,2022-07-24,48,10653.44,11077.07,506108.03,3.4,7.6,14.7,8,3,18.2,42.6,3,2,35.6,0,0,3,0,606611.64
CUST-3475,Aditya Rao,aditya.rao.3475@example.com,33,Male,Mumbai,Basic,2026-02-14,5,1388.9,1444.13,6873.11,4.2,9.4,30.4,0,5,-57.8,47.2,0,0,13.0,0,1,5,0,54795.21
CUST-3476,Sneha Malhotra,sneha.malhotra.3476@example.com,57,Male,Hyderabad,Premium,2026-03-26,4,8735.2,9082.55,34581.59,0.3,0.7,25.3,8,8,29.8,32.4,4,1,21.5,0,1,5,0,421341.7
CUST-3477,Tara Bose,tara.bose.3477@example.com,33,Female,Hyderabad,Enterprise,2024-05-22,26,28253.84,29377.35,727047.78,4.1,9.1,20.4,4,2,-2.3,27.6,2,1,23.5,0,0,4,0,1200000.0
CUST-3478,Kavya Kapoor,kavya.kapoor.3478@example.com,23,Male,Delhi NCR,Basic,2025-11-23,8,1581.78,1644.68,12524.15,5.6,12.5,2.0,7,4,34.4,33.1,0,0,5.3,2,1,4,0,75995.18
CUST-3479,Sanjay Patel,sanjay.patel.3479@example.com,23,Male,Ahmedabad,Basic,2025-11-21,8,1501.62,1561.33,11889.46,4.1,9.1,17.2,2,8,-78.9,55.6,3,1,48.9,0,0,3,0,59280.1
CUST-3480,Manish Saxena,manish.saxena.3480@example.com,36,Female,Kolkata,Basic,2025-10-30,9,1568.74,1631.12,13973.51,4.8,10.7,9.1,6,5,-70.2,33.7,2,0,13.5,0,0,5,0,72111.6
CUST-3481,Harsh Kumar,harsh.kumar.3481@example.com,44,Female,Mumbai,Standard,2025-11-25,8,4222.22,4390.12,33430.51,5.4,12.0,27.4,4,8,-10.2,81.0,1,0,29.2,0,0,4,0,217130.94
CUST-3482,Varun Chopra,varun.chopra.3482@example.com,50,Female,Delhi NCR,Enterprise,2026-01-11,6,30466.11,31677.59,180917.42,0.8,1.8,19.9,6,6,12.2,23.4,2,1,10.0,0,0,3,0,1200000.0
CUST-3483,Sneha Bhatia,sneha.bhatia.3483@example.com,38,Male,Chandigarh,Standard,2026-02-28,5,3743.91,3892.79,18527.1,5.6,12.5,15.1,1,1,-17.5,60.1,1,0,1.0,0,1,4,0,162864.48
CUST-3484,Siddharth Mishra,siddharth.mishra.3484@example.com,53,Male,Jaipur,Basic,2024-01-12,30,1495.86,1555.34,44414.45,2.7,6.0,51.1,3,5,14.3,0.0,3,1,27.1,0,0,3,0,77876.02
CUST-3485,Aditya Kumar,aditya.kumar.3485@example.com,28,Male,Pune,Standard,2026-04-17,3,4351.5,4524.54,12920.29,3.7,8.2,33.4,3,10,25.5,23.4,1,0,28.8,0,0,4,0,239857.93
CUST-3486,Kavya Malhotra,kavya.malhotra.3486@example.com,51,Female,Mumbai,Premium,2026-04-23,3,10298.46,10707.98,30577.76,2.8,6.2,33.6,9,2,16.6,22.4,1,1,38.6,0,0,3,0,402657.03
CUST-3487,Rhea Chopra,rhea.chopra.3487@example.com,49,Male,Delhi NCR,Standard,2025-07-11,12,4481.77,4659.99,53228.34,6.5,14.5,46.2,9,7,0.9,15.5,4,1,35.2,0,1,5,0,185042.28
CUST-3488,Tanvi Patel,tanvi.patel.3488@example.com,35,Male,Ahmedabad,Premium,2026-01-25,6,11064.95,11504.95,65707.18,1.7,3.8,30.8,17,10,0.7,48.8,0,0,13.5,0,0,4,0,582142.95
CUST-3489,Rahul Mishra,rahul.mishra.3489@example.com,51,Female,Hyderabad,Basic,2025-11-07,8,1766.52,1836.77,13986.87,7.1,15.8,13.5,7,4,-19.2,39.4,5,2,38.9,0,0,2,1,32823.13
CUST-3490,Rohan Nair,rohan.nair.3490@example.com,38,Female,Mumbai,Premium,2024-08-09,23,9853.7,10245.53,224305.18,9.2,20.5,12.2,2,2,-3.6,0.0,4,0,8.4,0,0,5,0,430589.36
CUST-3491,Harsh Das,harsh.das.3491@example.com,53,Male,Mumbai,Basic,2023-10-14,33,1461.73,1519.86,47741.19,0.9,2.0,32.6,11,1,-30.7,89.9,1,1,16.7,1,1,2,0,55113.34
CUST-3492,Swati Pandey,swati.pandey.3492@example.com,27,Female,Chennai,Basic,2024-09-18,22,1585.65,1648.7,34525.67,3.0,6.7,2.0,5,5,-24.0,46.2,2,0,18.6,0,1,5,0,71373.37
CUST-3493,Neha Agarwal,neha.agarwal.3493@example.com,45,Female,Ahmedabad,Premium,2026-03-13,4,10283.01,10691.91,40709.18,5.5,12.2,21.1,1,10,12.4,42.0,2,1,26.8,0,0,3,0,566281.29
CUST-3494,Varun Kapoor,varun.kapoor.3494@example.com,27,Male,Kolkata,Standard,2022-07-14,48,4771.95,4961.71,226698.81,2.1,4.7,2.0,10,8,-15.0,73.4,0,0,9.6,0,0,4,0,311860.12
CUST-3495,Meera Mehta,meera.mehta.3495@example.com,48,Male,Hyderabad,Basic,2025-12-23,7,1852.63,1926.3,12835.09,3.6,8.0,23.1,1,8,-22.7,65.7,1,1,26.2,0,1,4,0,99812.72
CUST-3496,Tara Deshmukh,tara.deshmukh.3496@example.com,39,Female,Mumbai,Enterprise,2026-04-21,3,27796.6,28901.93,82532.51,4.6,10.2,31.4,1,10,10.6,34.8,1,0,29.7,0,1,5,0,1200000.0
CUST-3497,Shreya Rao,shreya.rao.3497@example.com,45,Female,Jaipur,Standard,2025-09-14,10,4336.6,4509.04,42920.18,2.7,6.0,25.1,10,2,8.6,0.0,1,0,5.4,1,1,3,0,159253.42
CUST-3498,Rohan Kumar,rohan.kumar.3498@example.com,58,Male,Hyderabad,Basic,2024-12-10,19,1358.38,1412.4,25543.89,4.4,9.8,32.3,11,6,-8.0,55.5,0,0,24.1,3,0,2,0,52772.25
CUST-3499,Tanvi Patel,tanvi.patel.3499@example.com,45,Male,Jaipur,Standard,2026-05-11,2,3700.01,3847.14,7323.94,6.2,13.8,43.6,11,7,-6.2,18.9,5,3,23.6,2,0,2,0,41798.79
CUST-3500,Kavya Patel,kavya.patel.3500@example.com,59,Female,Pune,Premium,2025-04-24,15,8590.78,8932.39,127536.94,4.0,8.9,20.4,2,10,9.6,71.7,3,1,3.8,0,0,3,0,497367.28
CUST-3501,Siddharth Malhotra,siddharth.malhotra.3501@example.com,55,Female,Kolkata,Standard,2024-03-25,28,3675.74,3821.91,101862.64,2.0,4.5,52.9,15,1,25.1,23.4,1,1,27.6,0,1,4,0,170439.26
CUST-3502,Sanjay Iyer,sanjay.iyer.3502@example.com,36,Female,Pune,Basic,2026-02-27,5,1559.41,1621.42,7716.89,6.6,14.7,24.3,9,5,3.6,31.2,1,0,15.2,0,1,5,0,66201.29
CUST-3503,Simran Chopra,simran.chopra.3503@example.com,32,Male,Mumbai,Standard,2025-02-27,17,4070.61,4232.48,68488.96,7.1,15.8,32.4,13,6,-35.4,9.8,0,0,17.4,1,0,4,0,183386.03
CUST-3504,Kavya Singh,kavya.singh.3504@example.com,43,Male,Chennai,Standard,2025-11-25,8,4491.17,4669.76,35559.99,5.0,11.1,15.3,9,7,-8.2,11.7,1,0,17.2,0,0,4,0,234835.33
CUST-3505,Rahul Bhatia,rahul.bhatia.3505@example.com,45,Female,Kolkata,Premium,2025-11-25,8,9786.26,10175.41,77485.22,2.1,4.7,39.8,6,9,-13.4,39.4,2,1,35.5,0,1,4,0,512451.44
CUST-3506,Manish Mehta,manish.mehta.3506@example.com,22,Male,Chennai,Basic,2026-02-20,5,1661.78,1727.86,8223.48,2.4,5.3,33.5,0,3,-31.5,37.1,0,0,22.4,0,0,4,0,69475.73
CUST-3507,Simran Bhatia,simran.bhatia.3507@example.com,39,Other,Delhi NCR,Standard,2025-05-24,14,4259.7,4429.09,59022.71,0.2,0.5,38.2,9,8,11.9,30.6,2,0,21.6,0,0,5,0,188713.5
CUST-3508,Neha Kumar,neha.kumar.3508@example.com,33,Female,Chandigarh,Basic,2025-12-22,7,1494.81,1554.25,10356.1,3.0,6.7,22.6,8,10,14.1,91.3,2,1,40.6,0,0,3,0,79648.77
CUST-3509,Tanvi Verma,tanvi.verma.3509@example.com,49,Male,Ahmedabad,Standard,2024-06-09,25,4932.72,5128.87,122050.23,6.4,14.2,8.2,2,3,18.3,56.5,0,0,26.8,0,1,4,0,245005.42
CUST-3510,Priya Singh,priya.singh.3510@example.com,28,Female,Delhi NCR,Enterprise,2022-08-11,47,23255.15,24179.89,1081755.54,2.8,6.2,27.1,9,9,-29.7,42.2,2,0,18.2,0,0,5,0,1200000.0
CUST-3511,Amit Kumar,amit.kumar.3511@example.com,44,Male,Pune,Basic,2023-04-17,39,1841.69,1914.92,71087.5,2.2,4.9,3.3,5,8,2.4,0.0,2,0,28.7,0,1,4,0,116941.78
CUST-3512,Ananya Saxena,ananya.saxena.3512@example.com,42,Female,Jaipur,Basic,2026-04-21,3,1512.39,1572.53,4490.53,6.3,14.0,18.3,6,9,-2.2,61.8,1,0,12.7,0,0,5,0,80553.72
CUST-3513,Divya Malhotra,divya.malhotra.3513@example.com,55,Male,Pune,Standard,2026-06-08,1,4316.65,4488.3,4272.27,6.6,14.7,24.1,3,5,6.6,100.0,2,1,21.0,0,1,3,0,186816.96
CUST-3514,Sanjay Bhatia,sanjay.bhatia.3514@example.com,32,Male,Kolkata,Premium,2025-10-17,9,8441.92,8777.61,75196.19,3.1,6.9,48.1,0,9,1.6,37.5,0,0,31.8,1,0,5,0,399695.46
CUST-3515,Tara Deshmukh,tara.deshmukh.3515@example.com,43,Female,Kolkata,Basic,2024-12-29,19,1386.31,1441.44,26069.1,5.3,11.8,25.5,1,3,-2.4,22.5,2,1,21.3,1,1,3,0,62601.14
CUST-3516,Rajesh Pandey,rajesh.pandey.3516@example.com,56,Female,Pune,Standard,2022-07-18,48,4200.31,4367.33,199542.18,2.4,5.3,23.5,10,7,-5.7,45.9,1,0,20.9,1,0,4,0,291185.6
CUST-3517,Isha Kumar,isha.kumar.3517@example.com,50,Male,Mumbai,Premium,2024-09-16,22,10435.19,10850.14,227214.04,3.5,7.8,21.3,2,3,29.0,7.6,1,0,20.2,0,1,5,0,516180.96
CUST-3518,Isha Das,isha.das.3518@example.com,49,Female,Pune,Premium,2025-06-12,13,8947.5,9303.3,115121.7,0.4,0.9,7.2,0,6,-26.1,53.1,0,0,17.9,0,0,4,0,439344.05
CUST-3519,Varun Verma,varun.verma.3519@example.com,39,Male,Kolkata,Premium,2026-06-10,1,9870.3,10262.79,9768.83,5.0,11.1,22.9,43,8,-6.8,78.0,3,1,45.6,0,1,3,0,366069.94
CUST-3520,Varun Deshmukh,varun.deshmukh.3520@example.com,35,Male,Kolkata,Standard,2024-06-28,25,3989.11,4147.74,98702.5,4.0,8.9,23.1,1,2,28.3,25.9,1,1,22.5,0,0,3,0,195247.87
CUST-3521,Aditi Iyer,aditi.iyer.3521@example.com,39,Male,Hyderabad,Enterprise,2026-04-20,3,25899.33,26929.21,76899.22,2.8,6.2,11.3,7,8,-24.7,26.7,1,0,37.3,0,0,5,0,1200000.0
CUST-3522,Meera Iyer,meera.iyer.3522@example.com,49,Male,Bengaluru,Basic,2026-06-30,1,1824.67,1897.23,1805.91,4.0,8.9,8.9,19,1,-23.3,40.1,2,0,3.1,0,0,4,1,62058.1
CUST-3523,Sneha Bhatia,sneha.bhatia.3523@example.com,45,Male,Chennai,Basic,2024-04-11,27,1798.12,1869.62,48050.13,3.7,8.2,16.7,6,4,18.6,30.0,0,0,15.4,0,0,4,0,100661.69
CUST-3524,Karan Chopra,karan.chopra.3524@example.com,29,Male,Delhi NCR,Standard,2025-07-17,12,4321.34,4493.18,51322.97,2.5,5.6,22.7,12,7,-41.9,5.7,1,0,13.1,0,0,4,0,201956.67
CUST-3525,Swati Joshi,swati.joshi.3525@example.com,29,Male,Pune,Standard,2026-05-23,2,3932.36,4088.73,7783.87,5.0,11.1,17.0,28,1,16.5,32.8,2,2,41.3,0,0,3,1,57417.11
CUST-3526,Arjun Agarwal,arjun.agarwal.3526@example.com,25,Male,Hyderabad,Premium,2026-01-01,7,8707.56,9053.81,60326.29,3.6,8.0,10.4,14,6,-15.7,27.9,1,0,1.0,2,0,3,1,340159.63
CUST-3527,Manish Mehta,manish.mehta.3527@example.com,48,Male,Mumbai,Basic,2026-05-16,2,1849.66,1923.21,3661.29,3.9,8.7,25.2,6,10,9.5,74.8,1,0,20.6,0,0,4,0,97993.91
CUST-3528,Sneha Mishra,sneha.mishra.3528@example.com,57,Female,Kolkata,Premium,2025-04-16,15,8737.59,9085.04,129716.45,1.1,2.4,27.9,3,6,-36.2,69.7,1,0,27.1,0,0,5,0,458845.1
CUST-3529,Varun Kapoor,varun.kapoor.3529@example.com,26,Male,Pune,Premium,2026-02-22,5,10644.55,11067.83,52675.59,3.9,8.7,23.3,4,7,31.2,75.5,5,0,12.1,0,0,5,0,478930.1
CUST-3530,Rhea Singh,rhea.singh.3530@example.com,54,Female,Kolkata,Standard,2024-02-13,29,4115.53,4279.18,118123.39,3.8,8.5,15.8,13,9,-36.1,61.2,2,2,24.5,0,1,4,0,239664.23
CUST-3531,Simran Saxena,simran.saxena.3531@example.com,55,Female,Jaipur,Premium,2025-12-26,7,11203.58,11649.09,77618.81,2.5,5.6,28.5,14,7,18.3,46.9,1,1,16.6,0,1,3,0,552353.49
CUST-3532,Swati Nair,swati.nair.3532@example.com,51,Female,Hyderabad,Basic,2025-09-27,10,1542.25,1603.58,15263.95,5.3,11.8,19.9,14,3,-34.9,21.0,2,1,29.9,0,0,5,0,53678.42
CUST-3533,Rhea Das,rhea.das.3533@example.com,29,Female,Pune,Basic,2026-06-17,1,1533.52,1594.5,1517.75,0.2,0.5,8.9,6,4,48.6,73.8,4,1,5.0,0,1,4,0,62876.79
CUST-3534,Kavya Kumar,kavya.kumar.3534@example.com,47,Female,Jaipur,Premium,2026-02-24,5,10106.89,10508.79,50014.93,3.2,7.1,33.4,4,1,-4.0,50.3,1,1,8.3,0,1,4,0,368067.56
CUST-3535,Siddharth Kumar,siddharth.kumar.3535@example.com,58,Male,Chandigarh,Standard,2025-03-21,16,4944.89,5141.52,78304.86,4.9,10.9,25.9,2,5,52.6,12.0,3,0,17.0,0,0,4,0,254700.58
CUST-3536,Rajesh Agarwal,rajesh.agarwal.3536@example.com,55,Male,Hyderabad,Basic,2024-12-20,19,1861.27,1935.28,35000.57,8.6,19.1,20.7,0,7,-24.9,20.1,1,0,23.0,0,0,4,0,101955.68
CUST-3537,Ananya Deshmukh,ananya.deshmukh.3537@example.com,28,Female,Pune,Standard,2026-03-19,4,4588.94,4771.42,18167.05,1.3,2.9,4.7,10,3,-14.4,11.7,0,0,19.3,2,1,4,0,148155.16
CUST-3538,Swati Mishra,swati.mishra.3538@example.com,49,Female,Pune,Premium,2025-09-09,10,10475.85,10892.42,103681.53,4.4,9.8,13.8,2,6,31.9,0.0,4,2,39.2,0,0,3,0,412088.43
CUST-3539,Karan Agarwal,karan.agarwal.3539@example.com,49,Female,Ahmedabad,Standard,2024-07-17,24,4387.67,4562.14,104221.5,5.4,12.0,44.2,2,3,-41.9,51.3,1,0,3.4,2,0,4,0,209250.34
CUST-3540,Arjun Pandey,arjun.pandey.3540@example.com,35,Male,Hyderabad,Basic,2025-12-16,7,1745.62,1815.03,12093.72,4.3,9.6,5.4,13,4,-21.6,12.3,1,0,1.0,0,0,4,0,69486.09
CUST-3541,Sanjay Deshmukh,sanjay.deshmukh.3541@example.com,59,Female,Hyderabad,Standard,2026-04-14,3,4802.49,4993.46,14259.35,1.6,3.6,19.2,0,5,11.9,23.9,1,0,26.6,0,0,4,0,220671.22
CUST-3542,Aarav Kumar,aarav.kumar.3542@example.com,25,Female,Kolkata,Premium,2025-11-22,8,9630.13,10013.07,76249.02,3.2,7.1,21.8,19,6,-30.5,42.9,3,0,1.0,0,1,4,0,503225.3
CUST-3543,Tara Chopra,tara.chopra.3543@example.com,39,Male,Pune,Basic,2025-07-01,13,1674.31,1740.89,21542.26,0.2,0.5,25.5,0,6,12.6,37.5,2,1,30.2,2,0,3,0,83627.64
CUST-3544,Ananya Joshi,ananya.joshi.3544@example.com,46,Male,Chennai,Basic,2026-06-19,1,1631.0,1695.86,1614.23,4.2,9.4,5.5,20,1,2.8,24.9,2,0,1.0,0,0,3,0,35875.28
CUST-3545,Amit Iyer,amit.iyer.3545@example.com,28,Female,Chennai,Standard,2025-12-10,7,4386.36,4560.78,30388.86,1.2,2.7,23.9,4,8,-44.4,78.5,0,0,24.1,3,0,3,1,177944.86
CUST-3546,Sneha Deshmukh,sneha.deshmukh.3546@example.com,59,Female,Chennai,Standard,2025-05-31,14,4844.86,5037.52,67130.73,5.2,11.6,3.5,0,3,25.1,5.4,0,0,16.0,0,0,4,0,218438.2
CUST-3547,Karan Gupta,karan.gupta.3547@example.com,49,Male,Chandigarh,Basic,2022-12-27,43,1535.67,1596.74,65354.95,2.8,6.2,23.1,8,4,-37.3,6.4,1,1,36.5,0,0,4,0,82569.85
CUST-3548,Isha Gupta,isha.gupta.3548@example.com,26,Female,Pune,Basic,2025-11-07,8,1458.32,1516.31,11546.62,2.6,5.8,14.8,16,8,19.6,53.0,4,2,41.5,0,0,3,0,70429.58
CUST-3549,Nikhil Mishra,nikhil.mishra.3549@example.com,24,Male,Pune,Basic,2026-04-22,3,1588.49,1651.66,4716.48,4.5,10.0,12.5,4,5,1.6,27.0,0,0,11.9,0,0,4,0,60980.29
CUST-3550,Meera Singh,meera.singh.3550@example.com,52,Male,Jaipur,Basic,2025-08-16,11,1458.27,1516.26,15876.06,4.7,10.5,31.2,8,6,-14.7,26.0,2,1,17.4,0,0,3,0,64661.77
CUST-3551,Amit Mishra,amit.mishra.3551@example.com,41,Male,Ahmedabad,Basic,2026-02-16,5,1610.59,1674.63,7970.16,6.0,13.4,19.4,29,1,-33.0,16.1,2,1,27.8,0,0,4,1,10026.16
CUST-3552,Manish Bhatia,manish.bhatia.3552@example.com,40,Male,Hyderabad,Standard,2026-03-15,4,4863.7,5057.1,19254.79,3.7,8.2,27.2,2,8,7.2,50.1,1,0,10.0,0,0,4,0,244045.09
CUST-3553,Neha Sharma,neha.sharma.3553@example.com,32,Male,Kolkata,Standard,2025-06-22,13,4463.29,4640.77,57426.27,4.0,8.9,27.6,12,5,-26.4,47.4,2,0,1.0,0,1,5,0,204521.21
CUST-3554,Sanjay Reddy,sanjay.reddy.3554@example.com,24,Male,Ahmedabad,Standard,2023-08-19,35,4796.41,4987.14,166148.52,1.3,2.9,36.0,2,1,31.8,44.9,1,0,12.6,1,1,4,0,243337.74
CUST-3555,Kavya Mehta,kavya.mehta.3555@example.com,44,Female,Jaipur,Standard,2024-05-19,26,3831.71,3984.08,98600.27,7.2,16.0,8.7,4,7,32.8,28.0,4,1,13.7,2,1,3,0,200770.74
CUST-3556,Swati Sharma,swati.sharma.3556@example.com,28,Female,Pune,Basic,2026-04-27,3,1821.74,1894.18,5409.03,2.2,4.9,32.1,2,2,44.0,24.0,0,0,9.6,0,1,4,0,67216.34
CUST-3557,Siddharth Rao,siddharth.rao.3557@example.com,44,Male,Delhi NCR,Standard,2024-10-18,21,4441.39,4618.0,92310.34,5.7,12.7,22.2,4,6,5.9,38.1,1,0,19.6,0,1,4,0,242621.15
CUST-3558,Divya Chauhan,divya.chauhan.3558@example.com,28,Male,Hyderabad,Basic,2026-03-25,4,1365.76,1420.07,5406.88,5.7,12.7,17.8,0,3,-13.3,65.2,4,3,54.9,0,0,2,1,32959.64
CUST-3559,Isha Joshi,isha.joshi.3559@example.com,55,Male,Chandigarh,Basic,2026-02-26,5,1681.27,1748.13,8319.93,5.0,11.1,9.4,2,6,-10.3,79.6,1,0,38.1,0,0,4,0,77115.27
CUST-3560,Isha Mishra,isha.mishra.3560@example.com,40,Female,Chennai,Basic,2023-07-16,36,1848.25,1921.75,65852.97,3.7,8.2,28.7,4,9,-12.4,68.7,0,0,21.9,0,0,4,0,126065.28
CUST-3561,Tara Mishra,tara.mishra.3561@example.com,30,Male,Chandigarh,Enterprise,2023-09-10,34,23191.78,24114.0,780414.13,3.4,7.6,11.9,7,6,4.9,54.1,1,1,16.9,0,0,3,0,1200000.0
CUST-3562,Tanvi Agarwal,tanvi.agarwal.3562@example.com,39,Male,Pune,Basic,2026-04-28,3,1654.69,1720.49,4913.04,4.1,9.1,27.7,7,1,10.2,65.6,4,2,43.6,0,0,2,1,38444.64
CUST-3563,Aarav Rao,aarav.rao.3563@example.com,46,Female,Jaipur,Enterprise,2026-06-11,1,30509.22,31722.41,30195.57,0.2,0.5,43.2,6,6,32.5,13.6,3,2,13.9,1,0,2,0,1200000.0
CUST-3564,Pooja Kapoor,pooja.kapoor.3564@example.com,35,Female,Delhi NCR,Standard,2026-02-18,5,3612.67,3756.33,17877.65,4.1,9.1,32.8,2,3,-1.4,24.9,2,2,23.7,2,0,2,1,67368.89
CUST-3565,Sneha Das,sneha.das.3565@example.com,46,Male,Mumbai,Standard,2025-06-15,13,4482.16,4660.39,57669.05,7.3,16.3,37.3,22,4,-41.3,54.6,1,0,13.2,0,1,5,0,202672.18
CUST-3566,Swati Das,swati.das.3566@example.com,40,Male,Chennai,Premium,2024-01-13,30,9594.88,9976.42,284887.19,3.7,8.2,14.1,3,4,-13.4,39.2,1,1,1.0,2,0,3,0,501545.66
CUST-3567,Rhea Agarwal,rhea.agarwal.3567@example.com,36,Male,Kolkata,Basic,2026-05-17,2,1531.15,1592.04,3030.82,4.1,9.1,30.4,1,9,41.6,50.1,4,1,27.0,0,0,4,0,73714.53
CUST-3568,Tara Saxena,tara.saxena.3568@example.com,37,Female,Pune,Basic,2025-11-17,8,1678.34,1745.08,13288.69,2.0,4.5,9.4,6,8,-45.6,65.5,1,1,14.1,1,1,3,0,70261.23
CUST-3569,Aarav Agarwal,aarav.agarwal.3569@example.com,48,Male,Bengaluru,Enterprise,2026-02-17,5,22960.22,23873.23,113620.89,4.6,10.2,19.4,10,7,18.7,61.8,2,1,26.9,0,0,3,0,1053854.64
CUST-3570,Aditi Malhotra,aditi.malhotra.3570@example.com,31,Male,Delhi NCR,Standard,2026-06-17,1,4653.12,4838.15,4605.28,2.6,5.8,41.2,0,5,-12.9,15.8,1,0,12.8,2,0,4,0,185243.93
CUST-3571,Aarav Sharma,aarav.sharma.3571@example.com,25,Female,Delhi NCR,Basic,2024-09-29,22,1351.45,1405.19,29426.24,6.0,13.4,15.3,2,10,-26.7,42.3,0,0,5.9,0,0,4,0,78898.77
CUST-3572,Aarav Deshmukh,aarav.deshmukh.3572@example.com,40,Male,Hyderabad,Basic,2024-07-17,24,1510.13,1570.18,35870.52,6.6,14.7,34.2,13,4,9.1,19.9,0,0,4.0,0,1,4,0,82533.27
CUST-3573,Amit Kumar,amit.kumar.3573@example.com,49,Male,Chandigarh,Enterprise,2026-03-14,4,26908.56,27978.57,106527.71,7.1,15.8,33.2,5,3,41.7,23.3,1,1,23.4,0,0,3,0,1148018.74
CUST-3574,Arjun Rao,arjun.rao.3574@example.com,42,Male,Chennai,Premium,2026-04-19,3,9286.59,9655.87,27573.36,1.2,2.7,33.8,3,1,7.5,0.9,0,0,24.7,0,1,4,0,343654.2
CUST-3575,Simran Joshi,simran.joshi.3575@example.com,35,Male,Pune,Standard,2026-04-15,3,4029.46,4189.69,11964.11,5.7,12.7,8.1,20,9,-9.4,45.2,6,1,32.3,0,0,4,0,173260.25
CUST-3576,Aarav Chauhan,aarav.chauhan.3576@example.com,54,Male,Bengaluru,Basic,2025-10-27,9,1785.0,1855.98,15899.84,5.6,12.5,27.8,0,8,-38.3,0.0,2,0,19.5,0,0,3,0,93909.13
CUST-3577,Arjun Mishra,arjun.mishra.3577@example.com,31,Male,Chennai,Premium,2026-03-12,4,11043.5,11482.64,43719.87,3.3,7.3,20.3,7,1,-4.8,51.5,2,1,30.9,0,0,5,0,398821.5
CUST-3578,Tanvi Saxena,tanvi.saxena.3578@example.com,40,Male,Jaipur,Basic,2025-08-25,11,1807.49,1879.36,19677.99,6.7,14.9,34.0,3,2,-39.3,74.6,0,0,16.9,0,0,4,0,63938.46
CUST-3579,Shreya Nair,shreya.nair.3579@example.com,51,Male,Bengaluru,Standard,2025-12-24,7,4330.32,4502.51,30000.61,5.1,11.4,3.8,0,1,-10.7,54.7,5,3,32.1,0,1,2,1,100024.22
CUST-3580,Isha Patel,isha.patel.3580@example.com,43,Female,Ahmedabad,Standard,2026-03-10,4,4836.62,5028.95,19147.59,7.1,15.8,26.0,1,1,-3.8,43.2,1,1,40.9,0,0,3,0,159226.31
CUST-3581,Rahul Pandey,rahul.pandey.3581@example.com,24,Male,Ahmedabad,Standard,2024-12-01,20,4887.98,5082.35,96754.58,1.5,3.3,24.5,7,9,-68.1,78.8,3,1,16.1,0,0,3,0,245925.92
CUST-3582,Aditi Bose,aditi.bose.3582@example.com,58,Male,Delhi NCR,Standard,2026-04-20,3,4171.89,4337.78,12387.0,2.7,6.0,2.0,0,5,36.9,49.9,3,1,42.9,0,0,4,0,183561.29
CUST-3583,Ananya Bose,ananya.bose.3583@example.com,39,Female,Jaipur,Premium,2024-08-30,23,8991.86,9349.42,204686.64,4.4,9.8,12.3,6,3,-36.7,21.3,2,0,23.6,2,1,3,1,353992.6
CUST-3584,Rahul Verma,rahul.verma.3584@example.com,32,Female,Ahmedabad,Premium,2025-07-28,12,8408.6,8742.97,99865.86,6.7,14.9,2.0,23,2,-7.2,45.0,3,1,21.0,2,0,3,0,182769.51
CUST-3585,Shreya Iyer,shreya.iyer.3585@example.com,23,Female,Delhi NCR,Standard,2024-06-16,25,4269.66,4439.44,105644.14,5.2,11.6,14.0,11,8,12.9,89.0,0,0,1.0,0,0,4,0,235392.41
CUST-3586,Kavya Kapoor,kavya.kapoor.3586@example.com,33,Male,Chandigarh,Basic,2026-06-25,1,1845.57,1918.96,1826.6,2.2,4.9,28.0,3,8,34.6,15.8,1,0,20.0,0,0,5,0,107828.23
CUST-3587,Shreya Nair,shreya.nair.3587@example.com,27,Male,Pune,Basic,2024-11-26,20,1643.38,1708.73,32529.7,7.9,17.6,24.1,1,6,-24.2,8.9,2,1,23.4,0,0,5,0,90871.31
CUST-3588,Rhea Verma,rhea.verma.3588@example.com,50,Female,Delhi NCR,Basic,2026-06-17,1,1699.34,1766.91,1681.87,3.6,8.0,23.9,4,2,-72.3,56.8,2,1,38.6,1,1,3,1,18402.98
CUST-3589,Siddharth Mehta,siddharth.mehta.3589@example.com,51,Female,Pune,Standard,2023-02-02,42,3757.1,3906.5,156175.95,2.3,5.1,10.6,3,1,28.2,36.6,1,1,11.5,0,0,3,0,198863.22
CUST-3590,Aditi Mishra,aditi.mishra.3590@example.com,23,Male,Jaipur,Standard,2025-02-22,17,3799.98,3951.09,63935.54,2.6,5.8,34.3,26,6,-37.0,29.2,2,0,28.7,0,1,5,0,202014.27
CUST-3591,Pooja Kumar,pooja.kumar.3591@example.com,30,Female,Hyderabad,Basic,2026-01-14,6,1592.79,1656.13,9458.49,1.4,3.1,21.8,34,1,8.1,11.8,5,1,41.7,0,0,4,0,30620.99
CUST-3592,Deepak Chauhan,deepak.chauhan.3592@example.com,23,Male,Chennai,Basic,2026-01-10,6,1848.18,1921.67,10975.08,0.2,0.5,22.4,3,6,9.8,0.0,1,0,7.4,1,1,4,0,82362.78
CUST-3593,Neha Joshi,neha.joshi.3593@example.com,50,Other,Delhi NCR,Basic,2024-03-20,28,1538.39,1599.56,42632.09,4.0,8.9,32.3,1,10,-85.0,7.0,0,0,24.9,2,1,3,0,95941.22
CUST-3594,Manish Chauhan,manish.chauhan.3594@example.com,54,Female,Delhi NCR,Standard,2023-10-10,33,4827.27,5019.23,157662.23,0.9,2.0,11.1,18,2,-47.2,80.8,1,0,32.8,1,0,3,0,201816.2
CUST-3595,Sneha Kumar,sneha.kumar.3595@example.com,31,Female,Pune,Standard,2023-11-29,32,3767.46,3917.27,119319.32,4.9,10.9,24.5,11,7,-14.9,41.8,1,0,32.3,1,1,4,0,215736.49
CUST-3596,Karan Mishra,karan.mishra.3596@example.com,55,Female,Ahmedabad,Standard,2024-07-17,24,4462.71,4640.17,106003.95,6.3,14.0,26.7,5,10,-74.4,0.0,6,2,44.6,0,0,3,0,205766.05
CUST-3597,Harsh Saxena,harsh.saxena.3597@example.com,29,Female,Ahmedabad,Premium,2024-07-20,24,9990.82,10388.1,237314.62,5.0,11.1,16.0,3,2,-39.5,70.4,1,0,36.6,0,0,5,0,482357.31
CUST-3598,Rohan Chauhan,rohan.chauhan.3598@example.com,58,Male,Delhi NCR,Premium,2025-07-16,12,10807.4,11237.15,128355.53,4.3,9.6,29.2,4,2,1.4,71.6,2,1,24.8,0,0,4,0,443581.59
CUST-3599,Aditya Chauhan,aditya.chauhan.3599@example.com,54,Male,Ahmedabad,Standard,2026-06-29,1,3603.74,3747.04,3566.69,1.0,2.2,27.2,17,6,-4.5,71.5,1,0,15.5,0,0,3,1,148589.21
CUST-3600,Ananya Kapoor,ananya.kapoor.3600@example.com,27,Male,Ahmedabad,Basic,2026-05-14,2,1448.75,1506.36,2867.71,6.0,13.4,20.9,1,4,6.5,31.9,4,1,42.8,0,1,3,0,54290.55
CUST-3601,Amit Saxena,amit.saxena.3601@example.com,40,Male,Delhi NCR,Standard,2025-04-10,15,3906.59,4061.93,57996.42,8.3,18.5,20.5,12,6,10.6,35.5,4,1,1.0,0,0,3,0,190107.93
CUST-3602,Ananya Saxena,ananya.saxena.3602@example.com,53,Female,Chandigarh,Standard,2025-11-30,8,4928.72,5124.71,39024.4,7.2,16.0,27.8,0,8,-49.1,45.3,3,1,20.6,0,0,4,0,234285.22
CUST-3603,Amit Deshmukh,amit.deshmukh.3603@example.com,48,Male,Chandigarh,Basic,2025-07-27,12,1429.74,1486.59,16980.5,1.4,3.1,30.7,18,10,-38.0,75.6,2,0,6.2,0,0,4,0,79579.8
CUST-3604,Rahul Malhotra,rahul.malhotra.3604@example.com,22,Male,Mumbai,Enterprise,2026-03-27,4,22822.51,23730.04,90351.53,4.0,8.9,22.7,5,3,19.3,28.7,6,1,24.5,1,0,3,0,1041633.79
CUST-3605,Rajesh Das,rajesh.das.3605@example.com,54,Female,Chandigarh,Standard,2025-04-26,15,4347.16,4520.02,64537.03,3.6,8.0,34.3,1,5,40.7,23.9,1,0,21.0,0,1,3,0,199101.85
CUST-3606,Swati Kumar,swati.kumar.3606@example.com,53,Female,Mumbai,Standard,2026-03-21,4,4338.9,4511.44,17177.18,3.4,7.6,29.2,0,5,-29.1,58.7,2,0,23.0,1,0,3,0,169945.55
CUST-3607,Amit Reddy,amit.reddy.3607@example.com,26,Male,Jaipur,Standard,2025-10-14,9,4780.47,4970.56,42581.92,4.3,9.6,2.3,6,10,5.2,71.0,4,1,24.9,0,1,4,0,279374.14
CUST-3608,Rhea Malhotra,rhea.malhotra.3608@example.com,38,Male,Kolkata,Basic,2025-09-10,10,1846.92,1920.36,18279.33,8.7,19.4,6.5,2,9,20.6,40.7,1,0,18.1,0,0,4,0,96660.89
CUST-3609,Neha Bose,neha.bose.3609@example.com,29,Male,Chennai,Basic,2026-04-27,3,1631.65,1696.53,4844.63,4.4,9.8,35.0,7,7,4.7,58.1,1,0,27.6,0,1,4,0,70181.03
CUST-3610,Sneha Rao,sneha.rao.3610@example.com,55,Female,Kolkata,Standard,2024-01-13,30,4900.77,5095.65,145511.63,3.3,7.3,19.3,2,9,-9.0,44.7,3,2,25.1,0,0,3,0,288701.81
CUST-3611,Sneha Pandey,sneha.pandey.3611@example.com,30,Male,Ahmedabad,Basic,2025-08-16,11,1729.55,1798.33,18829.46,4.8,10.7,23.8,0,8,-19.9,36.0,1,0,11.9,0,0,5,0,89091.87
CUST-3612,Rhea Malhotra,rhea.malhotra.3612@example.com,44,Female,Bengaluru,Basic,2024-02-08,29,1487.9,1547.07,42705.51,1.4,3.1,34.5,5,3,53.6,22.1,1,0,5.0,0,1,4,0,87752.17
CUST-3613,Tara Chopra,tara.chopra.3613@example.com,56,Male,Ahmedabad,Enterprise,2026-02-13,5,30622.46,31840.16,151538.23,2.7,6.0,21.9,6,2,0.7,14.3,2,0,15.8,0,0,3,0,1200000.0
CUST-3614,Simran Deshmukh,simran.deshmukh.3614@example.com,28,Male,Delhi NCR,Standard,2026-04-08,3,4533.29,4713.56,13460.06,6.3,14.0,22.4,4,3,8.9,27.2,0,0,1.0,0,1,4,0,179043.97
CUST-3615,Tanvi Pandey,tanvi.pandey.3615@example.com,36,Female,Delhi NCR,Basic,2026-06-09,1,1566.36,1628.65,1550.26,4.6,10.2,12.4,4,6,7.1,18.6,2,2,47.6,0,0,3,1,59651.7
CUST-3616,Simran Gupta,simran.gupta.3616@example.com,41,Male,Chennai,Basic,2026-06-02,2,1705.99,1773.83,3376.9,8.6,19.1,26.1,6,10,-24.7,48.8,1,0,25.5,0,0,4,0,90529.55
CUST-3617,Siddharth Patel,siddharth.patel.3617@example.com,46,Male,Hyderabad,Standard,2026-04-10,3,4160.8,4326.25,12354.07,4.8,10.7,28.5,5,4,-0.6,71.2,2,1,12.2,1,0,3,1,190009.05
CUST-3618,Aditya Bhatia,aditya.bhatia.3618@example.com,24,Male,Hyderabad,Basic,2026-05-21,2,1409.01,1465.04,2789.05,1.6,3.6,15.6,1,1,-11.0,46.9,2,1,38.8,0,1,5,0,49790.47
CUST-3619,Rajesh Saxena,rajesh.saxena.3619@example.com,45,Male,Hyderabad,Basic,2023-11-15,32,1726.31,1794.96,54674.0,0.9,2.0,11.9,1,10,-11.5,19.9,2,0,12.8,1,0,5,0,107207.78
CUST-3620,Rahul Iyer,rahul.iyer.3620@example.com,55,Male,Chandigarh,Standard,2023-09-18,34,4752.53,4941.51,159924.83,6.3,14.0,50.9,1,10,6.9,62.5,4,3,31.6,0,0,3,0,277967.82
CUST-3621,Karan Singh,karan.singh.3621@example.com,43,Male,Jaipur,Basic,2023-04-25,39,1731.47,1800.32,66833.11,2.0,4.5,21.0,8,9,-27.6,49.1,3,0,20.5,3,1,4,0,101361.39
CUST-3622,Tanvi Kapoor,tanvi.kapoor.3622@example.com,32,Male,Ahmedabad,Standard,2022-09-21,46,3919.78,4075.65,178456.2,1.8,4.0,14.5,5,6,-35.7,53.9,1,0,1.0,0,1,4,0,246018.88
CUST-3623,Divya Rao,divya.rao.3623@example.com,29,Male,Delhi NCR,Standard,2025-09-22,10,4938.05,5134.41,48872.84,3.1,6.9,29.8,4,1,12.1,29.5,3,0,11.8,1,0,4,0,180095.69
CUST-3624,Priya Deshmukh,priya.deshmukh.3624@example.com,56,Female,Bengaluru,Basic,2025-08-19,11,1362.35,1416.52,14831.79,6.3,14.0,21.4,12,3,-16.9,69.2,0,0,20.5,0,0,4,0,50116.59
CUST-3625,Ananya Chauhan,ananya.chauhan.3625@example.com,59,Female,Bengaluru,Basic,2026-05-25,2,1523.64,1584.23,3015.95,3.4,7.6,10.1,2,1,-11.7,69.1,0,0,37.4,2,1,4,0,48810.76
CUST-3626,Shreya Rao,shreya.rao.3626@example.com,29,Female,Bengaluru,Standard,2026-04-12,3,3963.14,4120.73,11767.19,2.4,5.3,27.3,6,9,-56.0,37.6,1,1,8.7,1,0,2,0,94984.26
CUST-3627,Isha Chopra,isha.chopra.3627@example.com,58,Female,Hyderabad,Standard,2024-10-22,21,3666.46,3812.26,76204.11,6.7,14.9,12.6,0,4,25.0,59.2,2,0,1.7,0,1,4,0,182503.05
CUST-3628,Shreya Das,shreya.das.3628@example.com,48,Male,Chennai,Basic,2024-03-31,28,1561.97,1624.08,43285.54,6.4,14.2,39.3,10,2,12.7,68.4,1,0,13.1,0,0,4,0,70832.88
CUST-3629,Rajesh Saxena,rajesh.saxena.3629@example.com,49,Male,Hyderabad,Basic,2024-09-25,22,1676.02,1742.67,36493.37,7.7,17.1,27.4,8,4,17.8,30.8,1,0,12.1,0,0,5,0,81854.68
CUST-3630,Rohan Reddy,rohan.reddy.3630@example.com,55,Male,Delhi NCR,Enterprise,2024-05-22,26,30221.13,31422.87,777671.48,7.0,15.6,19.0,12,2,8.8,40.1,3,1,33.4,0,0,3,0,1200000.0
CUST-3631,Rajesh Chopra,rajesh.chopra.3631@example.com,53,Male,Ahmedabad,Basic,2026-02-28,5,1868.34,1942.63,9245.66,6.4,14.2,23.2,16,6,-44.4,43.9,1,0,34.3,0,0,3,1,59569.19
CUST-3632,Amit Deshmukh,amit.deshmukh.3632@example.com,36,Male,Ahmedabad,Enterprise,2025-10-26,9,29569.6,30745.43,263390.49,2.6,5.8,31.9,10,6,4.4,15.7,1,1,36.3,0,1,4,0,1200000.0
CUST-3633,Tara Joshi,tara.joshi.3633@example.com,38,Male,Chennai,Basic,2025-10-19,9,1594.99,1658.41,14207.33,5.6,12.5,24.0,13,7,-19.1,52.6,1,0,10.7,0,0,5,0,70518.81
CUST-3634,Pooja Kapoor,pooja.kapoor.3634@example.com,54,Female,Jaipur,Basic,2022-07-28,48,1728.79,1797.54,82128.82,6.8,15.1,45.3,3,9,-29.0,66.5,2,1,41.4,0,0,3,0,121195.25
CUST-3635,Kavya Kapoor,kavya.kapoor.3635@example.com,37,Female,Chandigarh,Standard,2023-01-27,42,4779.88,4969.95,198691.1,8.1,18.0,34.5,3,9,12.0,38.5,3,1,23.1,0,1,4,0,317922.57
CUST-3636,Karan Singh,karan.singh.3636@example.com,50,Male,Bengaluru,Basic,2025-06-19,13,1593.22,1656.57,20498.93,4.6,10.2,27.4,21,4,44.4,50.2,3,2,38.2,0,1,3,0,69392.38
CUST-3637,Rhea Bhatia,rhea.bhatia.3637@example.com,30,Female,Ahmedabad,Basic,2026-04-21,3,1760.98,1831.01,5228.63,3.2,7.1,11.7,18,9,39.8,75.6,3,2,37.0,0,0,3,0,87524.85
CUST-3638,Isha Das,isha.das.3638@example.com,54,Female,Chennai,Basic,2026-03-02,5,1602.32,1666.04,7929.24,2.3,5.1,20.4,5,8,15.4,32.3,1,1,29.4,0,0,2,0,73525.72
CUST-3639,Neha Kumar,neha.kumar.3639@example.com,50,Female,Bengaluru,Enterprise,2025-12-28,7,25880.8,26909.95,179303.13,6.3,14.0,27.3,3,1,-2.8,50.6,0,0,26.5,0,0,5,0,1200000.0
CUST-3640,Deepak Verma,deepak.verma.3640@example.com,34,Male,Hyderabad,Standard,2024-02-22,29,4335.44,4507.84,124435.21,2.8,6.2,12.9,15,7,-8.0,28.3,3,0,25.7,0,0,4,0,258525.56
CUST-3641,Neha Agarwal,neha.agarwal.3641@example.com,42,Male,Pune,Standard,2026-05-02,3,4545.06,4725.79,13495.0,4.4,9.8,36.2,2,7,-27.3,27.7,2,0,24.7,0,1,5,0,205816.53
CUST-3642,Arjun Reddy,arjun.reddy.3642@example.com,42,Male,Kolkata,Premium,2026-03-11,4,10388.52,10801.62,41126.88,2.4,5.3,11.3,1,10,-9.6,50.2,1,0,9.7,0,0,4,0,518369.5
CUST-3643,Sanjay Joshi,sanjay.joshi.3643@example.com,26,Male,Ahmedabad,Premium,2025-12-20,7,9222.69,9589.43,63895.13,3.9,8.7,15.0,7,4,23.4,47.8,2,1,13.6,0,1,4,0,388833.99
CUST-3644,Arjun Verma,arjun.verma.3644@example.com,31,Female,Jaipur,Standard,2023-06-11,37,4398.75,4573.67,161080.56,5.1,11.4,15.8,0,7,49.0,55.3,0,0,24.9,1,1,5,0,255180.81
CUST-3645,Nikhil Saxena,nikhil.saxena.3645@example.com,27,Male,Chennai,Basic,2025-09-09,10,1826.46,1899.09,18076.83,4.8,10.7,30.2,3,10,-24.9,43.8,2,0,20.0,2,0,4,0,89998.49
CUST-3646,Shreya Agarwal,shreya.agarwal.3646@example.com,34,Male,Chandigarh,Basic,2025-04-16,15,1861.32,1935.34,27632.77,5.7,12.7,13.1,12,10,-57.9,53.2,1,1,34.5,1,0,3,0,83679.1
CUST-3647,Nikhil Nair,nikhil.nair.3647@example.com,22,Female,Jaipur,Basic,2025-12-30,7,1468.33,1526.72,10172.64,1.3,2.9,2.2,2,5,-16.9,82.0,1,0,10.5,0,0,5,0,65254.41
CUST-3648,Deepak Pandey,deepak.pandey.3648@example.com,41,Female,Hyderabad,Basic,2026-04-23,3,1450.27,1507.94,4306.08,4.0,8.9,34.0,20,5,23.3,67.4,1,0,24.9,0,0,5,0,63312.93
CUST-3649,Kavya Singh,kavya.singh.3649@example.com,29,Male,Ahmedabad,Basic,2026-03-15,4,1704.12,1771.88,6746.4,3.2,7.1,17.1,23,5,56.0,50.1,1,1,20.4,0,1,5,0,78215.08
CUST-3650,Priya Saxena,priya.saxena.3650@example.com,31,Female,Delhi NCR,Basic,2024-08-26,23,1566.66,1628.96,35662.74,2.1,4.7,10.2,12,6,34.7,54.1,0,0,11.6,2,1,4,0,85500.71
CUST-3651,Arjun Rao,arjun.rao.3651@example.com,30,Male,Hyderabad,Enterprise,2023-11-14,32,22711.04,23614.14,719281.89,2.6,5.8,13.7,32,7,34.0,34.8,2,2,46.1,0,1,3,0,1200000.0
CUST-3652,Sneha Iyer,sneha.iyer.3652@example.com,24,Male,Chandigarh,Enterprise,2025-09-29,10,25534.02,26549.38,252715.17,2.3,5.1,40.9,5,5,-25.8,38.2,2,1,37.2,1,0,2,0,1121814.63
CUST-3653,Harsh Saxena,harsh.saxena.3653@example.com,32,Male,Hyderabad,Basic,2025-12-11,7,1772.36,1842.84,12278.97,4.9,10.9,14.8,6,9,-25.0,53.8,2,0,18.6,0,1,3,0,88007.32
CUST-3654,Deepak Patel,deepak.patel.3654@example.com,33,Female,Chennai,Basic,2024-07-22,24,1767.47,1837.75,41983.19,5.0,11.1,20.6,13,9,-39.1,44.1,3,2,27.8,3,0,2,1,51051.67
CUST-3655,Varun Iyer,varun.iyer.3655@example.com,31,Female,Jaipur,Basic,2025-03-12,16,1608.64,1672.61,25473.64,6.0,13.4,17.1,5,7,-20.6,61.0,4,1,23.0,0,0,3,0,84377.02
CUST-3656,Deepak Chauhan,deepak.chauhan.3656@example.com,46,Male,Chennai,Basic,2026-06-23,1,1597.04,1660.55,1580.62,4.9,10.9,8.4,3,10,23.6,72.4,3,2,33.8,0,0,3,0,93701.11
CUST-3657,Swati Chauhan,swati.chauhan.3657@example.com,46,Male,Bengaluru,Basic,2025-12-12,7,1653.14,1718.88,11453.01,4.5,10.0,13.8,7,3,43.5,39.6,3,0,11.3,0,1,4,0,72581.59
CUST-3658,Nikhil Chauhan,nikhil.chauhan.3658@example.com,32,Male,Pune,Enterprise,2025-02-20,17,24418.74,25389.75,410850.95,4.4,9.8,7.7,8,4,7.7,0.0,2,1,27.9,0,0,4,0,1200000.0
CUST-3659,Neha Joshi,neha.joshi.3659@example.com,57,Male,Jaipur,Basic,2025-07-19,12,1625.09,1689.71,19300.6,5.6,12.5,32.5,10,4,-9.1,90.8,1,0,9.9,0,0,5,0,80755.0
CUST-3660,Rhea Pandey,rhea.pandey.3660@example.com,47,Male,Pune,Basic,2022-07-29,48,1354.9,1408.78,64366.61,0.2,0.5,23.1,8,7,-31.9,26.3,2,2,50.6,1,1,4,1,83121.7
CUST-3661,Ananya Deshmukh,ananya.deshmukh.3661@example.com,35,Male,Chennai,Basic,2024-02-14,29,1598.6,1662.17,45882.8,4.1,9.1,49.3,10,2,-5.2,46.7,3,1,1.0,1,0,5,0,76846.8
CUST-3662,Rhea Chauhan,rhea.chauhan.3662@example.com,22,Female,Delhi NCR,Enterprise,2026-06-28,1,25439.43,26451.02,25177.9,4.9,10.9,14.2,8,5,3.7,59.5,0,0,8.4,0,1,5,0,1200000.0
CUST-3663,Nikhil Kumar,nikhil.kumar.3663@example.com,25,Female,Ahmedabad,Enterprise,2024-12-08,19,28403.97,29533.45,534127.29,8.0,17.8,12.6,4,4,-43.0,75.8,0,0,25.3,0,0,5,0,1200000.0
CUST-3664,Isha Das,isha.das.3664@example.com,51,Male,Chandigarh,Premium,2026-01-12,6,10109.69,10511.7,60034.54,1.9,4.2,38.9,1,10,23.8,85.3,0,0,34.9,0,1,5,0,475851.33
CUST-3665,Vikram Chauhan,vikram.chauhan.3665@example.com,33,Male,Hyderabad,Standard,2025-03-02,17,4132.14,4296.45,69524.21,1.8,4.0,33.6,11,9,-13.9,33.3,1,1,16.8,3,1,3,1,219866.24
CUST-3666,Swati Pandey,swati.pandey.3666@example.com,56,Male,Hyderabad,Basic,2025-05-13,14,1352.92,1406.72,18746.16,0.2,0.5,26.2,0,1,22.1,70.6,1,0,13.2,0,0,4,0,53465.46
CUST-3667,Meera Singh,meera.singh.3667@example.com,34,Male,Pune,Basic,2025-09-13,10,1481.46,1540.37,14662.3,1.3,2.9,9.7,36,10,-2.3,46.8,3,0,21.5,0,0,4,0,82545.39
CUST-3668,Amit Reddy,amit.reddy.3668@example.com,52,Female,Chandigarh,Standard,2024-04-15,27,4485.57,4663.94,119865.31,3.9,8.7,41.2,13,3,6.3,100.0,2,1,30.0,0,0,3,0,218432.54
CUST-3669,Aditya Kapoor,aditya.kapoor.3669@example.com,59,Female,Jaipur,Premium,2025-01-28,18,8327.05,8658.17,148345.99,2.7,6.0,21.2,8,6,-21.7,68.4,5,2,33.6,0,0,2,0,378099.38
CUST-3670,Rohan Mehta,rohan.mehta.3670@example.com,44,Male,Ahmedabad,Basic,2023-12-14,31,1405.57,1461.46,43124.72,2.6,5.8,17.3,25,4,-11.6,37.7,3,1,33.4,0,1,3,0,57106.95
CUST-3671,Tara Bose,tara.bose.3671@example.com,25,Male,Kolkata,Basic,2026-02-26,5,1688.57,1755.72,8356.05,4.2,9.4,34.6,7,3,16.0,23.0,1,0,19.6,0,1,4,0,71838.28
CUST-3672,Pooja Mehta,pooja.mehta.3672@example.com,37,Female,Pune,Standard,2026-01-25,6,4656.91,4842.09,27654.21,5.4,12.0,21.8,0,6,-5.7,0.0,0,0,19.8,1,0,3,0,211034.5
CUST-3673,Nikhil Iyer,nikhil.iyer.3673@example.com,28,Male,Jaipur,Basic,2025-05-30,14,1517.8,1578.16,21030.75,4.2,9.4,9.2,6,3,-32.9,58.2,2,1,42.8,0,1,4,0,66536.07
CUST-3674,Rohan Mishra,rohan.mishra.3674@example.com,43,Female,Jaipur,Standard,2022-07-24,48,4284.47,4454.84,203540.33,4.3,9.6,22.4,2,7,1.1,66.2,0,0,14.0,0,0,5,0,291852.02
CUST-3675,Harsh Mehta,harsh.mehta.3675@example.com,50,Male,Chandigarh,Standard,2025-12-10,7,4922.76,5118.51,34105.06,5.0,11.1,13.4,3,1,8.8,59.9,6,2,29.1,3,0,1,1,31115.03
CUST-3676,Harsh Agarwal,harsh.agarwal.3676@example.com,32,Female,Chandigarh,Basic,2026-06-08,1,1845.18,1918.55,1826.21,0.4,0.9,2.0,4,9,36.4,0.0,3,0,12.4,0,0,3,0,80492.08
CUST-3677,Isha Nair,isha.nair.3677@example.com,54,Female,Mumbai,Standard,2025-10-30,9,4029.5,4189.73,35892.67,4.5,10.0,12.3,11,10,30.3,11.8,4,2,24.9,0,0,2,0,183442.64
CUST-3678,Rajesh Pandey,rajesh.pandey.3678@example.com,50,Female,Hyderabad,Enterprise,2025-08-28,11,29586.21,30762.7,322102.54,4.0,8.9,16.2,5,2,-3.8,53.5,1,1,22.6,0,0,3,0,1200000.0
CUST-3679,Siddharth Pandey,siddharth.pandey.3679@example.com,33,Female,Ahmedabad,Basic,2024-08-13,23,1660.71,1726.75,37803.65,4.2,9.4,9.3,4,4,-17.3,84.9,1,1,16.6,1,0,3,0,74259.79
CUST-3680,Aarav Deshmukh,aarav.deshmukh.3680@example.com,28,Male,Bengaluru,Basic,2024-12-18,19,1860.89,1934.89,34993.42,3.0,6.7,28.3,2,6,-8.4,40.7,3,1,29.5,0,0,3,0,95576.0
CUST-3681,Rahul Mishra,rahul.mishra.3681@example.com,47,Female,Pune,Basic,2022-08-10,47,1599.68,1663.29,74412.02,3.8,8.5,13.4,5,6,-16.7,68.2,3,1,29.7,0,0,4,0,100554.86
CUST-3682,Neha Verma,neha.verma.3682@example.com,30,Female,Ahmedabad,Standard,2024-09-12,22,4683.42,4869.66,101975.99,5.0,11.1,27.3,2,8,12.2,17.2,2,0,18.9,0,0,5,0,271075.23
CUST-3683,Manish Deshmukh,manish.deshmukh.3683@example.com,55,Male,Mumbai,Premium,2026-02-13,5,10518.46,10936.72,52051.62,7.6,16.9,8.4,2,8,27.2,47.0,1,0,20.8,2,0,2,0,533219.11
CUST-3684,Simran Kumar,simran.kumar.3684@example.com,34,Male,Mumbai,Standard,2025-04-17,15,4295.33,4466.13,63767.58,0.6,1.3,32.0,10,4,32.7,35.4,2,1,33.7,0,0,3,0,168679.85
CUST-3685,Varun Das,varun.das.3685@example.com,57,Male,Ahmedabad,Basic,2025-03-18,16,1766.53,1836.78,27973.91,5.4,12.0,8.0,3,6,-13.5,70.5,1,0,3.7,0,1,5,0,95412.63
CUST-3686,Rajesh Iyer,rajesh.iyer.3686@example.com,46,Male,Chandigarh,Enterprise,2022-07-25,48,24783.11,25768.61,1177359.7,6.8,15.1,2.0,0,9,-16.3,29.0,1,0,19.3,0,1,4,0,1200000.0
CUST-3687,Shreya Nair,shreya.nair.3687@example.com,45,Male,Jaipur,Premium,2026-05-02,3,8484.15,8821.52,25190.79,1.5,3.3,35.6,3,7,-13.8,82.2,2,0,35.3,0,1,4,0,429680.7
CUST-3688,Harsh Singh,harsh.singh.3688@example.com,38,Female,Kolkata,Standard,2026-04-10,3,4194.18,4360.96,12453.19,3.8,8.5,12.6,7,8,-56.1,34.6,3,1,17.6,0,0,3,0,125954.67
CUST-3689,Meera Chauhan,meera.chauhan.3689@example.com,23,Male,Ahmedabad,Basic,2026-04-22,3,1844.18,1917.51,5475.66,4.8,10.7,41.3,12,8,-35.7,16.3,0,0,46.1,0,1,4,1,87509.91
CUST-3690,Tanvi Das,tanvi.das.3690@example.com,34,Female,Pune,Basic,2025-06-16,13,1611.82,1675.91,20738.25,8.4,18.7,28.2,24,2,-3.0,17.1,3,0,12.4,1,0,5,1,58460.63
CUST-3691,Vikram Pandey,vikram.pandey.3691@example.com,52,Male,Bengaluru,Premium,2026-04-09,3,10099.94,10501.56,29988.32,8.8,19.6,30.7,10,7,8.6,27.1,1,1,27.0,0,0,4,0,526102.49
CUST-3692,Priya Patel,priya.patel.3692@example.com,50,Male,Hyderabad,Standard,2025-04-18,15,4472.71,4650.57,66400.92,1.5,3.3,33.5,4,3,11.8,50.9,4,2,35.5,0,1,3,0,199407.9
CUST-3693,Tara Joshi,tara.joshi.3693@example.com,49,Male,Mumbai,Standard,2024-08-08,23,3784.66,3935.16,86152.29,3.6,8.0,23.2,2,7,-23.9,27.4,1,1,6.8,0,0,3,0,214040.96
CUST-3694,Neha Malhotra,neha.malhotra.3694@example.com,48,Male,Delhi NCR,Basic,2025-11-25,8,1553.87,1615.66,12303.16,4.6,10.2,23.4,1,2,-15.8,22.3,2,0,6.4,0,0,5,0,53912.28
CUST-3695,Simran Deshmukh,simran.deshmukh.3695@example.com,36,Male,Delhi NCR,Standard,2025-07-09,12,4588.57,4771.03,54496.77,5.4,12.0,36.1,7,1,-9.5,63.4,0,0,23.9,1,0,4,0,180795.49
CUST-3696,Tanvi Kapoor,tanvi.kapoor.3696@example.com,52,Male,Jaipur,Premium,2023-08-28,35,11160.53,11604.33,386602.79,4.6,10.2,23.2,5,9,-12.7,0.0,1,0,13.2,0,0,4,0,663160.31
CUST-3697,Tara Sharma,tara.sharma.3697@example.com,36,Male,Chandigarh,Enterprise,2025-07-19,12,23969.2,24922.33,284673.41,2.2,4.9,14.0,8,10,17.3,31.7,1,0,5.6,0,0,3,0,1200000.0
CUST-3698,Meera Deshmukh,meera.deshmukh.3698@example.com,54,Female,Hyderabad,Basic,2026-03-19,4,1564.44,1626.65,6193.43,2.1,4.7,28.4,2,10,-38.6,10.0,0,0,30.6,0,1,4,0,78752.08
CUST-3699,Rhea Singh,rhea.singh.3699@example.com,41,Female,Mumbai,Standard,2026-01-25,6,3732.2,3880.61,22162.99,1.0,2.2,2.0,2,1,-34.2,21.2,1,1,27.7,0,0,3,1,72626.66
CUST-3700,Manish Deshmukh,manish.deshmukh.3700@example.com,33,Male,Delhi NCR,Standard,2025-08-30,11,3938.34,4094.95,42876.37,0.2,0.5,36.5,2,1,-10.4,47.8,2,1,22.3,0,0,4,0,158997.17
CUST-3701,Nikhil Singh,nikhil.singh.3701@example.com,58,Female,Delhi NCR,Premium,2026-04-19,3,9285.76,9655.01,27570.89,0.9,2.0,36.7,11,3,-40.2,37.1,1,0,43.4,0,1,5,0,392247.61
CUST-3702,Swati Chopra,swati.chopra.3702@example.com,30,Female,Kolkata,Premium,2025-05-25,14,9801.94,10191.71,135816.4,6.6,14.7,35.2,1,1,-55.2,34.9,0,0,4.0,0,1,4,1,356028.61
CUST-3703,Amit Pandey,amit.pandey.3703@example.com,44,Male,Ahmedabad,Enterprise,2022-08-01,48,24516.48,25491.37,1164693.03,5.7,12.7,34.8,7,7,-43.8,70.5,2,0,3.6,0,1,5,0,1200000.0
CUST-3704,Priya Verma,priya.verma.3704@example.com,29,Female,Chennai,Enterprise,2025-04-27,15,24490.19,25464.04,363576.28,5.4,12.0,21.1,0,7,-8.8,41.7,3,0,11.2,1,0,3,0,1198221.86
CUST-3705,Shreya Gupta,shreya.gupta.3705@example.com,53,Female,Hyderabad,Basic,2025-12-13,7,1757.19,1827.06,12173.88,3.7,8.2,20.8,5,8,15.7,85.3,2,1,27.3,0,1,3,0,94409.4
CUST-3706,Varun Mishra,varun.mishra.3706@example.com,35,Male,Chennai,Premium,2026-01-23,6,11131.08,11573.71,66099.88,4.1,9.1,8.5,0,2,16.2,59.1,1,0,21.4,0,0,3,0,454234.65
CUST-3707,Aditi Bose,aditi.bose.3707@example.com,48,Male,Bengaluru,Standard,2023-06-03,38,4052.04,4213.17,152394.55,3.6,8.0,41.2,1,7,42.5,18.8,2,0,7.3,0,0,4,0,246021.45
CUST-3708,Swati Malhotra,swati.malhotra.3708@example.com,46,Male,Chandigarh,Basic,2024-02-24,29,1710.06,1778.06,49081.91,0.9,2.0,16.7,0,9,0.8,88.4,3,1,7.3,0,0,4,0,114645.54
CUST-3709,Priya Agarwal,priya.agarwal.3709@example.com,34,Male,Ahmedabad,Basic,2025-10-21,9,1484.5,1543.53,13223.15,5.6,12.5,25.7,3,10,4.6,48.7,1,0,23.0,0,1,5,0,81959.54
CUST-3710,Aditi Bhatia,aditi.bhatia.3710@example.com,42,Female,Bengaluru,Basic,2025-12-29,7,1835.95,1908.96,12719.53,6.0,13.4,24.8,3,5,-9.0,86.9,2,2,26.7,0,1,3,0,97797.88
CUST-3711,Siddharth Joshi,siddharth.joshi.3711@example.com,52,Male,Pune,Premium,2025-01-16,18,10218.51,10624.85,182042.25,1.8,4.0,7.3,13,10,-7.7,35.6,3,0,16.1,0,1,5,0,540129.8
CUST-3712,Aditi Chauhan,aditi.chauhan.3712@example.com,58,Female,Mumbai,Basic,2026-01-27,6,1770.22,1840.61,10512.13,1.8,4.0,2.8,1,3,56.3,48.5,2,1,25.0,0,1,5,0,69523.84
CUST-3713,Priya Kapoor,priya.kapoor.3713@example.com,26,Female,Chennai,Premium,2026-05-17,2,8254.55,8582.79,16339.38,4.9,10.9,22.1,0,9,5.3,52.4,0,0,27.5,0,0,5,0,438050.79
CUST-3714,Ananya Rao,ananya.rao.3714@example.com,34,Female,Jaipur,Standard,2026-01-15,6,4436.8,4613.23,26347.12,4.9,10.9,17.0,6,1,7.8,38.0,7,3,33.8,0,0,3,0,100625.64
CUST-3715,Rahul Singh,rahul.singh.3715@example.com,49,Female,Pune,Standard,2025-11-26,8,4337.57,4510.05,34343.82,5.7,12.7,21.0,8,3,-34.1,72.5,2,1,43.1,0,0,3,0,165070.38
CUST-3716,Pooja Rao,pooja.rao.3716@example.com,46,Male,Hyderabad,Basic,2026-02-16,5,1502.82,1562.58,7436.85,7.2,16.0,33.7,2,2,9.5,88.4,1,1,22.2,0,0,3,0,53047.57
CUST-3717,Nikhil Rao,nikhil.rao.3717@example.com,56,Male,Mumbai,Standard,2026-04-02,4,3966.41,4124.13,15702.53,2.0,4.5,24.5,6,2,16.4,0.0,1,1,7.9,0,0,4,0,158546.28
CUST-3718,Nikhil Deshmukh,nikhil.deshmukh.3718@example.com,28,Female,Delhi NCR,Standard,2026-06-20,1,4410.93,4586.33,4365.58,4.0,8.9,30.3,11,3,29.1,61.6,2,1,11.9,0,1,5,0,176748.49
CUST-3719,Shreya Reddy,shreya.reddy.3719@example.com,59,Male,Chennai,Basic,2025-05-18,14,1719.76,1788.15,23829.12,2.1,4.7,26.9,3,10,15.6,20.5,3,1,11.4,3,0,3,0,92186.01
CUST-3720,Isha Bose,isha.bose.3720@example.com,53,Male,Ahmedabad,Premium,2025-06-01,14,8203.58,8529.79,113669.4,2.3,5.1,18.5,5,7,-5.5,0.0,3,1,15.3,0,0,2,0,347260.46
CUST-3721,Harsh Kapoor,harsh.kapoor.3721@example.com,24,Female,Ahmedabad,Standard,2026-04-14,3,4393.26,4567.96,13044.29,3.3,7.3,11.0,1,6,-6.7,54.4,1,1,27.1,0,0,4,0,215598.08
CUST-3722,Neha Gupta,neha.gupta.3722@example.com,58,Female,Pune,Basic,2023-02-10,41,1438.53,1495.73,58373.39,7.2,16.0,24.9,0,9,-4.0,54.5,2,1,36.1,0,0,3,0,96167.28
CUST-3723,Rohan Chauhan,rohan.chauhan.3723@example.com,43,Male,Pune,Premium,2025-11-30,8,8541.19,8880.83,67627.06,6.5,14.5,22.9,29,10,1.0,58.3,2,1,1.0,1,0,3,0,446590.37
CUST-3724,Arjun Saxena,arjun.saxena.3724@example.com,29,Female,Chandigarh,Basic,2026-06-12,1,1676.02,1742.67,1658.79,4.0,8.9,32.1,2,10,33.5,50.9,5,1,34.7,0,0,4,0,75105.23
CUST-3725,Rhea Chopra,rhea.chopra.3725@example.com,38,Female,Delhi NCR,Standard,2026-03-09,4,4034.21,4194.63,15970.95,0.2,0.5,20.3,2,3,28.0,63.0,0,0,33.0,0,0,4,0,164854.68
CUST-3726,Sneha Agarwal,sneha.agarwal.3726@example.com,48,Male,Kolkata,Standard,2025-02-20,17,4216.18,4383.84,70938.2,5.0,11.1,18.7,27,5,19.1,27.5,4,2,56.6,2,0,1,1,71569.17
CUST-3727,Varun Bose,varun.bose.3727@example.com,54,Male,Chennai,Basic,2026-03-22,4,1537.97,1599.13,6088.64,5.0,11.1,19.5,9,9,54.8,48.3,1,0,21.0,1,0,4,0,69290.96
CUST-3728,Siddharth Malhotra,siddharth.malhotra.3728@example.com,38,Female,Bengaluru,Standard,2026-06-25,1,4506.54,4685.74,4460.21,2.2,4.9,11.9,6,3,-76.4,58.8,1,1,2.7,0,1,3,1,92883.52
CUST-3729,Aarav Gupta,aarav.gupta.3729@example.com,33,Male,Hyderabad,Standard,2025-05-22,14,4257.1,4426.38,58986.69,5.9,13.1,37.9,9,8,-14.9,74.5,3,1,7.9,0,0,4,0,238653.54
CUST-3730,Rohan Joshi,rohan.joshi.3730@example.com,48,Male,Chennai,Standard,2025-08-09,11,4947.6,5144.34,53864.1,2.2,4.9,34.5,9,9,-2.3,43.1,1,0,26.7,0,0,4,0,232704.97
CUST-3731,Shreya Joshi,shreya.joshi.3731@example.com,29,Male,Chennai,Basic,2024-10-22,21,1533.98,1594.98,31882.41,5.9,13.1,8.7,10,7,-20.8,36.9,3,1,25.1,0,1,4,0,81059.31
CUST-3732,Sneha Nair,sneha.nair.3732@example.com,44,Female,Delhi NCR,Basic,2024-10-31,21,1737.49,1806.58,36112.18,4.7,10.5,30.8,0,6,-28.0,40.7,2,0,8.4,1,0,4,0,95335.33
CUST-3733,Priya Bhatia,priya.bhatia.3733@example.com,50,Male,Chennai,Basic,2022-10-03,46,1484.09,1543.1,67566.31,1.1,2.4,2.0,3,6,-50.1,13.4,1,0,1.0,0,0,5,0,101903.63
CUST-3734,Divya Reddy,divya.reddy.3734@example.com,41,Male,Chandigarh,Enterprise,2026-06-08,1,26950.51,28022.19,26673.45,3.4,7.6,32.8,2,6,-10.7,60.5,1,1,11.1,0,1,4,0,1200000.0
CUST-3735,Simran Patel,simran.patel.3735@example.com,37,Male,Chennai,Basic,2026-06-29,1,1639.01,1704.18,1622.16,4.5,10.0,14.3,0,5,23.0,7.0,6,0,22.3,0,0,4,0,64158.38
CUST-3736,Deepak Malhotra,deepak.malhotra.3736@example.com,38,Other,Jaipur,Standard,2022-07-26,48,4059.74,4221.17,192864.18,4.8,10.7,26.0,3,7,19.7,51.4,1,0,21.7,0,0,4,0,249773.43
CUST-3737,Pooja Agarwal,pooja.agarwal.3737@example.com,37,Male,Jaipur,Premium,2025-04-26,15,9585.04,9966.19,142297.51,6.4,14.2,2.0,7,7,-23.1,44.0,0,0,27.6,1,0,4,0,499955.68
CUST-3738,Neha Malhotra,neha.malhotra.3738@example.com,40,Female,Mumbai,Premium,2025-01-10,18,8978.73,9335.77,159955.63,6.6,14.7,8.8,1,7,4.2,4.8,3,3,55.8,0,0,3,0,471669.46
CUST-3739,Kavya Deshmukh,kavya.deshmukh.3739@example.com,29,Female,Hyderabad,Premium,2026-05-09,2,8118.0,8440.81,16069.09,3.7,8.2,27.2,2,3,36.0,6.1,0,0,5.5,1,1,4,0,329709.57
CUST-3740,Kavya Reddy,kavya.reddy.3740@example.com,59,Male,Jaipur,Enterprise,2026-05-24,2,24385.95,25355.65,48270.5,5.4,12.0,14.3,7,6,-44.6,21.5,2,0,27.1,2,0,4,0,1036715.69
CUST-3741,Aditi Mehta,aditi.mehta.3741@example.com,59,Female,Hyderabad,Standard,2026-04-13,3,4578.94,4761.02,13595.6,7.6,16.9,12.8,6,9,-6.4,33.7,1,0,7.1,1,0,4,0,240550.28
CUST-3742,Deepak Chauhan,deepak.chauhan.3742@example.com,50,Female,Ahmedabad,Basic,2025-11-18,8,1753.59,1823.32,13884.5,2.1,4.7,37.4,15,9,6.0,77.5,1,1,22.5,0,1,4,0,98227.81
CUST-3743,Vikram Bose,vikram.bose.3743@example.com,57,Female,Chandigarh,Basic,2026-06-02,2,1496.11,1555.6,2961.46,2.9,6.5,46.3,11,4,-1.7,39.3,2,0,7.2,1,0,4,0,55422.05
CUST-3744,Vikram Bose,vikram.bose.3744@example.com,47,Male,Delhi NCR,Basic,2025-10-28,9,1563.18,1625.34,13923.99,0.7,1.6,32.3,25,9,21.8,55.1,1,1,33.2,0,0,4,0,80270.12
CUST-3745,Ananya Kapoor,ananya.kapoor.3745@example.com,52,Female,Delhi NCR,Standard,2025-07-21,12,3651.4,3796.6,43366.34,2.9,6.5,10.0,6,2,-43.9,72.4,0,0,9.0,0,1,4,0,158361.4
CUST-3746,Arjun Kapoor,arjun.kapoor.3746@example.com,33,Female,Jaipur,Basic,2026-06-27,1,1473.48,1532.07,1458.33,4.6,10.2,41.4,8,8,-30.2,67.8,2,0,23.8,0,1,4,0,66904.57
CUST-3747,Amit Iyer,amit.iyer.3747@example.com,38,Other,Chandigarh,Premium,2026-05-12,2,10553.37,10973.02,20889.75,0.2,0.5,4.8,14,2,17.1,41.8,1,1,29.7,0,1,4,0,430201.07
CUST-3748,Simran Nair,simran.nair.3748@example.com,36,Male,Ahmedabad,Basic,2025-12-16,7,1667.03,1733.32,11549.24,5.1,11.4,18.7,13,5,-49.7,25.1,2,0,29.7,0,0,4,0,54602.69
CUST-3749,Isha Bhatia,isha.bhatia.3749@example.com,30,Female,Bengaluru,Basic,2026-06-18,1,1457.06,1515.0,1442.08,3.2,7.1,22.6,9,6,20.7,54.0,2,2,39.0,0,0,2,0,60061.89
CUST-3750,Tara Bose,tara.bose.3750@example.com,33,Male,Chandigarh,Standard,2026-04-26,3,3959.43,4116.88,11756.18,4.1,9.1,43.2,5,2,10.6,25.5,1,1,46.4,3,0,2,0,57730.48
CUST-3751,Harsh Das,harsh.das.3751@example.com,53,Male,Mumbai,Basic,2026-03-26,4,1777.64,1848.33,7037.46,1.7,3.8,32.0,2,9,18.8,85.6,0,0,8.3,1,1,4,0,106682.46
CUST-3752,Siddharth Mishra,siddharth.mishra.3752@example.com,46,Male,Delhi NCR,Premium,2025-11-11,8,8757.64,9105.89,69340.86,4.0,8.9,16.9,15,6,-15.1,62.8,0,0,25.5,0,0,5,0,412466.62
CUST-3753,Kavya Mehta,kavya.mehta.3753@example.com,39,Female,Mumbai,Enterprise,2025-01-30,18,25422.86,26433.8,452907.0,7.7,17.1,11.6,11,8,12.3,47.0,3,1,28.8,0,1,3,0,1200000.0
CUST-3754,Meera Reddy,meera.reddy.3754@example.com,36,Male,Delhi NCR,Premium,2026-05-16,2,10191.6,10596.87,20173.65,3.4,7.6,33.0,13,4,-34.8,54.3,2,1,14.9,0,0,4,1,407769.81
CUST-3755,Rahul Chauhan,rahul.chauhan.3755@example.com,53,Female,Ahmedabad,Basic,2024-12-12,19,1643.49,1708.84,30905.29,0.2,0.5,16.1,1,3,-13.6,46.3,2,0,27.5,0,0,4,0,76330.37
CUST-3756,Sanjay Bose,sanjay.bose.3756@example.com,27,Other,Chennai,Enterprise,2024-03-11,28,26531.55,27586.57,735246.18,6.7,14.9,24.4,2,4,-1.0,33.2,2,0,26.2,0,0,4,0,1200000.0
CUST-3757,Tanvi Nair,tanvi.nair.3757@example.com,56,Male,Kolkata,Basic,2025-04-26,15,1821.15,1893.57,27036.41,5.3,11.8,6.9,4,1,-27.2,54.0,1,0,8.3,2,0,3,0,55949.3
CUST-3758,Aditi Nair,aditi.nair.3758@example.com,55,Female,Chandigarh,Premium,2026-06-13,1,8791.11,9140.69,8700.73,4.4,9.8,28.3,13,1,4.1,36.2,2,1,3.9,1,0,3,0,274788.44
CUST-3759,Rahul Pandey,rahul.pandey.3759@example.com,59,Male,Chandigarh,Basic,2025-10-17,9,1738.09,1807.2,15481.99,5.4,12.0,27.4,16,8,-34.0,88.5,2,1,22.7,1,0,3,0,86689.97
CUST-3760,Ananya Chopra,ananya.chopra.3760@example.com,26,Male,Chennai,Basic,2025-03-15,16,1432.55,1489.52,22685.16,4.4,9.8,8.3,2,1,5.5,25.4,2,1,15.8,0,0,2,0,45325.57
CUST-3761,Manish Patel,manish.patel.3761@example.com,39,Female,Bengaluru,Enterprise,2022-07-26,48,27886.56,28995.46,1324793.86,7.7,17.1,33.3,8,5,46.8,54.2,2,1,26.0,0,0,4,0,1200000.0
CUST-3762,Aditya Patel,aditya.patel.3762@example.com,37,Female,Delhi NCR,Standard,2022-12-22,43,4817.67,5009.24,205030.1,5.8,12.9,28.1,0,10,-37.2,23.2,3,1,24.1,0,0,3,0,333414.15
CUST-3763,Sanjay Bose,sanjay.bose.3763@example.com,29,Female,Bengaluru,Premium,2025-11-18,8,9541.33,9920.74,75545.92,3.2,7.1,30.1,3,9,-2.6,23.0,2,2,53.4,0,0,2,0,469243.66
CUST-3764,Sanjay Mishra,sanjay.mishra.3764@example.com,46,Female,Chandigarh,Standard,2025-05-27,14,4612.86,4796.29,63916.12,7.3,16.3,17.8,5,3,-47.3,0.0,2,1,15.1,1,1,3,1,141280.86
CUST-3765,Tara Verma,tara.verma.3765@example.com,53,Male,Jaipur,Premium,2023-12-02,32,10683.05,11107.86,338343.13,8.0,17.8,24.0,10,10,-25.3,51.9,1,1,31.1,1,0,3,0,684083.7
CUST-3766,Aditi Malhotra,aditi.malhotra.3766@example.com,47,Male,Jaipur,Enterprise,2024-06-16,25,23689.28,24631.28,586143.55,6.1,13.6,22.7,16,2,17.7,29.2,2,0,1.0,0,0,3,0,1200000.0
CUST-3767,Rohan Mishra,rohan.mishra.3767@example.com,43,Male,Pune,Standard,2025-09-21,10,4587.01,4769.41,45398.53,5.1,11.4,20.4,3,5,-14.1,68.0,0,0,4.3,1,0,4,0,196797.44
CUST-3768,Vikram Nair,vikram.nair.3768@example.com,52,Male,Hyderabad,Standard,2026-02-13,5,4886.56,5080.87,24181.62,2.4,5.3,23.9,5,2,18.8,51.9,3,0,10.7,0,0,5,0,190559.5
CUST-3769,Vikram Chauhan,vikram.chauhan.3769@example.com,31,Male,Jaipur,Standard,2026-04-21,3,4405.82,4581.02,13081.58,5.6,12.5,35.8,7,10,8.0,45.6,1,1,13.9,0,0,3,0,211082.63
CUST-3770,Rajesh Deshmukh,rajesh.deshmukh.3770@example.com,33,Male,Jaipur,Enterprise,2025-09-29,10,24127.6,25087.03,238795.56,5.0,11.1,33.8,2,1,-3.8,8.1,2,1,29.2,0,1,2,0,946022.76
CUST-3771,Aarav Chauhan,aarav.chauhan.3771@example.com,49,Male,Delhi NCR,Basic,2025-01-11,18,1415.7,1472.0,25220.63,4.1,9.1,9.0,31,9,-30.8,56.0,0,0,15.7,0,0,4,0,72116.85
CUST-3772,Sneha Nair,sneha.nair.3772@example.com,27,Male,Pune,Standard,2022-07-21,48,3962.64,4120.21,188251.3,5.7,12.7,32.8,15,10,17.2,26.1,2,0,25.9,1,0,4,0,268774.92
CUST-3773,Neha Das,neha.das.3773@example.com,41,Male,Delhi NCR,Basic,2024-03-19,28,1403.41,1459.22,38891.5,4.4,9.8,35.1,2,9,6.5,7.6,1,1,11.7,0,0,3,0,83522.69
CUST-3774,Meera Patel,meera.patel.3774@example.com,26,Female,Chandigarh,Basic,2026-03-15,4,1618.45,1682.81,6407.25,5.4,12.0,20.3,5,1,-44.8,52.3,4,2,34.1,0,0,4,0,31464.88
CUST-3775,Priya Singh,priya.singh.3775@example.com,44,Female,Mumbai,Basic,2025-01-22,18,1385.67,1440.77,24685.64,6.4,14.2,27.6,1,4,-29.0,11.8,2,0,7.1,0,0,4,0,68603.57
CUST-3776,Arjun Patel,arjun.patel.3776@example.com,30,Female,Bengaluru,Standard,2026-02-22,5,3911.79,4067.34,19357.87,1.4,3.1,27.4,5,5,-79.5,0.0,1,1,39.3,0,0,5,1,118892.16
CUST-3777,Deepak Joshi,deepak.joshi.3777@example.com,50,Male,Chandigarh,Premium,2025-02-22,17,9484.66,9861.82,159581.6,2.0,4.5,12.7,8,2,-40.2,73.1,1,1,11.7,1,0,4,0,336322.19
CUST-3778,Siddharth Kapoor,siddharth.kapoor.3778@example.com,37,Female,Mumbai,Standard,2025-03-14,16,4262.41,4431.9,67497.44,2.3,5.1,17.8,0,9,-10.8,28.5,1,0,1.0,1,0,4,0,212857.81
CUST-3779,Rajesh Iyer,rajesh.iyer.3779@example.com,43,Female,Ahmedabad,Standard,2026-02-08,5,4390.46,4565.05,21726.62,8.3,18.5,30.3,15,9,-31.6,0.1,1,1,17.0,0,0,4,0,184809.42
CUST-3780,Karan Saxena,karan.saxena.3780@example.com,29,Male,Ahmedabad,Standard,2026-03-30,4,4586.71,4769.1,18158.23,5.5,12.2,16.5,6,9,-25.3,18.9,3,3,26.5,0,0,1,0,71662.46
CUST-3781,Pooja Gupta,pooja.gupta.3781@example.com,41,Male,Delhi NCR,Standard,2026-05-15,2,3665.2,3810.95,7255.04,5.7,12.7,32.7,34,8,36.9,24.7,5,2,33.7,0,1,2,0,140581.3
CUST-3782,Rohan Chopra,rohan.chopra.3782@example.com,35,Female,Kolkata,Enterprise,2026-06-23,1,23204.51,24127.23,22965.96,6.6,14.7,36.4,0,6,26.8,69.5,2,1,31.0,0,0,4,0,1165840.6
CUST-3783,Isha Saxena,isha.saxena.3783@example.com,58,Female,Kolkata,Standard,2024-03-17,28,3684.28,3830.78,102099.3,2.0,4.5,34.6,13,1,-21.5,2.1,2,0,24.8,0,0,4,0,159001.71
CUST-3784,Kavya Reddy,kavya.reddy.3784@example.com,55,Female,Mumbai,Basic,2026-06-21,1,1571.11,1633.58,1554.96,0.2,0.5,43.8,11,10,20.2,9.9,4,2,6.4,0,0,3,0,82110.43
CUST-3785,Divya Mishra,divya.mishra.3785@example.com,32,Female,Jaipur,Basic,2026-05-09,2,1371.06,1425.58,2713.93,4.1,9.1,21.0,1,5,32.0,65.5,2,0,24.7,1,0,3,0,57716.47
CUST-3786,Pooja Mehta,pooja.mehta.3786@example.com,54,Female,Delhi NCR,Premium,2026-04-02,4,10448.99,10864.49,41366.28,6.1,13.6,23.9,3,8,15.3,31.2,1,0,18.7,0,0,4,0,465198.63
CUST-3787,Harsh Bose,harsh.bose.3787@example.com,52,Other,Mumbai,Enterprise,2023-12-23,31,24450.27,25422.53,750166.17,3.8,8.5,25.5,16,4,6.4,47.5,1,0,24.4,0,0,4,0,1200000.0
CUST-3788,Pooja Bose,pooja.bose.3788@example.com,55,Female,Delhi NCR,Basic,2026-01-19,6,1841.86,1915.1,10937.55,1.3,2.9,21.3,5,8,28.8,30.2,1,1,34.6,0,0,3,0,74734.79
CUST-3789,Neha Singh,neha.singh.3789@example.com,28,Male,Mumbai,Basic,2026-05-02,3,1604.29,1668.08,4763.39,2.3,5.1,28.0,3,6,19.5,90.5,2,1,16.6,0,0,3,0,71479.9
CUST-3790,Simran Agarwal,simran.agarwal.3790@example.com,44,Female,Ahmedabad,Standard,2025-01-31,18,4223.8,4391.76,75246.79,1.7,3.8,3.2,17,1,-36.0,11.0,0,0,5.1,3,0,2,1,38884.22
CUST-3791,Amit Kapoor,amit.kapoor.3791@example.com,28,Male,Pune,Premium,2026-01-11,6,10557.52,10977.34,62693.9,2.9,6.5,24.3,0,1,-7.3,48.8,0,0,19.9,0,1,4,0,413693.63
CUST-3792,Aarav Saxena,aarav.saxena.3792@example.com,46,Female,Delhi NCR,Standard,2026-01-16,6,4597.27,4780.08,27300.05,1.8,4.0,6.8,4,3,-17.5,78.1,2,2,43.6,0,0,3,0,178554.58
CUST-3793,Vikram Saxena,vikram.saxena.3793@example.com,24,Female,Pune,Enterprise,2024-12-26,19,27812.84,28918.81,523011.29,4.5,10.0,11.4,7,1,30.3,33.0,3,1,9.0,2,0,2,0,1200000.0
CUST-3794,Tanvi Bose,tanvi.bose.3794@example.com,59,Female,Ahmedabad,Premium,2026-02-08,5,11044.48,11483.66,54654.69,3.1,6.9,30.1,7,4,-18.3,23.9,4,0,16.8,0,1,5,0,487277.96
CUST-3795,Sneha Kapoor,sneha.kapoor.3795@example.com,41,Female,Kolkata,Premium,2023-11-24,32,9429.07,9804.02,298628.3,5.5,12.2,19.8,2,3,-23.1,60.4,2,2,25.8,1,1,3,0,491137.8
CUST-3796,Karan Mishra,karan.mishra.3796@example.com,55,Male,Chennai,Standard,2025-07-18,12,4730.76,4918.88,56185.5,2.1,4.7,29.7,6,7,26.7,66.1,2,0,9.7,0,0,3,0,226198.47
CUST-3797,Neha Mehta,neha.mehta.3797@example.com,51,Male,Bengaluru,Basic,2025-09-01,11,1548.52,1610.1,16858.6,4.7,10.5,19.6,9,9,5.3,22.8,1,1,19.3,0,0,4,0,68032.29
CUST-3798,Aarav Sharma,aarav.sharma.3798@example.com,38,Male,Chandigarh,Premium,2026-02-09,5,10739.6,11166.66,53145.96,4.1,9.1,34.2,6,7,57.1,77.1,2,0,23.9,0,0,3,0,465315.58
CUST-3799,Sanjay Sharma,sanjay.sharma.3799@example.com,31,Female,Bengaluru,Standard,2024-05-25,26,3962.27,4119.83,101959.93,5.0,11.1,19.4,8,5,-26.1,43.2,2,2,38.9,0,0,3,0,193942.07
CUST-3800,Swati Rao,swati.rao.3800@example.com,56,Female,Bengaluru,Basic,2025-07-28,12,1500.86,1560.54,17825.16,5.3,11.8,2.0,2,1,-16.5,54.2,5,1,13.3,0,0,3,0,55614.0
CUST-3801,Isha Bose,isha.bose.3801@example.com,41,Female,Chandigarh,Basic,2026-04-18,3,1704.74,1772.53,5061.64,5.6,12.5,24.5,13,5,29.4,77.7,0,0,1.0,0,0,4,0,83064.31
CUST-3802,Tanvi Kapoor,tanvi.kapoor.3802@example.com,39,Male,Ahmedabad,Standard,2026-03-30,4,3896.82,4051.78,15427.03,5.9,13.1,2.0,4,1,-37.8,60.5,2,1,36.9,0,0,3,0,78744.77
CUST-3803,Tara Pandey,tara.pandey.3803@example.com,48,Male,Ahmedabad,Standard,2025-10-18,9,3919.84,4075.71,34915.88,5.3,11.8,6.0,32,6,35.0,42.0,3,1,33.6,0,1,4,0,200477.54
CUST-3804,Sanjay Chauhan,sanjay.chauhan.3804@example.com,57,Female,Kolkata,Standard,2024-09-23,22,4026.36,4186.47,87669.27,4.8,10.7,12.3,0,8,-35.8,25.9,5,0,30.9,0,1,4,0,204474.93
CUST-3805,Karan Agarwal,karan.agarwal.3805@example.com,44,Male,Chennai,Basic,2023-03-10,40,1705.3,1773.11,67510.75,2.8,6.2,10.9,3,7,15.1,100.0,2,1,30.6,1,1,3,0,108199.88
CUST-3806,Vikram Bose,vikram.bose.3806@example.com,53,Female,Hyderabad,Standard,2025-03-18,16,4843.93,5036.55,76706.11,6.0,13.4,16.0,1,1,-53.6,23.1,2,0,32.0,0,0,5,0,199492.89
CUST-3807,Siddharth Deshmukh,siddharth.deshmukh.3807@example.com,31,Female,Bengaluru,Basic,2025-09-19,10,1703.01,1770.73,16855.02,2.7,6.0,10.5,6,8,-0.7,49.6,2,1,1.0,0,0,3,0,80279.72
CUST-3808,Vikram Das,vikram.das.3808@example.com,32,Female,Jaipur,Standard,2026-02-12,5,4757.75,4946.94,23544.19,3.6,8.0,6.5,2,9,-40.3,54.2,1,1,22.6,0,1,2,0,238879.13
CUST-3809,Neha Chauhan,neha.chauhan.3809@example.com,59,Male,Bengaluru,Standard,2025-03-14,16,4359.89,4533.26,69041.09,2.4,5.3,39.0,10,10,51.9,55.4,1,1,15.7,0,1,3,0,206995.91
CUST-3810,Vikram Chauhan,vikram.chauhan.3810@example.com,27,Female,Hyderabad,Premium,2022-07-31,48,8316.18,8646.87,395072.9,2.3,5.1,14.5,16,2,-32.0,93.1,1,0,39.8,0,0,5,0,452498.47
CUST-3811,Manish Rao,manish.rao.3811@example.com,55,Male,Delhi NCR,Premium,2025-09-12,10,8415.53,8750.17,83290.14,3.5,7.8,2.0,1,1,-25.2,43.1,3,0,1.6,0,0,5,0,318690.55
CUST-3812,Manish Bose,manish.bose.3812@example.com,57,Other,Kolkata,Premium,2026-04-11,3,9845.24,10236.73,29232.08,3.7,8.2,18.0,1,6,13.0,39.7,1,0,1.0,0,0,4,0,472886.99
CUST-3813,Meera Reddy,meera.reddy.3813@example.com,58,Male,Pune,Premium,2026-05-18,2,9131.56,9494.67,18075.37,2.5,5.6,9.6,15,4,-18.8,79.3,1,0,8.5,0,0,4,0,392181.28
CUST-3814,Neha Iyer,neha.iyer.3814@example.com,38,Male,Pune,Standard,2026-02-20,5,3907.82,4063.21,19338.23,4.2,9.4,12.3,3,7,17.6,38.7,2,1,17.7,0,0,2,0,183147.24
CUST-3815,Meera Kapoor,meera.kapoor.3815@example.com,33,Female,Hyderabad,Basic,2025-07-19,12,1593.72,1657.09,18928.03,4.5,10.0,29.8,4,3,-21.9,63.0,1,1,19.5,1,0,3,0,58047.11
CUST-3816,Tara Malhotra,tara.malhotra.3816@example.com,42,Male,Bengaluru,Standard,2023-01-23,42,4531.96,4712.17,188385.5,3.1,6.9,17.1,1,3,-24.1,46.7,1,0,26.8,1,0,3,0,271360.79
CUST-3817,Siddharth Deshmukh,siddharth.deshmukh.3817@example.com,40,Female,Pune,Standard,2026-02-08,5,4137.95,4302.49,20477.05,9.0,20.0,9.3,4,8,-2.8,64.1,5,4,65.8,0,0,2,0,148628.67
CUST-3818,Siddharth Verma,siddharth.verma.3818@example.com,24,Female,Hyderabad,Standard,2026-01-07,6,4722.38,4910.16,28042.99,4.9,10.9,26.9,1,7,-36.1,59.4,2,1,35.6,0,0,3,0,203668.21
CUST-3819,Ananya Mishra,ananya.mishra.3819@example.com,39,Female,Chandigarh,Standard,2025-09-21,10,4632.77,4816.99,45851.43,4.4,9.8,34.6,8,5,9.1,32.3,2,1,53.7,0,0,3,1,202722.58
CUST-3820,Neha Agarwal,neha.agarwal.3820@example.com,40,Other,Ahmedabad,Enterprise,2023-08-01,36,28929.35,30079.72,1030749.9,2.8,6.2,27.9,5,3,22.6,0.0,2,0,31.4,1,1,3,0,1200000.0
CUST-3821,Aditya Kapoor,aditya.kapoor.3821@example.com,27,Male,Mumbai,Basic,2025-11-08,8,1865.98,1940.18,14774.37,4.5,10.0,2.0,11,1,13.5,1.8,3,1,16.4,0,0,4,0,63465.08
CUST-3822,Harsh Reddy,harsh.reddy.3822@example.com,37,Female,Ahmedabad,Basic,2026-03-10,4,1503.99,1563.8,5954.11,4.7,10.5,9.7,2,3,16.0,0.0,5,2,30.7,0,1,3,0,45091.64
CUST-3823,Tanvi Bose,tanvi.bose.3823@example.com,29,Male,Bengaluru,Enterprise,2026-04-16,3,28140.22,29259.21,83552.77,4.2,9.4,22.5,5,9,-55.9,39.8,2,1,33.5,1,0,3,0,1200000.0
CUST-3824,Rhea Agarwal,rhea.agarwal.3824@example.com,39,Male,Hyderabad,Premium,2025-10-28,9,10793.56,11222.76,96143.37,7.2,16.0,19.3,2,1,-14.9,0.0,1,0,2.1,0,0,5,0,453372.64
CUST-3825,Kavya Das,kavya.das.3825@example.com,33,Female,Delhi NCR,Basic,2024-08-20,23,1653.15,1718.89,37631.56,0.6,1.3,18.4,20,5,-8.4,38.2,2,0,12.3,0,0,5,0,83002.91
CUST-3826,Aditi Agarwal,aditi.agarwal.3826@example.com,31,Male,Pune,Enterprise,2026-02-21,5,29406.97,30576.33,145523.26,3.4,7.6,11.2,5,4,38.7,45.2,1,0,23.8,0,0,4,0,1200000.0
CUST-3827,Amit Bose,amit.bose.3827@example.com,28,Female,Pune,Basic,2025-08-28,11,1566.54,1628.83,17054.79,5.7,12.7,6.5,1,6,-18.3,62.5,2,0,38.9,2,0,3,0,73575.52
CUST-3828,Rajesh Kumar,rajesh.kumar.3828@example.com,22,Male,Pune,Premium,2025-06-21,13,9958.94,10354.96,128135.24,2.3,5.1,44.1,2,2,-66.4,54.1,3,1,24.4,0,0,4,1,375321.92
CUST-3829,Vikram Chopra,vikram.chopra.3829@example.com,57,Female,Hyderabad,Standard,2025-10-25,9,3677.01,3823.23,32752.88,1.0,2.2,22.3,0,4,-30.1,63.6,0,0,18.3,0,0,5,0,170334.99
CUST-3830,Tanvi Chopra,tanvi.chopra.3830@example.com,42,Female,Ahmedabad,Standard,2026-04-09,3,4978.83,5176.81,14782.94,3.1,6.9,29.1,0,9,-20.5,51.9,2,0,22.2,0,0,4,0,257990.6
CUST-3831,Shreya Malhotra,shreya.malhotra.3831@example.com,58,Male,Delhi NCR,Premium,2023-07-23,36,10618.88,11041.14,378349.65,6.4,14.2,22.1,5,5,-62.4,34.2,1,0,1.0,0,0,3,0,552221.69
CUST-3832,Harsh Deshmukh,harsh.deshmukh.3832@example.com,45,Female,Hyderabad,Basic,2025-07-18,12,1804.92,1876.69,21436.37,2.4,5.3,22.5,3,8,25.1,39.5,2,1,19.7,0,0,4,0,109460.08
CUST-3833,Aarav Kapoor,aarav.kapoor.3833@example.com,46,Female,Bengaluru,Basic,2024-12-31,19,1713.36,1781.49,32219.17,3.5,7.8,21.3,24,2,-45.9,21.6,0,0,5.7,0,1,4,1,58458.72
CUST-3834,Deepak Chauhan,deepak.chauhan.3834@example.com,28,Male,Kolkata,Standard,2025-04-30,15,3859.5,4012.97,57297.34,5.1,11.4,9.7,1,9,10.5,47.5,1,0,25.3,0,0,5,0,201088.38
CUST-3835,Rohan Bhatia,rohan.bhatia.3835@example.com,38,Male,Bengaluru,Basic,2022-07-17,48,1365.38,1419.67,64864.47,3.0,6.7,5.3,11,7,-32.6,4.0,1,0,10.7,0,0,4,0,88623.56
CUST-3836,Ananya Saxena,ananya.saxena.3836@example.com,50,Female,Mumbai,Enterprise,2025-10-16,9,30064.54,31260.05,267799.15,3.3,7.3,26.2,2,7,40.2,67.6,1,0,30.6,0,0,4,0,1200000.0
CUST-3837,Vikram Rao,vikram.rao.3837@example.com,51,Male,Kolkata,Standard,2025-11-30,8,4153.82,4319.0,32888.93,2.8,6.2,24.1,1,2,-9.7,19.0,0,0,21.2,0,0,4,0,166639.15
CUST-3838,Varun Gupta,varun.gupta.3838@example.com,28,Male,Bengaluru,Basic,2025-12-11,7,1487.54,1546.69,10305.73,3.0,6.7,32.3,26,8,-15.4,45.7,3,1,22.1,0,0,3,0,59567.51
CUST-3839,Aditya Saxena,aditya.saxena.3839@example.com,54,Female,Delhi NCR,Standard,2025-12-21,7,4385.25,4559.63,30381.17,1.8,4.0,30.1,12,9,12.8,49.7,1,1,17.3,0,0,4,0,224444.14
CUST-3840,Vikram Singh,vikram.singh.3840@example.com,28,Female,Chennai,Basic,2026-02-14,5,1569.92,1632.35,7768.9,3.7,8.2,13.1,7,10,-30.2,69.9,3,1,15.4,1,0,3,0,79871.45
CUST-3841,Aarav Joshi,aarav.joshi.3841@example.com,45,Female,Chennai,Basic,2022-07-29,48,1691.0,1758.24,80333.55,6.4,14.2,34.5,8,5,14.1,1.7,3,1,43.3,0,0,4,0,109609.74
CUST-3842,Manish Chopra,manish.chopra.3842@example.com,32,Female,Chennai,Standard,2024-02-16,29,4276.24,4446.28,122736.06,7.5,16.7,30.4,35,3,-15.5,34.2,2,2,7.6,0,0,4,1,147236.57
CUST-3843,Nikhil Deshmukh,nikhil.deshmukh.3843@example.com,30,Female,Mumbai,Enterprise,2026-01-30,6,28599.65,29736.91,169833.79,6.8,15.1,29.6,6,3,-18.6,55.2,3,0,15.0,0,1,4,0,1200000.0
CUST-3844,Kavya Saxena,kavya.saxena.3844@example.com,33,Male,Mumbai,Standard,2026-01-24,6,4793.59,4984.21,28465.86,4.5,10.0,46.7,0,6,-4.5,84.0,1,1,25.0,0,0,3,0,241636.55
CUST-3845,Neha Sharma,neha.sharma.3845@example.com,56,Male,Chennai,Basic,2026-05-20,2,1451.7,1509.43,2873.55,7.7,17.1,44.5,0,1,-32.5,41.1,1,0,1.0,1,0,4,0,41416.76
CUST-3846,Pooja Saxena,pooja.saxena.3846@example.com,25,Male,Chandigarh,Standard,2024-01-27,30,4060.19,4221.64,120553.48,9.0,20.0,29.6,8,10,-7.3,27.7,1,1,39.7,0,0,4,0,254978.63
CUST-3847,Tanvi Gupta,tanvi.gupta.3847@example.com,57,Female,Pune,Basic,2025-12-24,7,1578.28,1641.04,10934.38,4.6,10.2,28.2,8,9,7.5,90.6,3,1,26.5,0,0,3,0,77968.46
CUST-3848,Varun Mishra,varun.mishra.3848@example.com,49,Male,Kolkata,Basic,2025-08-02,12,1853.84,1927.56,22017.38,2.1,4.7,33.9,10,6,-66.6,61.3,1,0,24.8,0,0,4,0,88689.04
CUST-3849,Rhea Rao,rhea.rao.3849@example.com,34,Male,Kolkata,Premium,2023-10-29,33,9249.77,9617.59,302104.36,7.0,15.6,15.6,0,9,28.6,75.0,2,0,24.9,0,0,4,0,551831.57
CUST-3850,Meera Sharma,meera.sharma.3850@example.com,44,Male,Pune,Enterprise,2025-11-25,8,25833.59,26860.86,204544.06,1.7,3.8,15.7,21,3,20.8,13.0,1,1,34.9,0,0,3,0,1109854.27
CUST-3851,Aditya Joshi,aditya.joshi.3851@example.com,40,Male,Ahmedabad,Basic,2024-07-25,24,1691.94,1759.22,40189.1,2.3,5.1,29.4,6,10,-53.9,54.5,1,1,33.7,0,0,4,0,116526.14
CUST-3852,Karan Patel,karan.patel.3852@example.com,58,Male,Chandigarh,Standard,2025-11-18,8,4185.83,4352.28,33142.38,0.2,0.5,12.6,7,3,-58.3,16.0,1,0,25.7,0,0,4,1,103406.95
CUST-3853,Simran Kumar,simran.kumar.3853@example.com,45,Female,Chennai,Enterprise,2025-02-23,17,30821.97,32047.6,518586.78,5.7,12.7,28.5,0,10,21.6,10.7,2,1,28.7,0,1,3,0,1200000.0
CUST-3854,Aditi Verma,aditi.verma.3854@example.com,37,Male,Pune,Basic,2025-11-28,8,1818.38,1890.69,14397.49,0.2,0.5,23.7,24,7,19.4,56.0,0,0,27.9,0,1,4,0,95909.3
CUST-3855,Sanjay Malhotra,sanjay.malhotra.3855@example.com,54,Male,Hyderabad,Basic,2025-12-13,7,1618.46,1682.82,11212.75,6.3,14.0,12.6,6,7,15.4,57.6,1,0,48.7,1,0,4,0,78975.62
CUST-3856,Rhea Gupta,rhea.gupta.3856@example.com,33,Male,Kolkata,Enterprise,2022-07-20,48,28140.66,29259.67,1336865.27,8.0,17.8,22.3,6,4,-42.0,30.4,1,0,5.8,0,0,4,0,1200000.0
CUST-3857,Harsh Rao,harsh.rao.3857@example.com,55,Female,Hyderabad,Premium,2025-05-30,14,8281.88,8611.21,114754.33,7.8,17.4,36.4,21,8,49.2,76.4,1,0,22.2,1,0,3,0,394653.79
CUST-3858,Sanjay Joshi,sanjay.joshi.3858@example.com,28,Female,Pune,Basic,2025-12-30,7,1714.12,1782.28,11875.49,1.5,3.3,22.9,19,2,-23.1,33.1,2,1,34.1,0,0,3,1,27889.06
CUST-3859,Rahul Sharma,rahul.sharma.3859@example.com,32,Male,Pune,Standard,2026-02-07,5,4588.93,4771.41,22708.77,0.3,0.7,23.0,1,1,4.7,35.5,0,0,1.0,0,1,5,0,176728.59
CUST-3860,Rajesh Bose,rajesh.bose.3860@example.com,52,Female,Bengaluru,Basic,2026-06-12,1,1537.55,1598.69,1521.74,2.9,6.5,25.6,20,1,5.0,41.1,2,1,46.7,0,1,4,0,43755.74
CUST-3861,Meera Das,meera.das.3861@example.com,50,Male,Bengaluru,Standard,2025-01-09,18,3906.58,4061.92,69595.53,6.0,13.4,27.1,10,2,42.6,36.2,5,2,39.8,2,1,2,0,152251.87
CUST-3862,Siddharth Chauhan,siddharth.chauhan.3862@example.com,34,Female,Delhi NCR,Premium,2025-12-11,7,10981.28,11417.95,76078.71,6.7,14.9,18.4,0,6,1.5,72.7,1,1,27.7,0,0,4,0,430635.53
CUST-3863,Karan Chauhan,karan.chauhan.3863@example.com,52,Male,Delhi NCR,Standard,2024-06-19,25,4196.34,4363.21,103829.99,5.6,12.5,25.9,2,8,9.6,17.0,2,1,19.7,0,0,3,0,236126.78
CUST-3864,Rhea Joshi,rhea.joshi.3864@example.com,23,Female,Mumbai,Standard,2025-12-24,7,4514.06,4693.56,31273.57,5.3,11.8,10.5,3,3,-4.2,23.9,3,1,34.1,0,0,3,1,189403.55
CUST-3865,Deepak Sharma,deepak.sharma.3865@example.com,36,Female,Mumbai,Basic,2025-12-14,7,1366.59,1420.93,9467.79,9.2,20.5,13.2,6,6,-35.5,13.4,1,1,10.6,0,0,4,0,51747.93
CUST-3866,Neha Kumar,neha.kumar.3866@example.com,32,Female,Chennai,Basic,2024-09-27,22,1566.34,1628.63,34105.22,3.2,7.1,14.6,9,8,-66.9,87.2,4,2,52.8,0,1,3,0,71636.66
CUST-3867,Ananya Chauhan,ananya.chauhan.3867@example.com,55,Male,Bengaluru,Basic,2025-09-29,10,1777.87,1848.57,17595.93,2.6,5.8,27.2,1,9,-1.1,34.2,2,2,44.6,0,0,4,0,87711.93
CUST-3868,Tanvi Singh,tanvi.singh.3868@example.com,25,Male,Chennai,Premium,2023-12-16,31,9319.83,9690.43,285944.54,1.7,3.8,23.8,13,8,-41.5,23.6,2,0,14.5,0,0,4,0,592317.16
CUST-3869,Deepak Bhatia,deepak.bhatia.3869@example.com,32,Female,Pune,Standard,2025-06-17,13,4443.31,4620.0,57169.2,5.1,11.4,20.5,14,7,7.8,35.1,0,0,33.3,0,0,5,0,183123.91
CUST-3870,Swati Kumar,swati.kumar.3870@example.com,50,Male,Chennai,Basic,2026-03-31,4,1459.2,1517.22,5776.79,3.8,8.5,29.6,7,4,2.2,62.4,1,1,3.1,0,1,4,0,64370.33
CUST-3871,Simran Reddy,simran.reddy.3871@example.com,23,Female,Pune,Standard,2025-08-01,12,4182.09,4348.39,49669.15,5.9,13.1,26.2,19,3,1.5,57.9,3,0,3.9,0,0,3,1,176944.32
CUST-3872,Arjun Kumar,arjun.kumar.3872@example.com,37,Female,Kolkata,Premium,2026-07-01,1,11020.83,11459.07,10907.53,3.3,7.3,18.8,12,7,-31.5,28.2,3,1,24.8,1,0,3,0,337549.58
CUST-3873,Tanvi Kapoor,tanvi.kapoor.3873@example.com,34,Female,Bengaluru,Standard,2026-01-09,6,4391.93,4566.57,26080.67,5.5,12.2,10.6,1,1,27.0,32.4,2,0,17.3,0,0,4,0,212810.92
CUST-3874,Divya Sharma,divya.sharma.3874@example.com,58,Male,Delhi NCR,Basic,2026-03-24,4,1822.3,1894.76,7214.26,3.4,7.6,13.0,12,7,11.3,7.1,0,0,21.4,0,0,5,0,92009.66
CUST-3875,Rhea Chopra,rhea.chopra.3875@example.com,38,Female,Chennai,Basic,2025-04-18,15,1822.34,1894.81,27054.08,3.9,8.7,5.9,22,6,-35.1,45.3,4,3,42.5,0,1,2,0,33038.28
CUST-3876,Pooja Chopra,pooja.chopra.3876@example.com,42,Female,Bengaluru,Basic,2026-04-30,3,1844.45,1917.79,5476.46,4.1,9.1,23.5,1,3,55.9,72.8,1,0,31.0,0,0,4,0,83580.54
CUST-3877,Tara Chauhan,tara.chauhan.3877@example.com,40,Female,Kolkata,Premium,2026-02-23,5,10919.27,11353.47,54035.07,0.6,1.3,12.5,28,3,-7.9,28.0,4,2,14.6,0,1,3,0,252159.56
CUST-3878,Deepak Deshmukh,deepak.deshmukh.3878@example.com,28,Male,Hyderabad,Standard,2026-01-14,6,3603.69,3746.99,21399.85,3.9,8.7,16.6,0,2,-39.4,57.3,2,1,1.1,0,0,2,0,92940.64
CUST-3879,Sneha Pandey,sneha.pandey.3879@example.com,59,Male,Delhi NCR,Premium,2026-06-22,1,11040.92,11479.96,10927.41,5.4,12.0,20.6,5,1,-23.2,28.0,0,0,1.0,0,0,5,0,395827.78
CUST-3880,Rhea Nair,rhea.nair.3880@example.com,29,Male,Chandigarh,Premium,2026-06-26,1,8532.05,8871.33,8444.34,2.1,4.7,33.5,11,5,-44.2,15.7,2,0,1.0,0,1,5,0,333793.75
CUST-3881,Varun Mishra,varun.mishra.3881@example.com,34,Male,Jaipur,Enterprise,2026-01-13,6,22848.44,23757.0,135681.28,8.2,18.3,32.2,11,7,36.1,58.3,2,1,24.6,0,1,4,0,1200000.0
CUST-3882,Aarav Agarwal,aarav.agarwal.3882@example.com,58,Female,Bengaluru,Basic,2026-03-09,4,1378.16,1432.96,5455.97,4.2,9.4,21.4,9,7,28.3,98.3,1,0,14.4,0,1,5,0,65061.0
CUST-3883,Deepak Nair,deepak.nair.3883@example.com,23,Female,Ahmedabad,Basic,2026-05-27,2,1532.16,1593.09,3032.82,2.9,6.5,35.9,5,6,18.7,55.0,3,1,28.0,1,0,3,0,72268.7
CUST-3884,Sneha Iyer,sneha.iyer.3884@example.com,32,Male,Bengaluru,Standard,2026-04-08,3,4468.01,4645.68,13266.23,2.8,6.2,2.0,7,10,13.4,32.1,2,0,20.5,0,0,4,0,250742.89
CUST-3885,Harsh Bose,harsh.bose.3885@example.com,45,Female,Pune,Basic,2024-06-01,26,1560.17,1622.21,40147.4,7.1,15.8,42.6,9,6,33.0,33.6,2,0,19.5,0,1,5,0,91205.17
CUST-3886,Swati Bhatia,swati.bhatia.3886@example.com,27,Male,Chandigarh,Premium,2025-02-26,17,8179.59,8504.85,137623.49,2.5,5.6,29.6,5,7,-8.8,87.8,1,0,1.0,0,1,5,0,418538.78
CUST-3887,Ananya Mishra,ananya.mishra.3887@example.com,47,Male,Ahmedabad,Premium,2025-09-27,10,9599.85,9981.59,95011.59,4.8,10.7,23.1,6,8,9.8,49.4,4,2,29.7,1,1,3,0,451140.38
CUST-3888,Vikram Chauhan,vikram.chauhan.3888@example.com,28,Male,Chennai,Standard,2023-09-20,34,4217.93,4385.66,141935.3,6.1,13.6,12.2,14,5,-24.7,23.6,3,1,18.2,0,1,4,0,230504.78
CUST-3889,Siddharth Gupta,siddharth.gupta.3889@example.com,40,Male,Kolkata,Basic,2026-06-15,1,1746.18,1815.62,1728.23,5.4,12.0,17.2,2,1,-6.3,40.5,0,0,31.0,0,0,4,0,59764.13
CUST-3890,Isha Kapoor,isha.kapoor.3890@example.com,27,Female,Ahmedabad,Basic,2026-01-28,6,1495.8,1555.28,8882.53,3.0,6.7,28.7,5,7,10.6,47.2,4,1,28.5,3,0,2,0,54628.66
CUST-3891,Siddharth Patel,siddharth.patel.3891@example.com,50,Male,Chennai,Standard,2024-06-29,25,3903.57,4058.79,96585.98,6.0,13.4,29.0,0,2,-85.0,53.3,2,0,38.7,0,1,5,0,193504.71
CUST-3892,Aditi Bhatia,aditi.bhatia.3892@example.com,23,Female,Chennai,Premium,2025-05-10,14,8905.22,9259.33,123391.38,4.5,10.0,29.4,8,5,-19.4,78.3,6,3,28.5,0,0,1,1,305484.77
CUST-3893,Aarav Kumar,aarav.kumar.3893@example.com,40,Male,Chennai,Basic,2022-07-22,48,1508.46,1568.44,71661.71,0.6,1.3,14.0,1,7,2.6,72.6,2,0,12.8,0,1,5,0,102573.57
CUST-3894,Deepak Pandey,deepak.pandey.3894@example.com,25,Female,Pune,Basic,2023-02-10,41,1663.45,1729.6,67500.3,6.8,15.1,11.8,4,7,-4.2,46.8,2,0,27.4,0,0,5,0,112710.0
CUST-3895,Deepak Kapoor,deepak.kapoor.3895@example.com,27,Male,Ahmedabad,Basic,2026-04-12,3,1596.49,1659.97,4740.23,2.9,6.5,24.1,1,9,-14.7,41.0,4,1,18.4,3,0,2,0,59867.15
CUST-3896,Shreya Chopra,shreya.chopra.3896@example.com,58,Male,Mumbai,Enterprise,2022-07-10,48,25446.81,26458.7,1208889.78,3.8,8.5,30.5,0,5,14.5,51.5,0,0,20.9,0,0,4,0,1200000.0
CUST-3897,Karan Bhatia,karan.bhatia.3897@example.com,49,Male,Kolkata,Standard,2023-03-04,41,4123.01,4286.96,167305.56,4.8,10.7,22.0,4,6,-21.8,27.4,2,1,17.1,0,0,4,0,269564.04
CUST-3898,Pooja Verma,pooja.verma.3898@example.com,51,Male,Hyderabad,Enterprise,2025-12-13,7,25744.55,26768.28,178359.18,3.1,6.9,38.3,4,10,-36.2,65.5,1,1,38.4,2,1,2,0,1200000.0
CUST-3899,Simran Chauhan,simran.chauhan.3899@example.com,28,Male,Bengaluru,Premium,2022-07-30,48,11161.84,11605.69,530260.35,5.8,12.9,22.4,4,6,31.1,37.1,1,0,1.0,0,1,4,0,756814.48
CUST-3900,Rhea Bhatia,rhea.bhatia.3900@example.com,30,Female,Pune,Standard,2026-06-09,1,3925.21,4081.3,3884.86,1.9,4.2,22.0,1,1,27.2,53.8,1,1,47.4,0,0,3,0,144685.43
CUST-3901,Rhea Reddy,rhea.reddy.3901@example.com,46,Female,Delhi NCR,Basic,2025-03-31,16,1778.3,1849.01,28160.29,3.0,6.7,29.4,22,10,-18.8,83.1,4,0,25.6,0,0,4,0,95320.51
CUST-3902,Manish Kapoor,manish.kapoor.3902@example.com,54,Female,Hyderabad,Basic,2026-02-10,5,1720.66,1789.08,8514.85,6.8,15.1,35.4,0,7,-3.9,55.3,3,1,30.4,0,0,4,0,73356.87
CUST-3903,Shreya Nair,shreya.nair.3903@example.com,22,Female,Kolkata,Standard,2026-05-15,2,3606.9,3750.33,7139.64,4.3,9.6,7.2,16,10,21.7,47.5,1,0,21.1,0,0,4,0,198288.18
CUST-3904,Sneha Bhatia,sneha.bhatia.3904@example.com,27,Male,Pune,Premium,2025-06-20,13,11227.26,11673.71,144453.89,2.0,4.5,9.7,10,7,-0.8,29.6,1,1,16.1,1,0,3,0,527279.42
CUST-3905,Siddharth Pandey,siddharth.pandey.3905@example.com,39,Male,Hyderabad,Basic,2026-01-25,6,1745.97,1815.4,10368.12,4.4,9.8,18.6,1,4,12.8,40.1,1,1,32.9,0,1,4,0,81929.1
CUST-3906,Sneha Nair,sneha.nair.3906@example.com,31,Other,Bengaluru,Basic,2025-03-24,16,1707.15,1775.03,27033.59,5.0,11.1,56.7,4,4,11.3,14.7,2,0,10.2,0,1,4,0,69207.89
CUST-3907,Manish Verma,manish.verma.3907@example.com,49,Female,Chennai,Standard,2025-08-30,11,4166.41,4332.09,45359.35,0.9,2.0,19.1,33,6,-10.9,54.8,2,0,1.0,1,0,5,0,199121.89
CUST-3908,Neha Nair,neha.nair.3908@example.com,32,Female,Chandigarh,Basic,2025-12-10,7,1640.39,1705.62,11364.68,7.7,17.1,20.7,7,3,12.4,0.0,1,0,17.6,2,0,4,0,63816.0
CUST-3909,Aditya Deshmukh,aditya.deshmukh.3909@example.com,54,Female,Chennai,Standard,2026-05-01,3,3953.59,4110.8,11738.84,8.0,17.8,28.8,1,10,-29.0,65.2,3,0,7.5,0,1,4,0,229846.14
CUST-3910,Sneha Iyer,sneha.iyer.3910@example.com,22,Male,Kolkata,Basic,2025-06-26,13,1367.72,1422.11,17597.57,4.5,10.0,32.7,4,6,9.0,59.6,1,0,18.2,0,0,4,0,65623.59
CUST-3911,Sanjay Bhatia,sanjay.bhatia.3911@example.com,34,Male,Bengaluru,Basic,2024-06-24,25,1787.72,1858.81,44233.53,3.8,8.5,23.9,4,4,-4.1,44.4,3,2,32.3,3,0,1,0,44005.97
CUST-3912,Kavya Saxena,kavya.saxena.3912@example.com,58,Male,Hyderabad,Standard,2025-06-12,13,4853.86,5046.87,62451.48,4.2,9.4,34.8,12,10,-12.1,29.2,0,0,1.0,0,1,4,0,300282.84
CUST-3913,Priya Mehta,priya.mehta.3913@example.com,41,Male,Jaipur,Standard,2025-05-22,14,3826.5,3978.66,53020.26,6.1,13.6,8.9,18,8,-36.9,41.6,1,0,35.6,0,0,5,0,219014.71
CUST-3914,Aarav Mishra,aarav.mishra.3914@example.com,22,Male,Chandigarh,Standard,2025-08-11,11,4700.7,4887.62,51176.12,5.2,11.6,13.6,0,5,1.7,0.0,5,2,24.5,0,0,3,0,185821.62
CUST-3915,Aarav Kapoor,aarav.kapoor.3915@example.com,24,Male,Chennai,Basic,2025-12-23,7,1737.95,1807.06,12040.58,4.7,10.5,34.8,2,8,-0.9,61.8,4,1,37.3,0,0,3,0,78406.78
CUST-3916,Nikhil Kumar,nikhil.kumar.3916@example.com,39,Female,Mumbai,Premium,2025-10-14,9,8660.92,9005.32,77146.93,7.1,15.8,22.1,2,9,-25.5,38.1,1,0,7.9,0,0,4,0,456218.99
CUST-3917,Rajesh Mehta,rajesh.mehta.3917@example.com,35,Female,Hyderabad,Basic,2022-07-22,48,1570.41,1632.86,74604.74,6.6,14.7,8.1,41,4,-46.7,78.4,2,2,32.6,0,1,3,1,67956.68
CUST-3918,Divya Bose,divya.bose.3918@example.com,52,Female,Chennai,Basic,2024-11-22,20,1570.9,1633.37,31095.01,2.2,4.9,7.5,6,1,-48.0,51.4,3,2,35.8,0,0,3,0,38434.99
CUST-3919,Kavya Saxena,kavya.saxena.3919@example.com,48,Female,Hyderabad,Standard,2025-11-27,8,4662.78,4848.19,36918.75,6.1,13.6,13.1,15,10,-9.1,47.6,5,2,8.0,0,0,3,0,228590.72
CUST-3920,Varun Kapoor,varun.kapoor.3920@example.com,38,Male,Chandigarh,Basic,2025-10-18,9,1788.58,1859.7,15931.73,6.6,14.7,22.0,4,7,6.6,51.6,1,0,9.0,0,1,3,0,103027.12
CUST-3921,Divya Gupta,divya.gupta.3921@example.com,50,Male,Kolkata,Standard,2025-09-11,10,3731.75,3880.14,36933.86,4.8,10.7,27.1,9,7,49.8,18.6,2,1,27.5,0,0,3,0,180393.36
CUST-3922,Vikram Mehta,vikram.mehta.3922@example.com,57,Female,Delhi NCR,Enterprise,2025-03-31,16,27424.88,28515.43,434287.01,5.5,12.2,18.4,2,5,-3.3,31.2,1,0,17.1,1,0,5,0,1200000.0
CUST-3923,Amit Deshmukh,amit.deshmukh.3923@example.com,58,Male,Chennai,Standard,2025-10-25,9,4665.28,4850.79,41555.87,3.6,8.0,26.2,18,5,-47.5,45.2,2,1,24.8,0,0,3,0,103522.51
CUST-3924,Shreya Das,shreya.das.3924@example.com,47,Male,Hyderabad,Standard,2025-02-26,17,4699.49,4886.36,79070.01,1.7,3.8,17.2,4,1,-7.8,34.7,4,2,43.3,1,0,3,0,131442.73
CUST-3925,Simran Bhatia,simran.bhatia.3925@example.com,38,Male,Delhi NCR,Standard,2026-01-13,6,3806.24,3957.59,22602.66,8.2,18.3,35.5,12,3,33.0,28.2,2,1,14.7,0,1,4,0,158583.6
CUST-3926,Tara Patel,tara.patel.3926@example.com,43,Male,Delhi NCR,Basic,2025-11-15,8,1624.81,1689.42,12864.85,1.4,3.1,50.1,2,1,-21.1,35.2,4,1,25.2,0,0,3,0,47024.57
CUST-3927,Aditi Das,aditi.das.3927@example.com,46,Male,Mumbai,Standard,2024-03-24,28,4799.38,4990.23,133001.12,7.7,17.1,17.7,8,7,29.3,43.1,1,1,8.0,0,0,3,0,233134.51
CUST-3928,Rhea Chauhan,rhea.chauhan.3928@example.com,23,Male,Delhi NCR,Basic,2026-01-31,6,1516.21,1576.5,9003.74,4.1,9.1,27.3,3,5,2.9,97.6,3,0,10.3,1,1,5,0,64645.68
CUST-3929,Swati Pandey,swati.pandey.3929@example.com,43,Male,Chandigarh,Enterprise,2022-08-22,47,26218.72,27261.3,1219611.38,6.8,15.1,26.4,0,4,16.1,34.2,1,0,31.1,0,0,5,0,1200000.0
CUST-3930,Ananya Sharma,ananya.sharma.3930@example.com,26,Female,Bengaluru,Basic,2026-04-23,3,1771.11,1841.54,5258.71,4.2,9.4,23.5,3,7,50.0,25.7,0,0,16.5,2,0,3,0,71148.92
CUST-3931,Rajesh Singh,rajesh.singh.3931@example.com,25,Male,Delhi NCR,Standard,2026-03-22,4,3724.12,3872.21,14743.34,6.2,13.8,29.2,5,9,-53.4,38.3,1,0,10.6,1,1,5,0,207400.42
CUST-3932,Amit Agarwal,amit.agarwal.3932@example.com,57,Male,Jaipur,Enterprise,2025-10-31,9,30019.37,31213.09,267396.8,5.1,11.4,27.3,1,6,23.1,78.0,4,0,6.5,0,0,4,0,1200000.0
CUST-3933,Aarav Malhotra,aarav.malhotra.3933@example.com,27,Male,Hyderabad,Premium,2024-08-23,23,9079.13,9440.16,206673.21,2.8,6.2,16.8,1,9,-4.7,79.8,4,1,7.7,1,1,3,0,609278.02
CUST-3934,Amit Chauhan,amit.chauhan.3934@example.com,42,Male,Delhi NCR,Enterprise,2024-12-12,19,22511.79,23406.97,423326.79,4.5,10.0,36.5,4,6,-28.6,88.8,3,2,43.7,0,0,3,0,1147962.28
CUST-3935,Sanjay Sharma,sanjay.sharma.3935@example.com,34,Female,Ahmedabad,Standard,2026-04-10,3,3926.84,4082.99,11659.41,3.9,8.7,24.2,3,10,-4.8,43.5,3,1,49.6,0,0,4,0,214094.31
CUST-3936,Divya Joshi,divya.joshi.3936@example.com,58,Female,Bengaluru,Basic,2026-04-02,4,1396.06,1451.57,5526.83,5.6,12.5,17.8,4,9,45.3,57.4,0,0,11.1,0,0,5,0,71975.36
CUST-3937,Arjun Chauhan,arjun.chauhan.3937@example.com,46,Female,Pune,Premium,2025-08-02,12,8390.08,8723.71,99645.91,4.5,10.0,48.9,4,6,35.4,16.8,0,0,1.0,0,0,4,0,414854.91
CUST-3938,Amit Pandey,amit.pandey.3938@example.com,47,Male,Bengaluru,Basic,2026-02-11,5,1712.6,1780.7,8474.97,4.8,10.7,20.7,1,9,-58.0,33.5,0,0,34.6,0,1,5,0,75961.78
CUST-3939,Varun Malhotra,varun.malhotra.3939@example.com,41,Female,Kolkata,Basic,2025-11-17,8,1461.36,1519.47,11570.69,2.0,4.5,24.8,1,3,-23.6,15.2,1,0,5.3,0,1,5,0,59513.37
CUST-3940,Arjun Agarwal,arjun.agarwal.3940@example.com,54,Female,Pune,Premium,2025-09-10,10,11043.21,11482.34,109296.8,1.5,3.3,23.9,14,5,24.4,53.4,2,2,36.7,0,0,3,0,495409.02
CUST-3941,Rajesh Mehta,rajesh.mehta.3941@example.com,35,Male,Mumbai,Standard,2025-06-08,13,4321.94,4493.8,55607.61,4.3,9.6,20.6,1,5,-2.6,42.9,0,0,22.4,0,1,4,0,202521.32
CUST-3942,Amit Nair,amit.nair.3942@example.com,57,Female,Bengaluru,Premium,2026-03-02,5,9548.25,9927.93,47250.45,4.6,10.2,26.9,8,10,-2.5,47.4,2,0,29.6,0,0,4,0,515972.08
CUST-3943,Karan Joshi,karan.joshi.3943@example.com,38,Male,Kolkata,Enterprise,2026-04-12,3,26298.93,27344.7,78085.69,2.0,4.5,12.7,4,8,-45.9,21.7,2,2,29.3,0,1,3,0,1200000.0
CUST-3944,Priya Gupta,priya.gupta.3944@example.com,42,Female,Bengaluru,Premium,2025-11-23,8,10280.51,10689.31,81398.57,5.4,12.0,28.6,25,7,-22.9,62.4,2,0,21.6,0,0,4,0,465671.92
CUST-3945,Aditi Rao,aditi.rao.3945@example.com,37,Female,Delhi NCR,Basic,2026-05-10,2,1586.38,1649.46,3140.14,5.5,12.2,2.7,0,2,-40.0,0.0,1,1,20.1,0,0,3,1,23816.46
CUST-3946,Harsh Malhotra,harsh.malhotra.3946@example.com,37,Male,Chennai,Standard,2025-08-26,11,3779.1,3929.38,41142.74,4.5,10.0,7.7,13,2,-48.3,36.0,1,1,1.0,1,0,4,0,93782.14
CUST-3947,Ananya Pandey,ananya.pandey.3947@example.com,41,Female,Chennai,Premium,2024-05-18,26,10871.33,11303.63,279748.75,4.2,9.4,42.1,5,7,-37.2,39.4,1,1,19.0,3,0,2,0,565075.65
CUST-3948,Kavya Joshi,kavya.joshi.3948@example.com,50,Male,Kolkata,Enterprise,2026-05-18,2,26247.41,27291.13,51955.15,1.5,3.3,8.2,0,10,-28.0,0.0,1,1,28.5,2,0,4,0,1200000.0
CUST-3949,Priya Pandey,priya.pandey.3949@example.com,49,Male,Bengaluru,Standard,2026-05-21,2,3702.68,3849.92,7329.23,1.5,3.3,2.0,2,10,-23.3,51.2,0,0,4.0,0,0,5,0,153944.81
CUST-3950,Ananya Deshmukh,ananya.deshmukh.3950@example.com,29,Female,Kolkata,Basic,2026-05-24,2,1626.83,1691.52,3220.21,5.0,11.1,8.5,3,4,-25.6,37.8,2,2,33.1,0,0,2,0,33559.35
CUST-3951,Nikhil Das,nikhil.das.3951@example.com,45,Female,Mumbai,Premium,2024-04-16,27,10138.02,10541.16,270912.49,2.5,5.6,41.1,2,6,26.6,55.5,2,1,27.2,0,0,3,0,608894.64
CUST-3952,Ananya Bose,ananya.bose.3952@example.com,24,Male,Chennai,Basic,2026-05-25,2,1493.68,1553.08,2956.65,2.6,5.8,2.3,3,9,-27.4,90.0,1,0,32.1,1,0,4,0,65702.5
CUST-3953,Aditi Verma,aditi.verma.3953@example.com,46,Male,Ahmedabad,Standard,2022-07-23,48,4719.3,4906.96,224197.59,4.8,10.7,11.5,18,10,37.9,49.8,3,1,12.9,0,0,3,0,352892.32
CUST-3954,Rhea Patel,rhea.patel.3954@example.com,40,Male,Pune,Standard,2025-12-09,7,4536.55,4716.95,31429.38,8.5,18.9,6.0,3,4,-15.6,65.3,1,1,26.9,0,0,3,1,195229.73
CUST-3955,Arjun Pandey,arjun.pandey.3955@example.com,54,Male,Chandigarh,Standard,2026-01-19,6,4509.35,4688.66,26777.95,3.4,7.6,19.0,4,7,10.3,75.1,0,0,2.9,0,1,5,0,197888.02
CUST-3956,Amit Mishra,amit.mishra.3956@example.com,23,Female,Delhi NCR,Premium,2026-05-23,2,9424.55,9799.32,18655.32,8.5,18.9,17.2,10,9,11.2,53.8,0,0,1.0,0,1,5,0,366316.39
CUST-3957,Deepak Singh,deepak.singh.3957@example.com,36,Female,Ahmedabad,Standard,2025-06-18,13,4945.44,5142.09,63629.78,4.0,8.9,16.7,11,1,-27.1,21.2,1,1,18.3,0,0,4,0,137563.34
CUST-3958,Nikhil Gupta,nikhil.gupta.3958@example.com,43,Female,Ahmedabad,Standard,2025-06-23,13,3982.87,4141.25,51245.01,5.4,12.0,42.4,0,10,-11.2,2.6,1,1,17.4,0,1,3,0,235920.65
CUST-3959,Arjun Saxena,arjun.saxena.3959@example.com,31,Male,Hyderabad,Basic,2025-09-22,10,1652.19,1717.89,16352.05,6.2,13.8,8.8,9,2,-16.1,51.0,2,1,28.1,0,0,2,1,38834.62
CUST-3960,Karan Chauhan,karan.chauhan.3960@example.com,39,Female,Ahmedabad,Basic,2026-01-23,6,1511.25,1571.34,8974.28,6.4,14.2,20.9,4,9,8.4,32.4,1,0,29.9,0,1,5,0,77963.45
CUST-3961,Aarav Singh,aarav.singh.3961@example.com,43,Male,Pune,Basic,2025-12-08,7,1739.86,1809.05,12053.81,4.9,10.9,25.7,1,5,-5.6,72.8,2,2,33.3,0,1,2,0,60877.51
CUST-3962,Meera Bhatia,meera.bhatia.3962@example.com,48,Female,Pune,Premium,2026-01-07,6,8249.63,8577.68,48988.92,3.7,8.2,11.2,2,4,-23.0,30.6,2,0,8.2,0,0,4,0,375230.08
CUST-3963,Simran Patel,simran.patel.3963@example.com,34,Female,Delhi NCR,Basic,2025-11-29,8,1373.18,1427.78,10872.5,5.9,13.1,27.4,0,7,1.3,41.7,0,0,6.1,0,1,4,0,65417.19
CUST-3964,Isha Pandey,isha.pandey.3964@example.com,54,Female,Kolkata,Standard,2026-01-09,6,4734.02,4922.27,28112.11,5.1,11.4,17.6,3,5,7.5,14.2,2,0,30.0,2,1,4,1,225480.37
CUST-3965,Rahul Iyer,rahul.iyer.3965@example.com,26,Male,Jaipur,Standard,2025-03-18,16,4206.92,4374.21,66618.73,3.3,7.3,26.1,2,1,49.8,33.7,1,1,32.2,0,1,4,0,168058.14
CUST-3966,Sanjay Patel,sanjay.patel.3966@example.com,47,Male,Jaipur,Standard,2026-02-19,5,4076.63,4238.74,20173.6,7.2,16.0,20.8,3,9,-0.1,19.4,4,1,13.4,0,1,3,0,174548.04
CUST-3967,Varun Malhotra,varun.malhotra.3967@example.com,34,Male,Bengaluru,Standard,2025-12-16,7,4449.42,4626.35,30825.74,5.2,11.6,2.0,6,8,-1.7,21.6,1,0,1.0,0,1,4,0,237707.63
CUST-3968,Siddharth Kapoor,siddharth.kapoor.3968@example.com,48,Female,Bengaluru,Standard,2025-10-08,9,4581.51,4763.69,40809.69,2.6,5.8,36.4,9,3,10.0,40.7,0,0,5.4,0,0,3,0,202403.25
CUST-3969,Aarav Rao,aarav.rao.3969@example.com,35,Male,Chandigarh,Standard,2026-06-18,1,3880.71,4035.03,3840.81,2.4,5.3,44.8,6,10,-28.6,27.4,0,0,27.9,1,0,4,0,179896.05
CUST-3970,Neha Patel,neha.patel.3970@example.com,45,Male,Pune,Standard,2025-09-07,10,3858.64,4012.08,38189.71,8.3,18.5,20.1,8,3,-50.3,100.0,2,1,12.7,0,0,4,0,182708.49
CUST-3971,Shreya Joshi,shreya.joshi.3971@example.com,24,Male,Bengaluru,Basic,2026-02-28,5,1851.79,1925.43,9163.76,3.2,7.1,12.1,15,3,-10.7,62.1,1,1,29.5,0,0,4,0,67040.05
CUST-3972,Rahul Gupta,rahul.gupta.3972@example.com,51,Female,Hyderabad,Premium,2026-06-28,1,9956.34,10352.25,9853.98,5.8,12.9,38.6,15,7,28.0,68.0,2,0,36.3,0,0,4,0,456659.52
CUST-3973,Siddharth Chopra,siddharth.chopra.3973@example.com,56,Male,Bengaluru,Premium,2023-09-21,34,9327.83,9698.75,313885.8,5.0,11.1,42.8,14,2,32.5,39.3,2,0,6.5,2,0,4,0,496895.0
CUST-3974,Varun Joshi,varun.joshi.3974@example.com,35,Female,Mumbai,Basic,2026-01-08,6,1769.58,1839.95,10508.33,5.7,12.7,20.1,1,9,-54.6,44.5,1,1,19.5,0,0,4,0,87872.91
CUST-3975,Nikhil Rao,nikhil.rao.3975@example.com,33,Female,Mumbai,Standard,2025-11-26,8,4334.14,4506.49,34316.66,8.2,18.3,19.6,2,4,16.7,31.7,3,2,31.6,1,1,3,0,195651.25
CUST-3976,Tara Verma,tara.verma.3976@example.com,49,Female,Hyderabad,Enterprise,2024-06-24,25,24613.57,25592.32,609013.25,6.3,14.0,21.1,5,7,-63.2,100.0,0,0,1.0,0,1,4,0,1200000.0
CUST-3977,Harsh Deshmukh,harsh.deshmukh.3977@example.com,50,Male,Ahmedabad,Basic,2026-04-14,3,1457.56,1515.52,4327.73,6.0,13.4,3.6,3,8,10.9,39.4,0,0,7.5,0,1,4,0,71356.65
CUST-3978,Sanjay Agarwal,sanjay.agarwal.3978@example.com,38,Male,Mumbai,Premium,2024-04-27,27,9349.07,9720.83,249829.83,3.8,8.5,18.8,1,5,9.2,27.5,2,0,18.1,0,1,5,0,499161.14
CUST-3979,Aarav Saxena,aarav.saxena.3979@example.com,42,Male,Jaipur,Basic,2026-03-21,4,1800.24,1871.83,7126.93,2.8,6.2,40.9,2,8,-50.3,23.9,4,2,20.3,0,1,3,0,65708.43
CUST-3980,Manish Joshi,manish.joshi.3980@example.com,44,Male,Jaipur,Standard,2025-06-11,13,3685.11,3831.65,47413.93,9.3,20.7,20.1,27,4,26.0,50.0,2,1,49.6,1,1,4,0,184097.31
CUST-3981,Swati Deshmukh,swati.deshmukh.3981@example.com,41,Male,Mumbai,Premium,2025-02-27,17,8787.38,9136.81,147849.7,4.1,9.1,10.6,3,10,46.8,76.1,1,0,10.1,0,0,4,0,495505.0
CUST-3982,Manish Mehta,manish.mehta.3982@example.com,32,Female,Bengaluru,Standard,2023-10-18,33,4849.2,5042.03,158378.48,4.0,8.9,27.5,4,2,-3.7,68.1,3,3,37.9,0,0,3,0,227464.85
CUST-3983,Rohan Deshmukh,rohan.deshmukh.3983@example.com,55,Male,Chandigarh,Standard,2025-05-30,14,3769.49,3919.38,52230.33,4.8,10.7,14.7,0,3,1.9,23.8,2,1,17.1,0,0,4,0,166821.29
CUST-3984,Neha Malhotra,neha.malhotra.3984@example.com,31,Female,Chandigarh,Enterprise,2025-10-28,9,28008.1,29121.84,249481.46,4.6,10.2,21.3,9,6,39.4,23.3,1,0,13.1,0,1,5,0,1200000.0
CUST-3985,Ananya Deshmukh,ananya.deshmukh.3985@example.com,31,Male,Jaipur,Premium,2025-07-14,12,8771.59,9120.39,104176.96,7.5,16.7,8.0,4,10,-33.5,71.9,0,0,7.3,1,0,4,0,474105.42
CUST-3986,Shreya Malhotra,shreya.malhotra.3986@example.com,27,Female,Mumbai,Standard,2026-03-15,4,4447.1,4623.94,17605.53,5.3,11.8,10.6,0,6,-32.8,92.4,4,1,1.0,2,1,3,0,195728.26
CUST-3987,Karan Sharma,karan.sharma.3987@example.com,57,Female,Ahmedabad,Standard,2025-02-09,17,4135.31,4299.75,69577.55,1.4,3.1,30.1,25,7,-25.5,38.5,1,0,11.7,0,0,5,0,212196.93
CUST-3988,Rohan Mishra,rohan.mishra.3988@example.com,45,Female,Delhi NCR,Standard,2026-04-27,3,3741.41,3890.19,11108.84,2.8,6.2,23.3,11,4,-1.0,71.0,3,3,61.7,0,0,3,0,117532.56
CUST-3989,Sneha Verma,sneha.verma.3989@example.com,33,Female,Bengaluru,Premium,2025-07-30,12,9933.69,10328.7,117978.8,4.2,9.4,13.5,9,8,-1.0,6.8,2,0,35.5,0,0,5,0,540809.31
CUST-3990,Kavya Patel,kavya.patel.3990@example.com,44,Female,Bengaluru,Enterprise,2025-04-08,15,28475.48,29607.8,422741.06,6.4,14.2,23.3,23,8,-17.5,21.8,3,1,11.3,0,1,3,0,1200000.0
CUST-3991,Kavya Chopra,kavya.chopra.3991@example.com,48,Female,Chandigarh,Premium,2023-11-02,33,10241.72,10648.98,334502.19,1.0,2.2,15.3,3,7,-10.4,17.8,2,1,4.8,0,0,4,0,641112.32
CUST-3992,Pooja Saxena,pooja.saxena.3992@example.com,58,Male,Mumbai,Premium,2025-10-16,9,10105.54,10507.39,90014.85,5.2,11.6,13.4,9,3,-17.1,51.9,1,0,1.0,1,0,4,0,450762.84
CUST-3993,Aditi Kapoor,aditi.kapoor.3993@example.com,27,Male,Kolkata,Basic,2024-10-24,21,1611.54,1675.62,33494.42,5.7,12.7,34.8,1,3,-15.8,37.7,2,1,12.3,2,0,3,0,65709.64
CUST-3994,Kavya Saxena,kavya.saxena.3994@example.com,22,Male,Chennai,Premium,2026-04-17,3,9735.26,10122.38,28905.53,6.1,13.6,30.6,8,2,-23.5,47.7,2,0,9.3,0,1,5,0,342957.29
CUST-3995,Amit Mishra,amit.mishra.3995@example.com,27,Male,Mumbai,Premium,2026-04-10,3,10101.14,10502.81,29991.89,4.0,8.9,21.8,0,7,-23.3,71.3,2,0,20.8,1,0,3,0,440151.76
CUST-3996,Rohan Chopra,rohan.chopra.3996@example.com,43,Male,Hyderabad,Premium,2025-08-31,11,10273.18,10681.69,111843.23,6.4,14.2,23.6,1,6,-58.0,26.3,0,0,11.0,0,0,3,0,437086.71
CUST-3997,Varun Sharma,varun.sharma.3997@example.com,45,Male,Mumbai,Basic,2025-06-22,13,1692.68,1759.99,21778.62,2.5,5.6,21.9,4,7,-8.3,44.3,3,3,50.5,0,0,2,0,64073.44
CUST-3998,Shreya Saxena,shreya.saxena.3998@example.com,46,Male,Bengaluru,Enterprise,2025-04-28,15,27634.67,28733.56,410258.57,6.2,13.8,27.4,0,2,-56.8,9.9,2,0,23.1,0,0,4,1,1192499.66
CUST-3999,Sneha Nair,sneha.nair.3999@example.com,36,Male,Delhi NCR,Basic,2024-11-19,20,1430.86,1487.76,28323.0,4.1,9.1,13.2,4,4,19.0,69.9,3,2,36.2,0,1,4,0,66278.36
CUST-4000,Divya Rao,divya.rao.4000@example.com,47,Male,Hyderabad,Basic,2026-02-11,5,1459.6,1517.64,7222.97,4.3,9.6,31.5,5,1,-17.7,68.3,2,1,22.5,0,0,3,1,35928.88
CUST-4001,Aditi Das,aditi.das.4001@example.com,29,Female,Chandigarh,Standard,2025-05-17,14,3963.32,4120.92,54916.05,4.3,9.6,25.9,7,2,-5.3,50.7,5,1,35.9,1,0,4,1,155398.81
CUST-4002,Ananya Saxena,ananya.saxena.4002@example.com,45,Male,Pune,Standard,2026-04-08,3,4886.3,5080.6,14508.2,5.6,12.5,19.1,0,7,-12.4,44.9,1,0,23.6,0,1,5,0,231884.39
CUST-4003,Tara Rao,tara.rao.4003@example.com,59,Female,Pune,Basic,2026-03-19,4,1747.52,1817.01,6918.22,1.9,4.2,16.6,1,5,-8.8,29.8,1,1,6.5,2,1,2,1,52888.89
CUST-4004,Varun Das,varun.das.4004@example.com,27,Male,Kolkata,Premium,2026-06-11,1,9840.44,10231.74,9739.28,6.1,13.6,31.3,7,10,33.4,8.5,5,2,38.3,1,1,3,0,477026.59
CUST-4005,Harsh Chopra,harsh.chopra.4005@example.com,56,Female,Chandigarh,Standard,2024-11-20,20,3951.89,4109.04,78225.25,6.0,13.4,20.3,8,3,-39.8,49.3,1,0,9.1,1,0,4,0,175164.95
CUST-4006,Shreya Pandey,shreya.pandey.4006@example.com,22,Female,Ahmedabad,Basic,2025-09-26,10,1407.28,1463.24,13928.12,3.6,8.0,14.3,0,2,-47.5,60.1,1,1,35.0,0,0,3,0,43847.49
CUST-4007,Sanjay Iyer,sanjay.iyer.4007@example.com,57,Female,Jaipur,Basic,2026-03-14,4,1820.63,1893.03,7207.65,4.2,9.4,17.8,5,3,1.3,90.5,4,2,39.9,3,1,2,0,45872.84
CUST-4008,Neha Nair,neha.nair.4008@example.com,33,Female,Kolkata,Premium,2025-07-21,12,10910.69,11344.55,129582.27,2.4,5.3,30.5,11,4,-15.9,32.6,0,0,36.6,1,0,3,0,465207.61
CUST-4009,Vikram Kapoor,vikram.kapoor.4009@example.com,59,Male,Pune,Basic,2025-12-15,7,1407.18,1463.14,9748.99,1.8,4.0,4.3,0,10,8.1,48.5,2,0,1.0,0,1,5,0,79060.23
CUST-4010,Aditi Kumar,aditi.kumar.4010@example.com,32,Other,Jaipur,Basic,2024-05-10,26,1767.36,1837.64,45478.96,4.6,10.2,18.1,3,10,18.1,68.7,1,0,19.7,1,0,3,0,103285.48
CUST-4011,Divya Malhotra,divya.malhotra.4011@example.com,33,Female,Ahmedabad,Standard,2025-08-18,11,4224.25,4392.23,45989.05,4.6,10.2,33.8,2,5,-33.0,69.5,2,0,8.2,1,0,3,0,204357.73
CUST-4012,Vikram Joshi,vikram.joshi.4012@example.com,28,Female,Chandigarh,Standard,2026-06-18,1,4052.54,4213.69,4010.88,3.5,7.8,20.1,18,8,14.9,27.1,2,1,49.6,0,1,4,0,180786.21
CUST-4013,Siddharth Rao,siddharth.rao.4013@example.com,32,Female,Jaipur,Premium,2022-07-27,48,10427.02,10841.65,495351.6,1.6,3.6,25.0,1,9,-30.6,35.3,1,1,1.0,0,0,5,0,693033.05
CUST-4014,Neha Deshmukh,neha.deshmukh.4014@example.com,57,Male,Chandigarh,Premium,2026-05-15,2,10034.02,10433.02,19861.73,5.2,11.6,34.0,2,2,0.1,29.4,3,2,37.2,0,0,2,1,184894.9
CUST-4015,Priya Mehta,priya.mehta.4015@example.com,52,Female,Ahmedabad,Premium,2025-02-09,17,10555.92,10975.67,177605.8,3.4,7.6,31.8,17,3,-36.6,20.4,1,0,22.7,0,0,4,1,410013.67
CUST-4016,Siddharth Agarwal,siddharth.agarwal.4016@example.com,54,Male,Chennai,Basic,2025-10-19,9,1388.1,1443.3,12364.47,2.6,5.8,17.2,3,4,1.7,77.3,0,0,1.0,0,0,5,0,56132.13
CUST-4017,Karan Chopra,karan.chopra.4017@example.com,34,Female,Hyderabad,Standard,2026-02-24,5,4045.01,4205.86,20017.13,6.9,15.4,20.6,5,7,-2.6,43.5,2,2,38.2,0,0,3,0,196384.81
CUST-4018,Divya Patel,divya.patel.4018@example.com,39,Male,Jaipur,Standard,2025-03-20,16,4046.03,4206.92,64070.96,2.2,4.9,32.0,0,6,-32.9,40.2,3,2,7.8,0,1,3,0,202278.88
CUST-4019,Deepak Mishra,deepak.mishra.4019@example.com,45,Female,Jaipur,Basic,2026-05-29,2,1522.1,1582.63,3012.9,5.4,12.0,32.3,31,6,-40.0,47.9,4,2,23.3,1,0,3,1,5908.14
CUST-4020,Ananya Chauhan,ananya.chauhan.4020@example.com,30,Male,Chandigarh,Basic,2024-03-19,28,1612.73,1676.86,44692.21,1.1,2.4,21.0,13,10,19.0,43.3,4,2,36.9,0,0,3,0,94762.0
CUST-4021,Kavya Deshmukh,kavya.deshmukh.4021@example.com,52,Male,Chandigarh,Standard,2026-02-10,5,3995.22,4154.09,19770.74,1.2,2.7,21.4,7,7,-14.7,36.7,2,1,12.3,0,0,4,0,160762.02
CUST-4022,Rhea Patel,rhea.patel.4022@example.com,31,Female,Jaipur,Basic,2025-12-18,7,1582.25,1645.17,10961.89,5.2,11.6,24.9,0,1,26.3,23.7,2,1,24.9,1,1,3,0,53252.63
CUST-4023,Neha Chauhan,neha.chauhan.4023@example.com,23,Female,Chandigarh,Enterprise,2025-04-09,15,25717.03,26739.66,381789.69,3.5,7.8,37.0,0,8,-17.2,79.6,1,1,23.9,0,0,4,0,1200000.0
CUST-4024,Aditya Agarwal,aditya.agarwal.4024@example.com,59,Female,Delhi NCR,Premium,2026-06-29,1,10415.03,10829.18,10307.96,1.7,3.8,33.7,5,9,34.5,28.3,1,0,22.4,0,0,5,0,565581.1
CUST-4025,Karan Singh,karan.singh.4025@example.com,36,Male,Delhi NCR,Basic,2025-11-01,9,1665.73,1731.97,14837.45,6.2,13.8,29.6,2,2,-28.6,19.7,2,1,11.2,0,0,4,0,53518.28
CUST-4026,Arjun Saxena,arjun.saxena.4026@example.com,24,Male,Chennai,Basic,2023-11-17,32,1692.03,1759.31,53588.32,5.0,11.1,10.1,7,1,39.2,40.1,6,3,51.1,2,0,2,0,62542.83
CUST-4027,Varun Kapoor,varun.kapoor.4027@example.com,52,Female,Chennai,Enterprise,2025-03-09,16,24341.64,25309.58,385462.33,0.2,0.5,19.0,6,4,2.9,93.8,2,0,1.0,0,0,5,0,1200000.0
CUST-4028,Deepak Chauhan,deepak.chauhan.4028@example.com,27,Other,Chennai,Standard,2025-12-13,7,4054.69,4215.92,28091.04,6.2,13.8,19.6,13,2,9.2,22.3,3,0,34.2,0,1,5,0,157778.26
CUST-4029,Karan Deshmukh,karan.deshmukh.4029@example.com,24,Female,Pune,Premium,2025-04-02,16,8165.76,8490.47,129308.99,2.0,4.5,37.6,2,6,-30.1,59.0,0,0,12.9,1,0,5,0,420947.09
CUST-4030,Deepak Kumar,deepak.kumar.4030@example.com,32,Male,Pune,Standard,2023-04-19,39,3750.79,3899.94,144776.97,0.6,1.3,19.4,6,3,18.4,36.1,0,0,14.1,0,1,5,0,205103.98
CUST-4031,Divya Iyer,divya.iyer.4031@example.com,36,Female,Mumbai,Premium,2026-04-20,3,8933.93,9289.19,26526.25,2.5,5.6,35.8,11,9,19.4,47.9,3,2,35.7,0,0,2,0,448179.78
CUST-4032,Siddharth Bose,siddharth.bose.4032@example.com,49,Male,Kolkata,Premium,2025-08-15,11,8305.29,8635.55,90418.98,4.1,9.1,15.7,5,8,-11.1,64.1,1,0,18.3,0,0,4,0,426906.52
CUST-4033,Varun Chopra,varun.chopra.4033@example.com,31,Female,Hyderabad,Basic,2026-03-24,4,1665.27,1731.49,6592.6,4.4,9.8,16.6,13,7,-61.8,0.7,1,0,16.0,0,1,5,0,58198.48
CUST-4034,Tara Deshmukh,tara.deshmukh.4034@example.com,59,Male,Delhi NCR,Basic,2024-04-11,27,1872.77,1947.24,50044.96,0.8,1.8,27.3,1,7,-33.2,20.5,2,0,31.0,0,0,3,0,106288.14
CUST-4035,Siddharth Iyer,siddharth.iyer.4035@example.com,28,Male,Ahmedabad,Standard,2025-01-14,18,3740.21,3888.94,66631.66,1.2,2.7,39.2,9,7,-33.2,63.8,3,0,1.0,0,1,5,0,199686.34
CUST-4036,Sanjay Pandey,sanjay.pandey.4036@example.com,36,Female,Hyderabad,Enterprise,2024-08-16,23,29684.58,30864.98,675726.37,2.6,5.8,19.7,21,5,10.6,44.3,1,1,12.5,0,0,4,0,1200000.0
CUST-4037,Priya Bose,priya.bose.4037@example.com,39,Female,Hyderabad,Basic,2023-02-24,41,1411.44,1467.57,57274.12,2.7,6.0,2.0,3,8,-15.0,47.1,3,2,37.2,0,1,3,0,88711.63
CUST-4038,Karan Nair,karan.nair.4038@example.com,39,Male,Ahmedabad,Standard,2026-03-20,4,4536.75,4717.15,17960.44,5.8,12.9,4.8,3,4,-14.5,59.1,0,0,11.6,1,1,3,0,170612.69
CUST-4039,Nikhil Iyer,nikhil.iyer.4039@example.com,45,Male,Bengaluru,Basic,2026-06-12,1,1686.53,1753.59,1669.19,3.3,7.3,25.3,0,5,-17.9,20.6,4,1,39.5,0,0,4,0,58982.49
CUST-4040,Siddharth Gupta,siddharth.gupta.4040@example.com,23,Male,Jaipur,Premium,2026-02-18,5,10942.34,11377.46,54149.24,5.8,12.9,5.8,7,3,39.1,67.3,3,0,42.9,0,0,4,0,446252.4
CUST-4041,Priya Malhotra,priya.malhotra.4041@example.com,41,Female,Kolkata,Premium,2025-11-12,8,8457.99,8794.32,66968.3,6.5,14.5,12.5,6,3,-0.7,61.7,2,0,16.1,0,0,5,0,373457.65
CUST-4042,Varun Verma,varun.verma.4042@example.com,55,Male,Mumbai,Standard,2025-05-14,14,4040.61,4201.28,55986.99,5.4,12.0,22.1,0,2,3.5,47.7,0,0,1.0,0,0,4,0,182023.4
CUST-4043,Arjun Sharma,arjun.sharma.4043@example.com,47,Male,Chennai,Basic,2024-08-19,23,1396.73,1452.27,31794.53,0.2,0.5,2.0,10,5,-19.3,53.2,2,0,5.4,0,0,5,0,66391.55
CUST-4044,Isha Chauhan,isha.chauhan.4044@example.com,28,Female,Ahmedabad,Basic,2025-12-22,7,1562.83,1624.98,10827.34,3.6,8.0,17.8,13,2,-2.8,70.0,3,0,1.0,0,0,4,0,60871.79
CUST-4045,Nikhil Bhatia,nikhil.bhatia.4045@example.com,59,Female,Pune,Standard,2025-10-20,9,4875.01,5068.86,43424.03,3.9,8.7,9.2,17,10,-29.3,27.7,3,2,39.4,0,0,4,0,210022.16
CUST-4046,Aditi Kumar,aditi.kumar.4046@example.com,51,Female,Chennai,Standard,2024-09-16,22,4692.96,4879.57,102183.71,4.1,9.1,5.5,5,4,7.6,57.9,0,0,4.6,0,0,5,0,237280.62
CUST-4047,Kavya Joshi,kavya.joshi.4047@example.com,26,Male,Chandigarh,Basic,2026-03-31,4,1728.37,1797.1,6842.41,0.2,0.5,13.2,4,10,-34.1,83.9,1,1,22.1,0,0,4,0,86698.26
CUST-4048,Harsh Joshi,harsh.joshi.4048@example.com,32,Female,Ahmedabad,Enterprise,2026-04-02,4,27162.9,28243.03,107534.61,2.6,5.8,10.2,15,1,18.8,57.4,1,1,20.5,0,1,3,0,1159583.56
CUST-4049,Priya Reddy,priya.reddy.4049@example.com,22,Female,Chennai,Standard,2025-06-12,13,4835.67,5027.96,62217.44,1.3,2.9,27.2,3,2,-22.6,36.7,1,1,37.6,0,1,4,0,186476.19
CUST-4050,Divya Bose,divya.bose.4050@example.com,55,Female,Jaipur,Premium,2025-10-28,9,9514.68,9893.03,84751.78,2.3,5.1,35.2,7,1,24.6,97.6,1,1,24.7,0,0,2,0,410469.51
CUST-4051,Varun Chauhan,varun.chauhan.4051@example.com,22,Female,Jaipur,Basic,2023-01-09,42,1427.63,1484.4,59344.04,3.7,8.2,18.0,7,2,51.4,47.5,2,1,20.8,0,0,4,0,87937.13
CUST-4052,Tanvi Mishra,tanvi.mishra.4052@example.com,40,Male,Jaipur,Basic,2025-12-20,7,1788.54,1859.66,12391.07,2.6,5.8,15.4,3,4,-2.0,75.6,3,3,29.0,0,0,2,1,53295.31
CUST-4053,Kavya Gupta,kavya.gupta.4053@example.com,23,Other,Chennai,Standard,2024-11-08,20,3990.5,4149.18,78989.51,2.4,5.3,17.4,0,1,34.7,31.9,7,3,47.2,0,0,2,1,143875.2
CUST-4054,Aditya Reddy,aditya.reddy.4054@example.com,42,Male,Jaipur,Standard,2025-06-28,13,3674.17,3820.27,47273.17,3.8,8.5,9.8,0,6,19.0,67.6,2,1,10.8,0,0,3,0,166178.56
CUST-4055,Harsh Chopra,harsh.chopra.4055@example.com,41,Male,Delhi NCR,Standard,2026-06-28,1,3775.51,3925.64,3736.7,3.2,7.1,7.8,4,1,-42.1,28.9,2,1,9.0,0,0,4,1,66481.46
CUST-4056,Siddharth Pandey,siddharth.pandey.4056@example.com,44,Male,Pune,Premium,2026-05-11,2,10017.42,10415.76,19828.87,4.6,10.2,3.9,4,3,1.1,49.8,1,0,8.9,1,1,4,0,436713.39
CUST-4057,Tara Rao,tara.rao.4057@example.com,42,Male,Mumbai,Standard,2026-03-22,4,4448.8,4625.71,17612.26,3.3,7.3,7.4,12,2,12.0,27.4,1,1,49.0,0,0,4,0,151139.8
CUST-4058,Rohan Verma,rohan.verma.4058@example.com,45,Female,Ahmedabad,Basic,2026-05-01,3,1485.61,1544.69,4411.01,0.9,2.0,40.0,4,2,14.7,87.6,3,0,14.8,0,0,4,0,51993.1
CUST-4059,Sneha Deshmukh,sneha.deshmukh.4059@example.com,25,Female,Hyderabad,Enterprise,2026-01-09,6,28861.67,30009.35,171389.74,2.0,4.5,14.4,2,4,3.0,36.7,3,1,23.4,0,0,5,0,1200000.0
CUST-4060,Divya Saxena,divya.saxena.4060@example.com,33,Female,Chennai,Standard,2025-06-17,13,4681.93,4868.11,60239.37,3.5,7.8,2.0,4,9,2.6,15.4,1,0,19.8,0,0,4,0,227795.17
CUST-4061,Pooja Joshi,pooja.joshi.4061@example.com,43,Female,Chennai,Basic,2025-06-16,13,1832.04,1904.89,23571.67,3.3,7.3,15.5,2,3,-1.9,44.3,2,1,26.8,2,1,2,1,72038.94
CUST-4062,Priya Sharma,priya.sharma.4062@example.com,41,Male,Pune,Basic,2025-06-28,13,1655.99,1721.84,21306.55,1.2,2.7,4.5,0,6,1.7,54.9,1,1,21.4,1,1,3,0,89052.68
CUST-4063,Simran Deshmukh,simran.deshmukh.4063@example.com,39,Male,Bengaluru,Premium,2026-05-22,2,10554.01,10973.69,20891.02,5.6,12.5,22.7,0,10,-36.3,41.4,3,1,12.4,0,0,4,0,520066.35
CUST-4064,Rhea Mishra,rhea.mishra.4064@example.com,22,Female,Kolkata,Premium,2025-06-18,13,10471.1,10887.48,134724.87,4.9,10.9,21.5,2,3,-8.6,22.5,1,1,18.7,0,0,4,0,442932.68
CUST-4065,Aditi Chauhan,aditi.chauhan.4065@example.com,51,Female,Chandigarh,Basic,2025-11-26,8,1484.36,1543.39,11752.8,2.9,6.5,22.6,0,10,-42.7,66.9,1,0,13.5,0,1,4,0,65753.07
CUST-4066,Manish Iyer,manish.iyer.4066@example.com,54,Male,Ahmedabad,Standard,2023-10-21,33,4033.31,4193.69,131730.9,3.9,8.7,21.6,1,5,-15.9,72.2,1,0,1.0,1,0,4,0,204735.42
CUST-4067,Arjun Rao,arjun.rao.4067@example.com,45,Female,Bengaluru,Premium,2023-08-23,35,9606.15,9988.14,332758.79,1.9,4.2,17.9,11,9,-18.5,2.4,5,1,21.4,0,1,4,0,563437.27
CUST-4068,Priya Sharma,priya.sharma.4068@example.com,35,Male,Chandigarh,Enterprise,2024-10-16,21,22665.68,23566.98,471085.97,6.0,13.4,6.0,2,3,-20.3,21.0,2,0,18.3,0,0,4,0,1200000.0
CUST-4069,Shreya Sharma,shreya.sharma.4069@example.com,57,Male,Kolkata,Standard,2025-01-23,18,4015.35,4175.02,71533.26,8.5,18.9,21.2,0,8,-31.5,38.2,4,2,25.6,0,0,3,0,242493.54
CUST-4070,Sanjay Singh,sanjay.singh.4070@example.com,26,Male,Hyderabad,Premium,2026-05-09,2,9591.67,9973.08,18986.13,2.8,6.2,33.2,22,6,5.5,29.3,3,2,46.9,0,0,2,0,289074.93
CUST-4071,Simran Mishra,simran.mishra.4071@example.com,32,Male,Chennai,Standard,2026-05-18,2,3750.36,3899.49,7423.61,6.8,15.1,42.0,7,8,-10.9,54.6,3,0,19.3,0,0,3,0,173684.56
CUST-4072,Karan Singh,karan.singh.4072@example.com,45,Female,Jaipur,Basic,2024-05-17,26,1415.35,1471.63,36420.79,2.4,5.3,19.4,0,2,-13.8,86.1,2,0,6.9,1,1,4,0,69540.06
CUST-4073,Rahul Chopra,rahul.chopra.4073@example.com,52,Female,Pune,Basic,2025-11-12,8,1592.14,1655.45,12606.18,3.1,6.9,20.6,0,9,-41.4,32.9,2,0,11.0,1,0,4,0,80363.55
CUST-4074,Rajesh Rao,rajesh.rao.4074@example.com,34,Male,Ahmedabad,Basic,2025-10-09,9,1732.6,1801.5,15433.09,7.2,16.0,27.5,7,1,-10.3,79.8,0,0,30.7,1,0,3,0,58595.72
CUST-4075,Neha Kapoor,neha.kapoor.4075@example.com,37,Female,Pune,Standard,2024-04-16,27,4766.06,4955.58,127360.69,3.9,8.7,38.4,5,3,30.1,6.8,0,0,8.6,1,1,4,0,238588.12
CUST-4076,Pooja Mishra,pooja.mishra.4076@example.com,45,Female,Mumbai,Enterprise,2025-05-21,14,27279.16,28363.91,377982.03,5.6,12.5,16.7,0,4,30.5,52.9,1,0,6.4,0,0,5,0,1200000.0
CUST-4077,Rahul Nair,rahul.nair.4077@example.com,34,Male,Hyderabad,Basic,2026-04-22,3,1598.18,1661.73,4745.25,3.6,8.0,29.6,1,6,8.5,27.7,4,1,13.9,2,1,2,0,56636.08
CUST-4078,Arjun Patel,arjun.patel.4078@example.com,45,Male,Mumbai,Standard,2026-03-21,4,4136.96,4301.47,16377.72,0.4,0.9,12.9,19,4,-10.3,53.5,1,0,16.9,0,0,4,0,157866.21
CUST-4079,Rajesh Bose,rajesh.bose.4079@example.com,47,Female,Kolkata,Basic,2026-06-09,1,1450.33,1508.0,1435.42,9.1,20.3,25.6,6,2,13.7,0.0,2,1,26.6,0,1,4,0,44849.72
CUST-4080,Rahul Malhotra,rahul.malhotra.4080@example.com,23,Female,Kolkata,Premium,2025-01-19,18,8560.72,8901.14,152508.81,3.7,8.2,32.7,4,3,-20.7,11.2,0,0,24.2,0,0,4,0,396402.46
CUST-4081,Rajesh Chauhan,rajesh.chauhan.4081@example.com,37,Other,Delhi NCR,Enterprise,2025-09-20,10,29427.92,30598.12,291253.86,4.5,10.0,7.8,2,3,-10.4,53.4,5,3,31.3,0,0,2,0,1193717.04
CUST-4082,Meera Rao,meera.rao.4082@example.com,59,Male,Kolkata,Basic,2023-01-20,42,1593.07,1656.42,66221.08,2.7,6.0,16.2,1,6,-22.8,26.9,3,0,34.2,0,0,3,0,103961.35
CUST-4083,Manish Kapoor,manish.kapoor.4083@example.com,22,Female,Bengaluru,Standard,2025-01-19,18,4705.27,4892.37,83824.15,5.8,12.9,32.5,3,5,23.4,34.2,4,2,38.1,0,1,1,0,211232.76
CUST-4084,Pooja Kapoor,pooja.kapoor.4084@example.com,32,Male,Bengaluru,Basic,2026-05-09,2,1718.5,1786.84,3401.67,5.7,12.7,28.8,19,5,19.8,86.1,6,2,27.0,0,0,2,1,46037.51
CUST-4085,Harsh Mishra,harsh.mishra.4085@example.com,56,Male,Jaipur,Standard,2026-04-24,3,3870.49,4024.4,11492.1,0.9,2.0,33.4,0,4,-3.0,45.3,1,1,33.9,0,1,4,0,183334.9
CUST-4086,Pooja Bose,pooja.bose.4086@example.com,50,Male,Chennai,Basic,2025-09-18,10,1616.83,1681.12,16002.08,4.6,10.2,31.3,35,4,46.5,63.6,2,1,46.8,0,0,3,0,59645.03
CUST-4087,Meera Kapoor,meera.kapoor.4087@example.com,58,Male,Pune,Standard,2023-07-04,37,4220.57,4388.4,154555.67,6.0,13.4,18.2,1,9,9.6,23.8,3,1,29.8,1,1,3,0,302596.3
CUST-4088,Priya Nair,priya.nair.4088@example.com,38,Male,Chennai,Premium,2026-03-25,4,9434.15,9809.3,37348.65,6.7,14.9,46.2,3,7,8.0,9.8,0,0,37.1,1,1,5,0,502590.73
CUST-4089,Tanvi Kapoor,tanvi.kapoor.4089@example.com,49,Male,Chennai,Standard,2024-06-29,25,4358.51,4531.83,107842.56,5.6,12.5,23.5,0,8,5.0,40.1,3,2,19.9,0,0,3,0,240810.0
CUST-4090,Priya Malhotra,priya.malhotra.4090@example.com,50,Male,Bengaluru,Basic,2026-01-20,6,1864.35,1938.49,11071.1,5.7,12.7,2.0,6,4,-37.3,6.2,2,0,1.0,3,1,4,0,48890.1
CUST-4091,Isha Das,isha.das.4091@example.com,24,Female,Pune,Standard,2026-02-07,5,4736.88,4925.24,23440.91,3.1,6.9,18.9,4,3,-27.0,25.2,3,1,30.4,0,1,4,0,156222.78
CUST-4092,Rahul Bose,rahul.bose.4092@example.com,31,Male,Jaipur,Standard,2023-10-20,33,4863.98,5057.4,158861.2,1.6,3.6,16.8,8,1,-3.5,47.7,4,1,37.6,0,0,2,0,182353.93
CUST-4093,Isha Nair,isha.nair.4093@example.com,35,Male,Hyderabad,Standard,2026-06-24,1,3640.59,3785.36,3603.16,3.5,7.8,30.7,5,9,-3.3,39.3,0,0,1.0,0,1,4,0,186184.63
CUST-4094,Aarav Patel,aarav.patel.4094@example.com,33,Male,Delhi NCR,Basic,2025-03-31,16,1422.73,1479.3,22529.66,1.6,3.6,17.0,3,9,14.5,50.0,1,0,30.9,0,1,4,0,77512.32
CUST-4095,Neha Das,neha.das.4095@example.com,51,Male,Bengaluru,Premium,2026-06-27,1,8366.08,8698.76,8280.07,2.6,5.8,34.1,10,2,-20.7,56.4,0,0,10.8,0,0,4,0,331566.03
CUST-4096,Meera Das,meera.das.4096@example.com,53,Female,Mumbai,Standard,2024-08-30,23,3967.53,4125.3,90315.06,2.6,5.8,28.1,0,4,-0.0,13.3,2,1,31.3,0,0,4,0,214751.44
CUST-4097,Arjun Rao,arjun.rao.4097@example.com,53,Male,Delhi NCR,Basic,2024-07-02,25,1580.94,1643.81,39117.18,2.2,4.9,11.0,5,4,0.5,19.4,1,1,27.2,0,0,2,0,61842.47
CUST-4098,Pooja Chauhan,pooja.chauhan.4098@example.com,53,Female,Hyderabad,Basic,2023-11-12,32,1685.95,1752.99,53395.76,5.3,11.8,20.5,0,1,1.6,0.0,0,0,21.6,0,0,4,0,82505.24
CUST-4099,Siddharth Rao,siddharth.rao.4099@example.com,47,Male,Kolkata,Enterprise,2026-04-12,3,26881.2,27950.13,79814.54,2.1,4.7,13.5,4,2,-1.5,33.1,0,0,22.8,0,0,4,0,1200000.0
CUST-4100,Aditya Mishra,aditya.mishra.4100@example.com,22,Male,Chennai,Basic,2026-05-31,2,1822.96,1895.45,3608.44,8.1,18.0,24.0,11,8,-41.3,59.7,0,0,15.0,0,1,5,0,78841.82
CUST-4101,Arjun Bose,arjun.bose.4101@example.com,23,Female,Ahmedabad,Enterprise,2025-09-18,10,30722.51,31944.19,304066.67,6.3,14.0,13.4,1,6,-65.3,77.8,0,0,10.8,0,0,5,0,1200000.0
CUST-4102,Deepak Kapoor,deepak.kapoor.4102@example.com,38,Female,Jaipur,Standard,2026-02-11,5,3827.97,3980.19,18943.08,6.7,14.9,22.8,20,1,-28.4,46.6,1,0,20.1,0,0,3,0,83262.73
CUST-4103,Isha Chopra,isha.chopra.4103@example.com,51,Male,Chennai,Standard,2025-06-01,14,4792.88,4983.47,66410.49,2.8,6.2,19.0,16,7,-16.9,75.0,2,1,20.7,0,0,4,0,245055.81
CUST-4104,Isha Pandey,isha.pandey.4104@example.com,28,Female,Kolkata,Premium,2025-08-21,11,9616.36,9998.75,104692.49,4.6,10.2,20.3,4,7,-35.0,51.2,3,2,23.7,0,0,3,1,433644.0
CUST-4105,Varun Patel,varun.patel.4105@example.com,48,Male,Hyderabad,Basic,2026-04-23,3,1586.94,1650.04,4711.88,2.0,4.5,44.6,0,6,-3.6,44.6,0,0,19.8,0,0,4,0,63922.78
CUST-4106,Isha Nair,isha.nair.4106@example.com,30,Female,Mumbai,Basic,2024-12-20,19,1760.92,1830.94,33113.52,4.7,10.5,18.0,11,8,28.5,27.3,2,1,16.8,0,1,5,0,85288.37
CUST-4107,Tara Iyer,tara.iyer.4107@example.com,43,Female,Jaipur,Basic,2024-08-13,23,1397.97,1453.56,31822.76,0.5,1.1,2.0,15,5,18.3,0.0,3,1,21.7,0,0,3,0,63483.35
CUST-4108,Amit Mishra,amit.mishra.4108@example.com,55,Female,Jaipur,Premium,2022-08-31,47,10878.64,11311.23,506039.7,6.4,14.2,33.2,1,2,11.1,71.4,2,2,25.6,0,0,2,0,575825.96
CUST-4109,Shreya Kapoor,shreya.kapoor.4109@example.com,22,Other,Hyderabad,Standard,2025-11-13,8,4538.07,4718.53,35931.33,2.8,6.2,33.1,18,4,25.6,40.7,0,0,34.7,0,0,5,0,209121.74
CUST-4110,Amit Deshmukh,amit.deshmukh.4110@example.com,30,Male,Delhi NCR,Standard,2026-01-10,6,4824.16,5015.99,28647.39,4.8,10.7,2.0,18,8,-27.9,75.3,4,2,33.3,0,1,3,0,248896.5
CUST-4111,Siddharth Verma,siddharth.verma.4111@example.com,41,Female,Chandigarh,Basic,2026-05-02,3,1870.85,1945.24,5554.85,5.2,11.6,14.3,4,8,-14.8,19.2,3,2,13.0,0,0,3,0,85323.46
CUST-4112,Pooja Rao,pooja.rao.4112@example.com,40,Male,Chennai,Standard,2026-04-08,3,4324.12,4496.07,12839.0,3.0,6.7,26.8,11,5,15.2,100.0,1,0,31.0,0,1,4,0,182982.54
CUST-4113,Meera Iyer,meera.iyer.4113@example.com,57,Male,Delhi NCR,Basic,2026-01-21,6,1398.03,1453.62,8301.95,2.5,5.6,27.8,4,6,-15.3,36.0,0,0,1.0,0,0,5,0,70594.33
CUST-4114,Shreya Saxena,shreya.saxena.4114@example.com,25,Male,Bengaluru,Basic,2022-07-19,48,1436.47,1493.59,68241.71,3.9,8.7,21.9,6,9,-13.8,25.4,2,1,49.7,0,1,4,0,102231.21
CUST-4115,Sanjay Nair,sanjay.nair.4115@example.com,30,Male,Hyderabad,Basic,2026-05-15,2,1518.89,1579.29,3006.55,5.9,13.1,22.2,2,10,50.1,36.9,2,0,16.5,0,1,5,0,79065.23
CUST-4116,Harsh Nair,harsh.nair.4116@example.com,43,Female,Bengaluru,Standard,2026-02-12,5,3744.04,3892.92,18527.75,3.9,8.7,11.7,1,10,0.7,46.1,4,2,24.5,0,0,4,0,220171.32
CUST-4117,Pooja Agarwal,pooja.agarwal.4117@example.com,39,Female,Mumbai,Standard,2026-05-22,2,4740.29,4928.79,9383.11,5.5,12.2,2.0,10,10,47.4,40.3,0,0,11.6,0,1,5,0,205992.91
CUST-4118,Sneha Agarwal,sneha.agarwal.4118@example.com,33,Female,Delhi NCR,Standard,2026-02-28,5,4014.61,4174.25,19866.69,5.9,13.1,44.5,0,2,-53.1,29.6,1,1,4.9,0,1,4,0,116421.41
CUST-4119,Meera Mehta,meera.mehta.4119@example.com,30,Male,Ahmedabad,Standard,2026-05-11,2,4965.0,5162.43,9827.91,3.8,8.5,11.3,6,5,-19.7,0.0,3,0,14.8,0,0,4,0,211076.92
CUST-4120,Divya Kapoor,divya.kapoor.4120@example.com,27,Male,Chandigarh,Enterprise,2025-09-08,10,28646.53,29785.65,283520.29,4.0,8.9,23.9,15,9,9.4,22.7,2,0,10.7,0,1,5,0,1200000.0
CUST-4121,Manish Das,manish.das.4121@example.com,40,Female,Hyderabad,Premium,2025-10-15,9,8645.34,8989.12,77008.15,4.5,10.0,20.3,1,3,0.6,67.8,2,0,15.2,0,0,4,0,356624.26
CUST-4122,Shreya Das,shreya.das.4122@example.com,28,Male,Hyderabad,Standard,2026-04-16,3,4265.39,4435.0,12664.62,6.6,14.7,31.9,3,6,-59.6,20.9,1,0,26.8,0,0,5,0,158159.95
CUST-4123,Aditya Bose,aditya.bose.4123@example.com,37,Female,Chandigarh,Premium,2026-04-28,3,9569.62,9950.15,28413.72,3.5,7.8,23.3,6,4,-8.4,0.8,1,0,19.6,0,0,4,0,337242.86
CUST-4124,Vikram Reddy,vikram.reddy.4124@example.com,26,Female,Jaipur,Enterprise,2025-05-18,14,26808.4,27874.43,371459.14,6.6,14.7,23.7,2,4,67.2,16.7,2,1,10.1,1,0,3,0,1200000.0
CUST-4125,Priya Joshi,priya.joshi.4125@example.com,37,Female,Kolkata,Standard,2025-12-09,7,4348.88,4521.81,30129.2,4.7,10.5,2.0,14,3,4.9,39.9,0,0,4.1,0,0,4,0,187993.0
CUST-4126,Rhea Deshmukh,rhea.deshmukh.4126@example.com,22,Male,Mumbai,Standard,2026-06-19,1,3642.73,3787.58,3605.28,2.7,6.0,12.8,3,10,14.9,23.8,2,0,19.0,0,0,5,0,204462.33
CUST-4127,Meera Rao,meera.rao.4127@example.com,58,Female,Delhi NCR,Basic,2023-07-16,36,1709.17,1777.13,60897.56,4.1,9.1,30.2,6,1,-20.0,35.3,0,0,21.9,0,1,5,0,81667.23
CUST-4128,Nikhil Bhatia,nikhil.bhatia.4128@example.com,40,Male,Hyderabad,Premium,2025-11-26,8,9633.58,10016.66,76276.34,1.8,4.0,29.2,1,8,4.8,22.8,3,2,31.1,2,1,2,0,431816.46
CUST-4129,Priya Kumar,priya.kumar.4129@example.com,58,Female,Hyderabad,Basic,2025-06-30,13,1764.08,1834.23,22697.28,1.4,3.1,11.5,0,5,-2.3,66.2,2,1,30.7,0,0,3,0,76526.95
CUST-4130,Tara Rao,tara.rao.4130@example.com,38,Male,Chandigarh,Basic,2023-12-28,31,1776.87,1847.53,54516.69,5.5,12.2,4.6,1,2,29.3,53.8,2,1,25.7,1,0,4,0,92479.37
CUST-4131,Rahul Joshi,rahul.joshi.4131@example.com,47,Male,Ahmedabad,Standard,2025-11-20,8,3921.77,4077.72,31051.62,5.9,13.1,23.4,0,1,28.4,95.2,2,0,18.1,0,0,5,0,165964.62
CUST-4132,Pooja Patel,pooja.patel.4132@example.com,43,Male,Chandigarh,Premium,2024-06-13,25,8251.62,8579.74,204169.73,4.1,9.1,2.0,4,1,9.4,32.8,3,0,26.1,0,0,4,0,363523.07
CUST-4133,Sanjay Kapoor,sanjay.kapoor.4133@example.com,29,Female,Chandigarh,Standard,2023-08-23,35,4583.38,4765.64,158769.12,4.3,9.6,9.4,6,4,-0.0,35.2,2,1,47.1,0,1,3,0,229354.0
CUST-4134,Rhea Patel,rhea.patel.4134@example.com,54,Male,Chennai,Premium,2026-04-26,3,11178.71,11623.23,33191.36,3.0,6.7,41.4,0,4,-49.0,70.4,1,1,27.6,0,0,4,0,509815.36
CUST-4135,Nikhil Bhatia,nikhil.bhatia.4135@example.com,23,Male,Delhi NCR,Premium,2023-12-03,32,9505.92,9883.92,301062.22,4.6,10.2,37.9,0,6,-50.0,51.4,2,2,69.0,0,0,4,0,530220.43
CUST-4136,Priya Saxena,priya.saxena.4136@example.com,51,Male,Jaipur,Standard,2026-05-18,2,3962.47,4120.04,7843.47,8.4,18.7,27.4,4,7,0.3,19.4,2,0,17.7,0,1,5,0,186075.82
CUST-4137,Pooja Mehta,pooja.mehta.4137@example.com,41,Female,Chandigarh,Standard,2026-02-15,5,3818.39,3970.23,18895.68,6.3,14.0,25.4,12,1,22.5,55.4,1,1,25.5,0,1,3,0,123724.85
CUST-4138,Aarav Patel,aarav.patel.4138@example.com,39,Female,Ahmedabad,Standard,2024-07-17,24,4001.42,4160.54,95046.8,4.0,8.9,2.0,7,10,35.3,51.5,1,0,39.4,0,1,4,0,236777.92
CUST-4139,Deepak Malhotra,deepak.malhotra.4139@example.com,31,Female,Jaipur,Enterprise,2023-10-19,33,25368.28,26377.05,828546.88,3.9,8.7,13.9,0,2,-26.9,0.0,3,2,30.0,1,0,2,1,1017027.3
CUST-4140,Rhea Joshi,rhea.joshi.4140@example.com,45,Female,Pune,Premium,2025-02-11,17,9434.16,9809.31,158731.92,3.4,7.6,18.8,16,3,-44.3,26.4,4,1,2.3,0,0,2,0,190929.31
CUST-4141,Vikram Chauhan,vikram.chauhan.4141@example.com,25,Male,Delhi NCR,Enterprise,2026-05-25,2,28233.68,29356.39,55886.85,1.2,2.7,14.1,18,9,24.1,46.6,1,0,2.9,0,0,4,0,1200000.0
CUST-4142,Siddharth Pandey,siddharth.pandey.4142@example.com,58,Male,Hyderabad,Basic,2025-08-28,11,1492.41,1551.76,16247.74,3.2,7.1,18.1,2,4,-24.8,76.7,1,0,26.9,0,1,5,0,74168.65
CUST-4143,Manish Kapoor,manish.kapoor.4143@example.com,25,Female,Pune,Basic,2025-07-14,12,1375.84,1430.55,16340.35,5.6,12.5,36.3,7,6,-46.2,58.8,3,2,37.9,0,0,3,0,43748.98
CUST-4144,Rohan Reddy,rohan.reddy.4144@example.com,34,Male,Jaipur,Basic,2026-02-23,5,1544.94,1606.37,7645.29,2.2,4.9,16.0,5,2,-15.8,28.5,4,1,12.9,0,1,3,1,51481.83
CUST-4145,Neha Kumar,neha.kumar.4145@example.com,46,Male,Jaipur,Standard,2022-07-14,48,4796.68,4987.42,227873.65,3.6,8.0,18.2,21,2,-16.3,25.0,3,0,1.0,1,0,4,0,243440.35
CUST-4146,Aditi Agarwal,aditi.agarwal.4146@example.com,34,Male,Delhi NCR,Premium,2026-01-31,6,9668.73,10053.21,57415.98,1.9,4.2,30.1,5,2,35.0,61.1,2,2,27.4,1,1,2,0,409185.14
CUST-4147,Aarav Sharma,aarav.sharma.4147@example.com,39,Male,Kolkata,Basic,2026-03-27,4,1855.27,1929.04,7344.79,5.8,12.9,6.4,24,5,22.2,0.0,1,1,38.4,0,0,4,1,68961.22
CUST-4148,Deepak Patel,deepak.patel.4148@example.com,45,Male,Chennai,Basic,2026-05-23,2,1613.33,1677.48,3193.49,1.5,3.3,12.8,1,9,-22.6,22.6,0,0,14.6,0,0,5,0,83648.0
CUST-4149,Varun Mehta,varun.mehta.4149@example.com,23,Male,Hyderabad,Basic,2025-12-13,7,1493.85,1553.25,10349.45,5.4,12.0,13.9,3,6,37.1,75.8,2,1,19.7,0,0,4,0,61099.46
CUST-4150,Manish Bose,manish.bose.4150@example.com,54,Male,Pune,Standard,2025-02-11,17,3869.67,4023.55,65108.09,6.4,14.2,22.6,11,9,1.5,49.1,3,0,2.8,0,0,4,0,224457.11
CUST-4151,Isha Nair,isha.nair.4151@example.com,40,Male,Chandigarh,Basic,2026-03-21,4,1713.48,1781.62,6783.46,3.5,7.8,18.2,11,6,27.7,23.8,3,2,28.1,0,0,3,0,83859.06
CUST-4152,Divya Das,divya.das.4152@example.com,30,Male,Mumbai,Basic,2024-10-11,21,1630.51,1695.35,33888.7,2.8,6.2,18.6,9,9,35.2,13.1,1,0,22.4,0,0,4,0,94251.42
CUST-4153,Vikram Iyer,vikram.iyer.4153@example.com,49,Male,Kolkata,Premium,2026-04-20,3,10001.49,10399.2,29696.01,5.2,11.6,14.7,14,5,-9.4,62.2,0,0,13.7,0,0,5,0,529602.92
CUST-4154,Siddharth Malhotra,siddharth.malhotra.4154@example.com,56,Male,Hyderabad,Standard,2025-10-26,9,4656.01,4841.16,41473.29,7.6,16.9,10.2,9,1,14.0,43.9,2,2,30.0,0,0,4,0,140786.94
CUST-4155,Rohan Rao,rohan.rao.4155@example.com,31,Female,Mumbai,Standard,2025-02-21,17,4615.11,4798.63,77650.29,7.0,15.6,28.7,7,6,-13.4,36.8,5,0,29.5,0,0,5,0,218460.19
CUST-4156,Tara Rao,tara.rao.4156@example.com,22,Male,Chennai,Standard,2026-04-15,3,3659.79,3805.32,10866.5,4.0,8.9,18.3,4,4,24.0,51.0,2,2,22.6,0,0,3,0,151582.85
CUST-4157,Rahul Mehta,rahul.mehta.4157@example.com,42,Female,Mumbai,Premium,2025-07-02,13,10626.92,11049.5,136729.71,2.3,5.1,28.8,4,9,0.5,46.0,0,0,21.6,1,0,5,0,531803.91
CUST-4158,Swati Chauhan,swati.chauhan.4158@example.com,30,Female,Chandigarh,Basic,2024-08-21,23,1628.58,1693.34,37072.26,3.7,8.2,9.8,3,6,24.9,44.1,1,1,22.1,0,1,4,0,100291.22
CUST-4159,Karan Malhotra,karan.malhotra.4159@example.com,36,Female,Mumbai,Enterprise,2025-06-30,13,25926.41,26957.37,333578.35,0.7,1.6,14.7,7,1,40.7,10.2,2,1,43.7,0,0,2,0,1071779.48
CUST-4160,Pooja Malhotra,pooja.malhotra.4160@example.com,56,Male,Kolkata,Standard,2025-09-01,11,4351.44,4524.47,47373.75,3.0,6.7,19.6,3,6,13.3,17.4,1,0,26.4,0,0,5,0,224264.58
CUST-4161,Amit Mehta,amit.mehta.4161@example.com,26,Male,Bengaluru,Basic,2024-05-30,26,1670.42,1736.84,42984.43,5.1,11.4,20.6,1,3,-4.6,60.0,1,1,40.0,0,1,4,0,79608.78
CUST-4162,Kavya Bose,kavya.bose.4162@example.com,43,Male,Kolkata,Basic,2022-07-29,48,1427.54,1484.31,67817.48,3.4,7.6,30.3,0,3,-4.2,55.4,1,0,23.4,0,0,4,0,75008.29
CUST-4163,Arjun Bose,arjun.bose.4163@example.com,44,Female,Chandigarh,Basic,2026-04-28,3,1568.1,1630.46,4655.94,2.9,6.5,17.3,19,7,-84.8,51.2,2,1,18.1,1,0,3,1,12850.47
CUST-4164,Harsh Verma,harsh.verma.4164@example.com,28,Male,Pune,Premium,2025-02-21,17,9156.08,9520.17,154053.16,4.1,9.1,30.2,0,2,-22.0,27.9,0,0,33.0,0,1,5,0,403098.06
CUST-4165,Sanjay Patel,sanjay.patel.4165@example.com,44,Female,Bengaluru,Standard,2026-05-14,2,4089.55,4252.17,8095.01,3.6,8.0,26.1,0,9,24.1,60.4,2,1,28.3,0,0,3,0,208830.35
CUST-4166,Simran Mishra,simran.mishra.4166@example.com,46,Female,Chennai,Standard,2026-06-10,1,3726.94,3875.14,3688.63,5.8,12.9,20.8,4,9,25.2,33.1,2,1,26.7,0,0,4,0,195438.36
CUST-4167,Sanjay Chauhan,sanjay.chauhan.4167@example.com,48,Male,Kolkata,Basic,2026-02-18,5,1432.96,1489.94,7091.14,1.4,3.1,11.5,2,7,-22.6,73.2,0,0,6.5,0,1,4,0,64163.75
CUST-4168,Aditi Pandey,aditi.pandey.4168@example.com,27,Male,Bengaluru,Premium,2022-07-24,48,8608.81,8951.14,408974.74,5.3,11.8,30.3,3,9,2.6,24.1,2,0,24.9,0,1,5,0,615149.35
CUST-4169,Swati Rao,swati.rao.4169@example.com,55,Female,Jaipur,Premium,2025-07-28,12,9274.63,9643.43,110151.39,4.1,9.1,11.8,0,6,-7.3,29.4,4,3,34.9,0,0,3,1,414180.92
CUST-4170,Rohan Kumar,rohan.kumar.4170@example.com,30,Male,Kolkata,Standard,2026-02-12,5,4851.08,5043.98,24006.04,5.1,11.4,21.8,1,9,17.3,38.4,0,0,9.7,0,0,5,0,229954.66
CUST-4171,Rahul Gupta,rahul.gupta.4171@example.com,54,Male,Bengaluru,Standard,2026-05-09,2,3887.47,4042.05,7695.01,1.3,2.9,21.4,12,10,59.8,62.3,1,1,27.6,0,0,4,0,187369.64
CUST-4172,Varun Reddy,varun.reddy.4172@example.com,27,Female,Delhi NCR,Premium,2023-07-20,36,9409.96,9784.15,335275.95,6.1,13.6,19.7,10,2,17.8,41.2,2,0,8.6,0,0,5,0,499506.46
CUST-4173,Rhea Bose,rhea.bose.4173@example.com,58,Male,Pune,Premium,2025-12-12,7,9080.56,9441.65,62910.45,5.3,11.8,17.7,0,5,-20.8,42.9,3,1,14.9,0,0,4,0,418885.87
CUST-4174,Rohan Verma,rohan.verma.4174@example.com,52,Female,Hyderabad,Standard,2026-01-19,6,4701.16,4888.1,27916.98,7.7,17.1,13.0,8,6,-4.2,32.6,8,2,20.8,0,0,3,0,184815.13
CUST-4175,Pooja Chauhan,pooja.chauhan.4175@example.com,55,Female,Mumbai,Basic,2024-03-24,28,1375.4,1430.09,38115.29,2.5,5.6,4.2,7,6,37.3,48.4,1,1,36.3,0,0,4,0,75183.2
CUST-4176,Isha Reddy,isha.reddy.4176@example.com,50,Female,Bengaluru,Premium,2025-07-02,13,8718.14,9064.82,112170.67,3.0,6.7,37.4,9,4,-41.4,40.3,0,0,33.2,2,1,4,0,345832.94
CUST-4177,Harsh Pandey,harsh.pandey.4177@example.com,35,Male,Hyderabad,Basic,2026-04-20,3,1459.61,1517.65,4333.81,0.5,1.1,16.6,4,4,-19.2,23.2,4,0,38.9,0,0,5,0,59967.86
CUST-4178,Rahul Joshi,rahul.joshi.4178@example.com,57,Male,Kolkata,Basic,2025-11-26,8,1870.06,1944.42,14806.68,2.5,5.6,20.6,2,5,17.9,45.1,0,0,27.2,0,0,5,0,87827.72
CUST-4179,Amit Bhatia,amit.bhatia.4179@example.com,57,Female,Hyderabad,Premium,2023-06-14,37,9896.84,10290.39,362418.53,7.2,16.0,20.5,8,6,34.2,45.6,1,1,1.0,1,1,3,0,656421.91
CUST-4180,Manish Reddy,manish.reddy.4180@example.com,36,Male,Jaipur,Standard,2023-10-10,33,3793.59,3944.44,123901.47,4.8,10.7,34.1,3,8,15.1,98.4,3,1,27.8,0,0,3,0,214984.05
CUST-4181,Karan Singh,karan.singh.4181@example.com,29,Male,Ahmedabad,Premium,2026-05-14,2,8956.43,9312.58,17728.71,2.7,6.0,43.3,1,10,-19.0,27.3,0,0,13.0,0,1,5,0,505597.75
CUST-4182,Rahul Malhotra,rahul.malhotra.4182@example.com,47,Male,Ahmedabad,Standard,2026-02-19,5,3833.99,3986.45,18972.87,4.5,10.0,23.8,3,1,13.0,21.9,1,0,44.7,2,0,3,0,130997.54
CUST-4183,Meera Patel,meera.patel.4183@example.com,57,Male,Pune,Enterprise,2026-04-16,3,23589.35,24527.38,70040.52,4.1,9.1,20.3,10,8,9.6,48.7,2,2,36.7,1,0,3,0,1200000.0
CUST-4184,Tara Singh,tara.singh.4184@example.com,42,Male,Bengaluru,Standard,2025-08-15,11,4714.88,4902.37,51330.49,0.2,0.5,9.6,4,2,7.8,18.2,4,2,22.0,0,1,3,0,203192.14
CUST-4185,Kavya Nair,kavya.nair.4185@example.com,49,Female,Jaipur,Premium,2024-11-08,20,9660.55,10044.7,191224.69,0.6,1.3,6.1,2,7,-4.7,16.2,3,1,15.3,0,0,3,0,507085.16
CUST-4186,Nikhil Agarwal,nikhil.agarwal.4186@example.com,25,Male,Mumbai,Basic,2026-02-23,5,1680.26,1747.08,8314.93,6.5,14.5,2.5,13,4,-0.5,7.5,1,0,1.0,0,0,4,0,66876.94
CUST-4187,Priya Agarwal,priya.agarwal.4187@example.com,37,Male,Chennai,Basic,2024-11-18,20,1522.89,1583.45,30144.68,5.7,12.7,13.2,16,8,-27.4,23.4,1,0,15.2,0,1,3,0,77598.95
CUST-4188,Shreya Iyer,shreya.iyer.4188@example.com,43,Female,Chandigarh,Standard,2025-03-29,16,4374.08,4548.01,69265.8,1.1,2.4,2.0,4,6,67.4,24.0,1,1,5.2,1,0,3,0,232346.44
CUST-4189,Ananya Chopra,ananya.chopra.4189@example.com,33,Female,Pune,Premium,2024-12-11,19,8910.35,9264.67,167556.19,3.9,8.7,33.9,3,5,2.4,11.2,2,1,1.0,0,0,4,0,444297.78
CUST-4190,Pooja Reddy,pooja.reddy.4190@example.com,37,Male,Chandigarh,Basic,2023-02-01,42,1510.71,1570.78,62797.52,2.7,6.0,26.7,7,10,13.4,36.0,2,0,4.8,0,1,5,0,95483.28
CUST-4191,Swati Verma,swati.verma.4191@example.com,59,Male,Ahmedabad,Standard,2025-11-07,8,4512.0,4691.42,35724.91,6.5,14.5,19.2,0,10,-8.1,0.0,5,1,11.7,1,1,3,0,241677.88
CUST-4192,Rahul Kumar,rahul.kumar.4192@example.com,58,Female,Delhi NCR,Basic,2026-01-10,6,1427.98,1484.76,8479.8,5.1,11.4,34.2,8,5,21.7,53.8,1,0,16.9,0,0,4,0,72444.51
CUST-4193,Arjun Bose,arjun.bose.4193@example.com,50,Female,Chennai,Basic,2025-02-07,17,1672.93,1739.45,28147.43,1.9,4.2,10.2,11,4,-38.4,28.6,3,0,20.7,0,0,4,0,67502.65
CUST-4194,Kavya Deshmukh,kavya.deshmukh.4194@example.com,39,Female,Chennai,Standard,2024-07-23,24,4791.93,4982.48,113824.0,4.5,10.0,13.0,3,3,-50.9,32.2,4,0,16.1,0,0,4,0,235781.02
CUST-4195,Priya Iyer,priya.iyer.4195@example.com,31,Female,Chandigarh,Enterprise,2026-04-30,3,23552.76,24489.33,69931.88,4.1,9.1,2.0,1,3,-2.9,56.1,0,0,14.7,1,0,4,0,1033128.89
CUST-4196,Sneha Nair,sneha.nair.4196@example.com,39,Male,Delhi NCR,Basic,2024-04-12,27,1819.95,1892.32,48633.48,4.1,9.1,30.5,0,3,55.5,50.9,3,0,20.7,3,0,3,0,94361.86
CUST-4197,Vikram Pandey,vikram.pandey.4197@example.com,22,Female,Kolkata,Standard,2026-06-17,1,3710.3,3857.84,3672.16,3.1,6.9,13.1,7,7,31.8,26.9,1,0,29.8,0,0,4,0,178896.05
CUST-4198,Aarav Das,aarav.das.4198@example.com,42,Male,Hyderabad,Enterprise,2026-06-12,1,25551.93,26568.0,25289.24,4.3,9.6,22.2,2,8,-24.6,52.8,2,0,4.0,0,0,4,0,1200000.0
CUST-4199,Priya Joshi,priya.joshi.4199@example.com,22,Female,Pune,Standard,2026-04-17,3,4453.6,4630.7,13223.44,2.4,5.3,33.0,4,8,12.5,79.2,3,1,27.9,0,1,4,0,201821.12
CUST-4200,Rohan Mehta,rohan.mehta.4200@example.com,36,Female,Jaipur,Standard,2022-07-26,48,4382.08,4556.33,208177.44,1.7,3.8,37.1,3,2,-19.8,17.7,3,0,16.3,0,0,4,0,247481.91
CUST-4201,Amit Deshmukh,amit.deshmukh.4201@example.com,25,Female,Chennai,Basic,2025-08-20,11,1399.67,1455.33,15238.09,1.6,3.6,21.7,1,3,9.9,60.1,2,1,28.9,0,1,4,0,58964.26
CUST-4202,Sneha Nair,sneha.nair.4202@example.com,41,Male,Chandigarh,Standard,2026-06-23,1,4717.3,4904.88,4668.8,2.0,4.5,26.2,5,2,12.1,15.3,1,1,21.7,0,1,5,0,189536.66
CUST-4203,Aarav Singh,aarav.singh.4203@example.com,31,Male,Hyderabad,Standard,2022-07-18,48,4961.17,5158.45,235688.0,5.1,11.4,12.1,4,6,23.9,70.2,2,1,13.3,0,0,4,0,327382.73
CUST-4204,Aditya Agarwal,aditya.agarwal.4204@example.com,44,Female,Ahmedabad,Standard,2024-11-07,20,3852.76,4005.96,76263.03,5.1,11.4,40.5,7,3,-45.8,24.9,3,1,22.3,0,0,4,0,154013.76
CUST-4205,Ananya Rao,ananya.rao.4205@example.com,55,Female,Jaipur,Premium,2024-05-13,26,10918.45,11352.62,280961.27,7.3,16.3,20.2,2,6,-37.4,24.0,3,2,23.3,0,1,2,0,528927.68
CUST-4206,Amit Chauhan,amit.chauhan.4206@example.com,54,Female,Chandigarh,Standard,2026-03-17,4,4378.44,4552.55,17333.71,3.7,8.2,22.9,1,4,-4.1,69.6,0,0,4.1,0,0,4,0,200516.93
CUST-4207,Rahul Gupta,rahul.gupta.4207@example.com,55,Male,Pune,Basic,2026-05-24,2,1840.14,1913.31,3642.44,5.7,12.7,17.5,12,10,-30.9,59.3,1,0,30.2,1,0,3,0,76623.79
CUST-4208,Priya Iyer,priya.iyer.4208@example.com,31,Male,Mumbai,Enterprise,2025-08-25,11,24039.79,24995.73,261719.14,4.3,9.6,35.2,9,10,-33.1,25.7,2,1,25.8,2,0,3,0,1200000.0
CUST-4209,Arjun Singh,arjun.singh.4209@example.com,41,Male,Chennai,Standard,2024-10-26,21,4707.65,4894.85,97844.31,4.8,10.7,24.2,11,6,5.6,45.1,2,0,1.0,0,0,5,0,266271.02
CUST-4210,Manish Saxena,manish.saxena.4210@example.com,22,Male,Ahmedabad,Enterprise,2025-04-19,15,23022.17,23937.64,341782.36,5.9,13.1,30.4,0,3,-27.6,25.0,0,0,1.0,1,0,4,0,1032435.65
CUST-4211,Tara Nair,tara.nair.4211@example.com,34,Female,Pune,Standard,2025-05-12,14,4835.27,5027.54,66997.85,5.4,12.0,25.9,1,5,61.2,3.8,3,0,14.2,0,0,4,0,227990.9
CUST-4212,Aditi Malhotra,aditi.malhotra.4212@example.com,22,Male,Bengaluru,Basic,2024-11-14,20,1702.8,1770.51,33705.89,4.4,9.8,19.6,6,8,-16.9,46.5,1,0,8.4,0,0,4,0,90461.86
CUST-4213,Tara Pandey,tara.pandey.4213@example.com,26,Female,Ahmedabad,Standard,2026-03-13,4,4117.33,4281.05,16300.01,2.9,6.5,32.2,14,3,-9.6,33.4,1,1,24.3,0,1,5,1,155350.95
CUST-4214,Vikram Patel,vikram.patel.4214@example.com,37,Female,Jaipur,Standard,2025-03-15,16,3865.69,4019.41,61215.18,4.8,10.7,25.8,16,9,6.3,19.3,6,4,50.9,0,0,2,0,168432.08
CUST-4215,Neha Singh,neha.singh.4215@example.com,36,Female,Bengaluru,Basic,2025-12-15,7,1777.49,1848.17,12314.52,7.1,15.8,11.4,13,9,-44.2,73.3,3,0,15.8,0,0,4,0,73166.24
CUST-4216,Aditya Kumar,aditya.kumar.4216@example.com,49,Male,Ahmedabad,Standard,2026-05-20,2,4443.43,4620.12,8795.5,4.6,10.2,11.1,0,7,12.2,20.1,1,1,14.6,0,0,4,0,197012.21
CUST-4217,Swati Kumar,swati.kumar.4217@example.com,52,Female,Chandigarh,Standard,2026-03-24,4,4103.56,4266.74,16245.49,3.4,7.6,23.6,12,8,7.6,45.5,3,1,35.7,0,1,3,0,204893.47
CUST-4218,Varun Kapoor,varun.kapoor.4218@example.com,44,Male,Mumbai,Standard,2024-09-01,23,4220.31,4388.13,96069.23,5.9,13.1,32.0,17,9,-11.8,67.9,0,0,2.0,1,1,4,0,257481.39
CUST-4219,Sneha Mehta,sneha.mehta.4219@example.com,38,Female,Hyderabad,Basic,2023-11-25,32,1782.75,1853.64,56461.52,1.3,2.9,40.0,0,1,5.7,35.9,3,1,38.6,0,0,3,0,91280.79
CUST-4220,Ananya Mehta,ananya.mehta.4220@example.com,55,Male,Mumbai,Standard,2026-02-13,5,4073.48,4235.46,20158.01,3.4,7.6,2.5,4,7,10.0,24.4,1,0,23.0,1,1,4,0,171386.47
CUST-4221,Sneha Kapoor,sneha.kapoor.4221@example.com,34,Male,Mumbai,Basic,2026-04-20,3,1396.13,1451.65,4145.33,2.1,4.7,22.3,5,10,38.2,49.1,2,0,8.1,1,1,4,0,78919.38
CUST-4222,Rhea Gupta,rhea.gupta.4222@example.com,35,Male,Chandigarh,Standard,2026-06-16,1,4874.58,5068.42,4824.47,3.9,8.7,27.4,1,3,68.0,52.9,2,0,21.3,3,0,4,0,214719.02
CUST-4223,Rohan Bhatia,rohan.bhatia.4223@example.com,32,Male,Delhi NCR,Basic,2023-01-11,42,1552.32,1614.05,64527.18,6.8,15.1,25.3,5,6,-31.7,63.0,4,3,35.7,1,1,1,1,67920.9
CUST-4224,Isha Iyer,isha.iyer.4224@example.com,49,Female,Ahmedabad,Basic,2025-02-07,17,1531.88,1592.79,25774.24,5.5,12.2,33.1,16,9,-38.3,86.9,3,0,32.4,0,1,4,0,78623.54
CUST-4225,Neha Mishra,neha.mishra.4225@example.com,53,Male,Hyderabad,Basic,2022-10-12,45,1456.34,1514.25,64861.56,0.3,0.7,29.2,15,10,0.9,31.0,3,1,16.4,2,0,2,0,88102.67
CUST-4226,Harsh Pandey,harsh.pandey.4226@example.com,56,Female,Kolkata,Basic,2024-03-18,28,1819.93,1892.3,50434.17,2.9,6.5,11.2,21,8,-60.2,46.7,2,2,41.7,0,1,3,0,61065.52
CUST-4227,Shreya Nair,shreya.nair.4227@example.com,52,Other,Chandigarh,Standard,2026-01-08,6,3903.53,4058.75,23180.4,1.1,2.4,10.8,4,2,16.2,11.5,2,1,8.8,0,0,3,0,164762.98
CUST-4228,Rohan Patel,rohan.patel.4228@example.com,38,Male,Delhi NCR,Enterprise,2026-05-23,2,28069.76,29185.95,55562.38,6.4,14.2,25.4,3,4,1.2,58.0,4,1,28.1,2,1,3,0,1200000.0
CUST-4229,Isha Mishra,isha.mishra.4229@example.com,30,Female,Chandigarh,Standard,2025-09-09,10,4831.86,5024.0,47821.86,3.0,6.7,32.9,8,5,8.3,46.4,4,1,27.6,0,0,3,0,185606.6
CUST-4230,Ananya Sharma,ananya.sharma.4230@example.com,31,Male,Delhi NCR,Standard,2026-06-24,1,3647.97,3793.03,3610.47,4.4,9.8,23.6,4,10,-10.5,37.7,1,0,23.6,1,0,4,0,147991.55
CUST-4231,Aditi Saxena,aditi.saxena.4231@example.com,29,Male,Mumbai,Enterprise,2026-04-26,3,29750.74,30933.77,88334.66,4.5,10.0,4.6,0,6,5.1,27.2,1,0,21.9,2,1,5,0,1200000.0
CUST-4232,Deepak Mishra,deepak.mishra.4232@example.com,42,Male,Chennai,Enterprise,2026-03-12,4,26091.7,27129.23,103293.86,4.6,10.2,10.5,9,7,11.2,33.6,1,1,20.3,1,1,3,0,1200000.0
CUST-4233,Neha Malhotra,neha.malhotra.4233@example.com,34,Female,Chennai,Premium,2025-04-02,16,10171.49,10575.96,161070.75,0.2,0.5,29.6,2,4,3.6,47.7,1,0,1.0,1,1,4,0,511132.33
CUST-4234,Aditi Deshmukh,aditi.deshmukh.4234@example.com,26,Male,Bengaluru,Basic,2025-09-23,10,1544.48,1605.9,15286.02,5.0,11.1,18.2,0,4,-39.7,18.8,2,1,7.9,0,0,4,0,63562.61
CUST-4235,Ananya Kumar,ananya.kumar.4235@example.com,27,Female,Kolkata,Standard,2026-01-22,6,4572.58,4754.41,27153.43,3.0,6.7,23.3,0,5,2.8,34.6,2,2,7.2,0,0,2,0,178070.0
CUST-4236,Manish Bose,manish.bose.4236@example.com,51,Male,Hyderabad,Premium,2025-07-18,12,8900.04,9253.95,105702.52,6.0,13.4,33.7,20,9,49.9,42.4,1,1,20.8,1,1,4,0,478705.44
CUST-4237,Rohan Singh,rohan.singh.4237@example.com,52,Female,Delhi NCR,Premium,2026-05-13,2,8168.17,8492.98,16168.39,4.6,10.2,8.8,2,9,4.7,5.0,3,1,37.6,0,0,2,1,395119.26
CUST-4238,Aditi Patel,aditi.patel.4238@example.com,38,Male,Ahmedabad,Standard,2024-11-14,20,4925.67,5121.54,97500.63,5.5,12.2,17.4,4,1,1.8,16.8,0,0,7.1,1,1,5,0,238338.35
CUST-4239,Deepak Gupta,deepak.gupta.4239@example.com,32,Female,Mumbai,Basic,2025-01-18,18,1357.69,1411.68,24187.18,2.7,6.0,16.2,22,5,41.7,26.2,1,0,11.2,0,1,4,0,68032.06
CUST-4240,Simran Joshi,simran.joshi.4240@example.com,41,Female,Jaipur,Enterprise,2026-03-23,4,29709.68,30891.08,117617.0,1.8,4.0,25.9,4,5,-22.9,79.6,0,0,8.9,0,0,4,0,1200000.0
CUST-4241,Tanvi Deshmukh,tanvi.deshmukh.4241@example.com,30,Female,Ahmedabad,Standard,2025-05-10,14,3835.83,3988.36,53149.54,6.1,13.6,30.5,0,7,22.9,22.1,2,1,27.0,0,0,4,0,179780.99
CUST-4242,Sneha Das,sneha.das.4242@example.com,23,Female,Ahmedabad,Standard,2025-09-28,10,4148.07,4313.02,41054.26,5.4,12.0,5.7,6,8,-16.8,40.7,2,1,26.1,0,0,4,0,211299.32
CUST-4243,Isha Sharma,isha.sharma.4243@example.com,58,Female,Delhi NCR,Standard,2026-06-14,1,4750.3,4939.19,4701.46,4.7,10.5,21.9,0,3,28.4,17.0,3,1,19.0,0,0,4,0,178977.22
CUST-4244,Neha Agarwal,neha.agarwal.4244@example.com,22,Male,Hyderabad,Standard,2026-02-18,5,3887.33,4041.91,19236.83,4.7,10.5,31.6,0,1,20.3,23.4,1,1,12.4,0,0,3,0,142421.72
CUST-4245,Shreya Kapoor,shreya.kapoor.4245@example.com,25,Male,Mumbai,Basic,2022-08-03,48,1803.29,1875.0,85668.06,5.1,11.4,2.0,14,2,-13.5,7.4,2,0,23.5,0,0,5,0,100366.07
CUST-4246,Priya Gupta,priya.gupta.4246@example.com,57,Male,Mumbai,Basic,2026-05-13,2,1610.25,1674.28,3187.39,1.5,3.3,21.3,2,6,-9.4,58.1,0,0,29.1,0,1,4,0,74421.74
CUST-4247,Vikram Gupta,vikram.gupta.4247@example.com,46,Male,Hyderabad,Enterprise,2025-09-13,10,25702.81,26724.88,254385.72,6.5,14.5,8.6,8,6,25.4,10.2,3,1,33.6,0,0,3,0,1200000.0
CUST-4248,Arjun Deshmukh,arjun.deshmukh.4248@example.com,24,Male,Chennai,Standard,2024-04-19,27,4526.28,4706.27,120953.18,3.9,8.7,14.9,5,5,-54.0,63.8,2,2,18.3,1,0,2,1,139220.07
CUST-4249,Harsh Singh,harsh.singh.4249@example.com,30,Male,Pune,Standard,2026-01-12,6,4076.93,4239.05,24210.1,3.9,8.7,2.0,1,5,-14.4,53.2,2,0,1.0,0,1,4,0,171371.21
CUST-4250,Rajesh Bhatia,rajesh.bhatia.4250@example.com,43,Male,Bengaluru,Premium,2026-02-16,5,9192.94,9558.5,45492.16,3.3,7.3,37.3,5,9,15.4,40.2,1,0,13.1,0,0,4,0,437956.38
CUST-4251,Siddharth Rao,siddharth.rao.4251@example.com,44,Female,Chandigarh,Standard,2023-11-09,32,4625.78,4809.72,146503.19,0.2,0.5,18.1,0,7,-10.6,64.6,0,0,32.5,0,0,4,0,276509.61
CUST-4252,Sanjay Iyer,sanjay.iyer.4252@example.com,33,Male,Bengaluru,Basic,2026-01-21,6,1511.65,1571.76,8976.66,5.4,12.0,13.1,3,6,1.8,100.0,1,0,1.0,2,0,3,0,73431.9
CUST-4253,Deepak Rao,deepak.rao.4253@example.com,31,Female,Chennai,Standard,2025-04-10,15,3880.11,4034.4,57603.31,2.1,4.7,25.6,5,7,-59.2,53.5,1,0,11.1,0,0,5,0,199514.77
CUST-4254,Divya Saxena,divya.saxena.4254@example.com,55,Male,Delhi NCR,Basic,2024-12-28,19,1772.83,1843.33,33337.48,4.4,9.8,10.5,1,3,-25.9,15.1,2,0,35.3,0,0,4,0,80246.4
CUST-4255,Pooja Deshmukh,pooja.deshmukh.4255@example.com,31,Female,Delhi NCR,Basic,2024-09-09,22,1771.64,1842.09,38575.39,2.5,5.6,9.5,8,7,17.0,77.7,0,0,27.8,0,0,4,0,97619.02
CUST-4256,Simran Verma,simran.verma.4256@example.com,51,Female,Kolkata,Standard,2022-07-13,48,4295.55,4466.36,204066.7,3.5,7.8,38.6,0,3,-23.0,46.5,2,1,26.8,1,0,4,0,266589.76
CUST-4257,Simran Bose,simran.bose.4257@example.com,43,Male,Bengaluru,Enterprise,2024-08-23,23,27107.15,28185.06,617054.92,3.4,7.6,41.9,4,8,-38.5,92.7,2,1,9.7,2,1,4,0,1200000.0
CUST-4258,Sanjay Pandey,sanjay.pandey.4258@example.com,27,Male,Bengaluru,Premium,2025-04-15,15,10291.5,10700.74,152785.47,2.4,5.3,15.5,9,10,27.7,29.9,1,1,41.9,1,1,4,0,588739.89
CUST-4259,Deepak Malhotra,deepak.malhotra.4259@example.com,23,Male,Chandigarh,Basic,2023-11-27,32,1616.29,1680.56,51189.56,3.7,8.2,33.7,4,10,12.4,72.8,1,0,13.8,0,0,4,0,103011.35
CUST-4260,Divya Rao,divya.rao.4260@example.com,51,Male,Delhi NCR,Standard,2023-10-03,34,4182.81,4349.14,140753.49,3.2,7.1,25.9,15,9,-32.5,42.0,2,1,1.0,0,1,4,0,273064.65
CUST-4261,Neha Singh,neha.singh.4261@example.com,23,Female,Ahmedabad,Basic,2022-08-01,48,1871.07,1945.47,88888.05,2.0,4.5,6.4,7,3,1.9,100.0,1,0,33.4,0,1,4,0,105861.8
CUST-4262,Manish Das,manish.das.4262@example.com,53,Female,Bengaluru,Standard,2024-11-01,21,3805.74,3957.07,79098.92,6.7,14.9,11.8,23,7,-31.6,35.2,1,0,3.6,2,0,4,0,202064.51
CUST-4263,Divya Singh,divya.singh.4263@example.com,37,Male,Chandigarh,Basic,2026-03-17,4,1660.07,1726.08,6572.01,2.5,5.6,39.1,2,8,-6.3,100.0,1,1,62.2,0,0,3,0,79452.97
CUST-4264,Neha Das,neha.das.4264@example.com,33,Male,Hyderabad,Premium,2025-01-17,18,10889.26,11322.27,193991.63,5.4,12.0,6.3,20,3,2.9,52.6,3,0,13.8,0,0,4,0,458570.11
CUST-4265,Sneha Deshmukh,sneha.deshmukh.4265@example.com,22,Male,Jaipur,Basic,2026-05-29,2,1709.65,1777.63,3384.15,5.6,12.5,47.1,7,6,-24.6,62.3,2,0,21.1,0,0,3,0,67770.97
CUST-4266,Tanvi Gupta,tanvi.gupta.4266@example.com,29,Male,Hyderabad,Basic,2026-01-10,6,1811.28,1883.31,10755.95,6.1,13.6,15.7,10,7,18.8,82.8,1,0,17.1,0,0,4,0,92212.31
CUST-4267,Rohan Das,rohan.das.4267@example.com,34,Female,Chandigarh,Standard,2026-05-18,2,4069.85,4231.69,8056.02,3.1,6.9,39.4,17,4,23.1,23.1,3,2,28.8,1,0,3,1,108560.71
CUST-4268,Divya Patel,divya.patel.4268@example.com,36,Male,Ahmedabad,Basic,2023-01-22,42,1491.8,1551.12,62011.47,3.8,8.5,18.6,6,6,5.4,65.3,2,0,25.5,0,0,4,0,87274.78
CUST-4269,Simran Saxena,simran.saxena.4269@example.com,29,Female,Kolkata,Premium,2026-01-13,6,10780.31,11208.99,64016.9,3.8,8.5,30.8,14,7,9.6,35.0,3,0,18.4,0,0,5,0,576113.1
CUST-4270,Arjun Malhotra,arjun.malhotra.4270@example.com,31,Male,Delhi NCR,Enterprise,2025-01-18,18,25947.46,26979.26,462252.72,5.3,11.8,37.3,5,7,-42.7,45.6,2,1,24.7,0,1,5,0,1200000.0
CUST-4271,Deepak Verma,deepak.verma.4271@example.com,26,Male,Kolkata,Basic,2025-07-31,12,1721.43,1789.88,20444.79,3.7,8.2,37.3,6,1,36.1,44.0,2,0,3.6,1,1,4,0,70191.49
CUST-4272,Tara Singh,tara.singh.4272@example.com,40,Female,Kolkata,Standard,2026-05-15,2,3805.9,3957.24,7533.55,5.2,11.6,15.6,4,2,-4.6,55.7,0,0,14.2,0,0,5,0,150528.27
CUST-4273,Nikhil Patel,nikhil.patel.4273@example.com,59,Male,Chandigarh,Enterprise,2025-08-02,12,29112.42,30270.07,345757.55,3.7,8.2,12.6,1,1,-28.2,54.7,2,0,1.9,0,0,4,0,1200000.0
CUST-4274,Sneha Kumar,sneha.kumar.4274@example.com,32,Female,Delhi NCR,Premium,2025-03-13,16,9828.2,10219.02,155634.58,6.5,14.5,21.1,6,9,2.1,28.2,3,0,20.9,0,1,4,0,589624.91
CUST-4275,Isha Kumar,isha.kumar.4275@example.com,41,Female,Mumbai,Enterprise,2024-02-01,30,24849.36,25837.49,737816.88,4.2,9.4,7.7,28,7,18.9,45.0,3,1,28.1,0,1,3,0,1200000.0
CUST-4276,Vikram Chopra,vikram.chopra.4276@example.com,41,Male,Jaipur,Basic,2026-05-24,2,1608.54,1672.5,3184.01,3.9,8.7,24.6,11,7,12.3,0.0,4,1,26.1,0,1,4,1,76534.9
CUST-4277,Tanvi Chopra,tanvi.chopra.4277@example.com,42,Male,Bengaluru,Basic,2026-02-28,5,1714.75,1782.94,8485.61,4.9,10.9,13.0,10,3,-32.4,65.8,2,1,38.9,0,0,3,0,58434.14
CUST-4278,Sneha Mishra,sneha.mishra.4278@example.com,39,Female,Kolkata,Basic,2025-02-19,17,1355.34,1409.23,22803.91,7.6,16.9,33.9,7,5,19.2,82.7,2,0,25.6,2,0,3,0,63315.71
CUST-4279,Meera Bose,meera.bose.4279@example.com,31,Female,Hyderabad,Basic,2026-06-27,1,1683.55,1750.5,1666.24,2.9,6.5,15.7,3,2,-3.7,46.6,2,1,49.0,1,1,4,0,60444.01
CUST-4280,Neha Reddy,neha.reddy.4280@example.com,55,Female,Mumbai,Premium,2026-03-23,4,9804.92,10194.81,38816.48,6.4,14.2,2.8,1,5,12.0,3.5,0,0,27.8,0,1,4,0,451958.34
CUST-4281,Aarav Deshmukh,aarav.deshmukh.4281@example.com,47,Male,Mumbai,Basic,2026-03-28,4,1464.67,1522.91,5798.45,2.5,5.6,37.4,1,8,-24.4,59.8,1,0,17.9,1,1,5,0,70466.95
CUST-4282,Sanjay Kapoor,sanjay.kapoor.4282@example.com,51,Other,Ahmedabad,Standard,2025-03-31,16,4653.01,4838.04,73682.8,4.3,9.6,24.0,0,10,27.3,23.7,4,1,20.4,1,1,3,0,245722.49
CUST-4283,Simran Verma,simran.verma.4283@example.com,30,Male,Kolkata,Basic,2026-02-15,5,1508.31,1568.29,7464.02,2.5,5.6,22.3,8,3,3.1,46.4,2,1,7.1,0,0,4,0,53829.06
CUST-4284,Varun Joshi,varun.joshi.4284@example.com,52,Female,Kolkata,Premium,2025-06-24,13,8971.12,9327.86,115425.6,3.4,7.6,34.0,12,4,31.3,58.5,1,1,40.5,0,0,4,0,410455.8
CUST-4285,Tanvi Singh,tanvi.singh.4285@example.com,25,Female,Pune,Basic,2022-07-27,48,1596.32,1659.8,75835.63,2.8,6.2,31.6,2,8,-45.0,55.1,1,1,30.8,0,0,3,0,99462.18
CUST-4286,Ananya Agarwal,ananya.agarwal.4286@example.com,27,Male,Chandigarh,Basic,2024-08-30,23,1703.84,1771.59,38785.44,5.7,12.7,13.6,0,2,-41.2,67.9,4,2,26.6,0,0,3,0,55189.46
CUST-4287,Isha Mishra,isha.mishra.4287@example.com,35,Female,Ahmedabad,Standard,2026-01-27,6,4899.16,5093.97,29092.76,3.2,7.1,17.1,3,1,-8.7,45.5,0,0,19.7,3,1,4,1,149883.1
CUST-4288,Rhea Kumar,rhea.kumar.4288@example.com,25,Male,Mumbai,Basic,2025-10-12,9,1423.26,1479.86,12677.65,5.3,11.8,9.8,2,3,39.1,46.2,1,1,25.6,0,1,4,0,59412.55
CUST-4289,Sneha Malhotra,sneha.malhotra.4289@example.com,47,Female,Mumbai,Standard,2026-03-20,4,4154.02,4319.2,16445.26,3.1,6.9,5.9,4,2,53.0,59.7,3,2,30.9,1,0,3,0,156133.95
CUST-4290,Rahul Kapoor,rahul.kapoor.4290@example.com,38,Male,Pune,Standard,2026-06-28,1,3692.86,3839.71,3654.9,4.2,9.4,28.4,2,10,-26.9,40.3,2,2,43.1,1,0,1,0,107302.06
CUST-4291,Swati Bhatia,swati.bhatia.4291@example.com,40,Female,Bengaluru,Premium,2026-02-12,5,10488.27,10905.33,51902.23,7.3,16.3,26.3,3,2,-0.5,25.5,1,1,5.4,0,1,4,0,379499.18
CUST-4292,Aarav Agarwal,aarav.agarwal.4292@example.com,27,Male,Chennai,Standard,2025-12-28,7,4225.77,4393.81,29276.29,2.6,5.8,30.4,17,4,2.3,52.8,0,0,26.2,0,0,5,0,198665.39
CUST-4293,Varun Patel,varun.patel.4293@example.com,50,Female,Hyderabad,Standard,2025-07-13,12,4588.55,4771.01,54496.53,2.7,6.0,36.1,3,6,18.1,14.9,3,0,31.8,0,1,4,0,206785.12
CUST-4294,Divya Chopra,divya.chopra.4294@example.com,32,Female,Chennai,Enterprise,2023-02-13,41,25318.19,26324.96,1027374.15,3.7,8.2,30.5,11,10,22.8,40.1,2,0,2.7,1,0,4,0,1200000.0
CUST-4295,Neha Malhotra,neha.malhotra.4295@example.com,37,Male,Kolkata,Enterprise,2023-01-14,42,29886.58,31075.01,1242331.89,4.2,9.4,31.5,7,10,-33.2,8.9,2,1,1.0,0,0,3,0,1200000.0
CUST-4296,Ananya Nair,ananya.nair.4296@example.com,51,Male,Delhi NCR,Standard,2026-06-01,2,4347.67,4520.55,8605.95,5.5,12.2,2.0,3,5,-0.2,28.7,1,0,21.6,0,0,3,0,183825.94
CUST-4297,Tanvi Joshi,tanvi.joshi.4297@example.com,46,Female,Ahmedabad,Standard,2025-05-09,14,4919.82,5115.46,68169.38,4.3,9.6,18.6,12,4,-58.2,29.7,2,0,27.6,0,0,5,0,244465.35
CUST-4298,Aditi Kumar,aditi.kumar.4298@example.com,32,Male,Kolkata,Standard,2026-06-26,1,3709.41,3856.91,3671.28,4.7,10.5,32.6,6,8,20.7,18.4,3,1,13.4,0,0,4,0,182098.86
CUST-4299,Harsh Rao,harsh.rao.4299@example.com,28,Female,Bengaluru,Standard,2025-05-02,15,4318.91,4490.65,64117.64,1.8,4.0,9.1,0,5,-11.5,68.4,1,1,7.2,0,0,3,0,202468.41
CUST-4300,Kavya Rao,kavya.rao.4300@example.com,47,Male,Chennai,Enterprise,2026-05-13,2,29205.32,30366.66,57810.15,4.8,10.7,23.0,0,2,-35.8,66.4,2,0,1.0,0,0,5,0,1200000.0
CUST-4301,Priya Malhotra,priya.malhotra.4301@example.com,43,Female,Kolkata,Premium,2023-02-15,41,9989.37,10386.6,405353.64,4.9,10.9,27.7,10,4,7.3,73.5,1,0,29.0,0,0,4,0,602554.75
CUST-4302,Aarav Singh,aarav.singh.4302@example.com,46,Male,Hyderabad,Basic,2024-03-24,28,1361.27,1415.4,37723.71,5.6,12.5,26.9,4,7,-12.4,37.5,5,2,30.7,2,1,2,0,70102.08
CUST-4303,Deepak Joshi,deepak.joshi.4303@example.com,40,Male,Mumbai,Basic,2026-06-27,1,1859.24,1933.17,1840.13,3.5,7.8,26.1,3,4,33.3,31.6,1,0,31.6,2,0,3,0,76404.68
CUST-4304,Rhea Bose,rhea.bose.4304@example.com,52,Male,Chandigarh,Basic,2024-09-26,22,1505.58,1565.45,32782.24,4.2,9.4,28.6,1,6,-27.0,61.3,3,0,1.0,0,1,5,0,76275.08
CUST-4305,Arjun Mehta,arjun.mehta.4305@example.com,47,Male,Jaipur,Basic,2025-04-21,15,1479.88,1538.73,21969.99,5.7,12.7,24.0,1,2,60.2,45.1,2,2,33.0,1,1,3,0,63434.94
CUST-4306,Aditi Reddy,aditi.reddy.4306@example.com,57,Male,Kolkata,Basic,2025-09-14,10,1603.9,1667.68,15874.11,2.0,4.5,5.9,11,9,21.9,45.0,2,2,45.4,1,0,2,0,67335.27
CUST-4307,Amit Mishra,amit.mishra.4307@example.com,44,Male,Bengaluru,Standard,2025-06-22,13,4357.93,4531.22,56070.67,0.4,0.9,27.6,13,4,34.1,0.0,0,0,4.7,1,0,3,0,190623.5
CUST-4308,Varun Verma,varun.verma.4308@example.com,34,Female,Ahmedabad,Basic,2025-03-12,16,1751.13,1820.76,27730.04,1.9,4.2,25.1,6,1,-30.8,60.2,2,2,40.9,0,0,3,0,47534.03
CUST-4309,Aditi Rao,aditi.rao.4309@example.com,46,Female,Delhi NCR,Standard,2023-12-15,31,4149.55,4314.56,127313.61,2.9,6.5,6.1,2,3,48.1,57.0,1,0,3.3,0,0,4,0,208656.72
CUST-4310,Aditya Chauhan,aditya.chauhan.4310@example.com,23,Female,Hyderabad,Basic,2024-10-08,21,1579.93,1642.76,32837.44,6.5,14.5,37.2,20,7,-36.0,41.9,2,0,4.6,0,0,4,0,77836.14
CUST-4311,Sanjay Reddy,sanjay.reddy.4311@example.com,23,Male,Pune,Basic,2025-07-30,12,1629.77,1694.58,19356.18,8.5,18.9,27.9,7,10,-7.9,61.6,4,3,40.8,2,0,1,0,51773.96
CUST-4312,Amit Rao,amit.rao.4312@example.com,37,Female,Bengaluru,Standard,2024-06-14,25,4151.1,4316.17,102710.61,2.3,5.1,6.8,11,9,34.5,56.4,0,0,8.7,1,0,3,0,249392.85
CUST-4313,Aarav Deshmukh,aarav.deshmukh.4313@example.com,30,Male,Chennai,Premium,2022-07-22,48,10979.61,11416.21,521603.23,4.0,8.9,13.0,0,6,12.2,25.3,0,0,32.4,0,0,4,0,650580.36
CUST-4314,Karan Das,karan.das.4314@example.com,49,Female,Chandigarh,Standard,2026-02-12,5,4790.55,4981.05,23706.5,3.1,6.9,15.8,4,4,-36.7,36.7,2,2,32.1,0,0,3,0,113445.55
CUST-4315,Rohan Chauhan,rohan.chauhan.4315@example.com,34,Male,Chennai,Standard,2026-06-01,2,4235.9,4404.34,8384.71,5.2,11.6,15.8,15,2,29.8,17.8,1,1,40.9,0,1,4,0,138243.71
CUST-4316,Tanvi Joshi,tanvi.joshi.4316@example.com,56,Male,Mumbai,Standard,2024-12-24,19,3599.37,3742.5,67684.97,4.8,10.7,25.2,3,9,7.5,77.1,2,0,24.1,0,0,4,0,198734.89
CUST-4317,Simran Bose,simran.bose.4317@example.com,34,Male,Chandigarh,Basic,2022-07-27,48,1821.78,1894.22,86546.46,2.4,5.3,11.3,9,8,-13.7,65.5,1,0,5.1,0,1,5,0,123417.16
CUST-4318,Deepak Kumar,deepak.kumar.4318@example.com,52,Female,Chennai,Standard,2026-05-13,2,3773.13,3923.17,7468.68,2.9,6.5,34.4,8,7,-45.2,22.5,1,1,26.7,1,0,3,1,111266.32
CUST-4319,Shreya Kapoor,shreya.kapoor.4319@example.com,42,Male,Ahmedabad,Basic,2025-11-18,8,1477.38,1536.13,11697.53,3.9,8.7,33.5,1,2,10.2,56.9,1,0,6.0,0,0,5,0,64380.41
CUST-4320,Priya Kapoor,priya.kapoor.4320@example.com,53,Female,Chennai,Standard,2026-06-24,1,3812.35,3963.95,3773.16,6.8,15.1,28.8,11,2,-6.6,48.7,2,1,37.8,0,1,4,0,127391.02
CUST-4321,Rhea Pandey,rhea.pandey.4321@example.com,55,Male,Hyderabad,Standard,2024-10-20,21,3850.78,4003.91,80035.03,2.8,6.2,22.5,0,8,2.4,25.5,0,0,33.5,2,0,4,0,228862.8
CUST-4322,Deepak Mehta,deepak.mehta.4322@example.com,29,Female,Hyderabad,Standard,2023-01-16,42,4722.85,4910.65,196320.46,0.9,2.0,32.3,9,9,-46.4,45.0,2,1,3.3,1,1,3,0,338133.52
CUST-4323,Ananya Chopra,ananya.chopra.4323@example.com,23,Female,Jaipur,Basic,2025-09-26,10,1653.14,1718.88,16361.45,6.9,15.4,19.0,35,9,-13.7,62.6,4,2,38.8,0,1,3,1,63924.05
CUST-4324,Rohan Chauhan,rohan.chauhan.4324@example.com,59,Male,Chennai,Premium,2025-11-09,8,11110.47,11552.28,87969.99,5.2,11.6,14.0,23,8,11.4,64.6,1,0,30.5,2,0,5,0,561303.25
CUST-4325,Isha Iyer,isha.iyer.4325@example.com,53,Male,Ahmedabad,Basic,2023-09-12,34,1470.53,1529.01,49484.01,1.8,4.0,35.1,12,1,50.5,98.0,1,0,26.7,1,0,4,0,73450.32
CUST-4326,Karan Malhotra,karan.malhotra.4326@example.com,49,Female,Ahmedabad,Basic,2026-04-30,3,1603.89,1667.67,4762.2,4.8,10.7,25.5,5,5,-7.7,44.3,0,0,14.8,0,1,5,0,68243.35
CUST-4327,Siddharth Mehta,siddharth.mehta.4327@example.com,58,Female,Kolkata,Basic,2023-11-24,32,1861.91,1935.95,58968.6,5.9,13.1,14.5,8,7,38.4,36.3,3,2,64.9,0,1,3,0,104022.6
CUST-4328,Isha Mishra,isha.mishra.4328@example.com,22,Male,Delhi NCR,Standard,2025-12-23,7,4755.83,4944.94,32948.56,4.4,9.8,17.4,9,10,20.0,55.5,1,0,18.8,0,0,4,0,262281.77
CUST-4329,Tara Rao,tara.rao.4329@example.com,31,Female,Chandigarh,Basic,2025-07-24,12,1731.37,1800.22,20562.85,7.1,15.8,13.9,0,6,4.5,37.6,2,2,14.2,2,0,3,0,81002.35
CUST-4330,Vikram Joshi,vikram.joshi.4330@example.com,25,Female,Bengaluru,Standard,2025-08-24,11,3863.6,4017.24,42062.68,5.4,12.0,44.2,0,1,-30.3,28.0,5,3,48.3,1,0,2,1,24861.36
CUST-4331,Tanvi Iyer,tanvi.iyer.4331@example.com,56,Male,Pune,Premium,2025-05-22,14,10522.46,10940.88,145799.97,4.8,10.7,22.0,6,10,-29.2,19.8,3,2,45.1,0,1,3,0,589666.39
CUST-4332,Pooja Deshmukh,pooja.deshmukh.4332@example.com,31,Female,Chandigarh,Basic,2023-03-11,40,1531.45,1592.35,60628.24,4.6,10.2,23.7,0,6,15.3,0.0,2,0,23.1,0,1,5,0,87766.41
CUST-4333,Neha Malhotra,neha.malhotra.4333@example.com,32,Male,Chandigarh,Standard,2022-12-26,43,4341.67,4514.32,184772.52,4.5,10.0,29.9,17,4,-16.7,59.6,3,0,18.5,0,0,4,0,258075.7
CUST-4334,Siddharth Das,siddharth.das.4334@example.com,35,Male,Mumbai,Basic,2024-06-09,25,1668.7,1735.06,41288.62,6.0,13.4,8.6,5,3,-19.2,2.7,3,0,1.0,0,1,4,0,82417.32
CUST-4335,Manish Singh,manish.singh.4335@example.com,59,Female,Chandigarh,Standard,2026-04-24,3,4452.0,4629.03,13218.69,3.9,8.7,34.1,2,4,-7.1,20.9,1,0,1.0,0,1,4,0,193422.0
CUST-4336,Pooja Reddy,pooja.reddy.4336@example.com,33,Male,Mumbai,Basic,2026-01-15,6,1730.27,1799.07,10274.89,6.2,13.8,15.3,3,8,-6.6,49.0,0,0,4.4,0,0,4,0,87415.18
CUST-4337,Ananya Bose,ananya.bose.4337@example.com,38,Male,Kolkata,Enterprise,2025-09-24,10,28288.76,29413.66,279979.37,4.9,10.9,42.1,14,6,23.2,34.3,1,0,1.0,0,0,5,0,1200000.0
CUST-4338,Rhea Saxena,rhea.saxena.4338@example.com,37,Female,Delhi NCR,Standard,2023-09-16,34,3694.8,3841.72,124331.73,4.4,9.8,18.6,19,9,-16.2,93.6,3,0,34.4,0,0,4,0,227403.75
CUST-4339,Arjun Iyer,arjun.iyer.4339@example.com,56,Female,Ahmedabad,Premium,2025-08-13,11,9539.58,9918.92,103856.59,3.6,8.0,33.4,0,5,20.4,5.8,2,0,16.8,2,0,3,0,486530.06
CUST-4340,Rohan Patel,rohan.patel.4340@example.com,23,Female,Jaipur,Basic,2022-07-18,48,1697.48,1764.98,80641.39,3.6,8.0,2.0,11,9,10.3,95.7,0,0,12.0,1,1,4,0,116093.7
CUST-4341,Simran Rao,simran.rao.4341@example.com,32,Female,Ahmedabad,Premium,2022-07-29,48,9031.37,9390.5,429049.1,4.9,10.9,9.1,6,4,-48.9,75.1,2,1,6.7,2,0,3,0,538503.68
CUST-4342,Meera Mehta,meera.mehta.4342@example.com,24,Female,Chennai,Premium,2025-06-23,13,9085.12,9446.39,116892.36,6.3,14.0,18.8,6,4,6.2,63.8,3,1,8.6,2,1,3,0,400448.23
CUST-4343,Pooja Rao,pooja.rao.4343@example.com,50,Male,Pune,Premium,2024-02-01,30,8491.44,8829.1,252124.31,5.3,11.8,2.0,11,6,-76.7,76.5,0,0,16.2,0,0,5,0,470949.06
CUST-4344,Simran Das,simran.das.4344@example.com,39,Male,Delhi NCR,Enterprise,2022-07-14,48,26161.83,27202.15,1242857.91,2.7,6.0,28.6,1,10,-27.1,51.7,2,0,12.5,1,0,5,0,1200000.0
CUST-4345,Kavya Saxena,kavya.saxena.4345@example.com,41,Female,Delhi NCR,Basic,2024-04-09,27,1866.84,1941.07,49886.49,0.8,1.8,25.4,5,7,11.0,1.1,0,0,17.6,0,0,4,0,98591.77
CUST-4346,Ananya Bhatia,ananya.bhatia.4346@example.com,35,Male,Kolkata,Standard,2025-05-02,15,3998.45,4157.45,59360.16,5.8,12.9,11.1,2,2,-2.3,54.4,2,0,1.0,1,0,3,0,169450.09
CUST-4347,Rohan Bose,rohan.bose.4347@example.com,55,Female,Pune,Standard,2024-04-25,27,4342.93,4515.63,116053.63,9.8,21.8,21.8,0,4,-51.5,6.5,4,3,44.6,0,0,2,1,98177.99
CUST-4348,Divya Singh,divya.singh.4348@example.com,52,Female,Chennai,Standard,2026-05-14,2,4639.37,4823.85,9183.35,3.6,8.0,30.9,0,8,-33.3,29.3,1,0,31.4,0,1,5,0,244260.96
CUST-4349,Rahul Chopra,rahul.chopra.4349@example.com,39,Male,Chennai,Premium,2025-04-30,15,8141.61,8465.36,120868.65,3.2,7.1,2.0,1,9,-75.0,40.1,1,0,12.6,0,1,4,0,494220.92
CUST-4350,Tanvi Iyer,tanvi.iyer.4350@example.com,51,Female,Jaipur,Basic,2026-03-10,4,1821.52,1893.95,7211.18,5.9,13.1,8.0,7,5,-39.6,20.1,2,0,25.4,0,0,4,0,72886.7
CUST-4351,Kavya Deshmukh,kavya.deshmukh.4351@example.com,46,Male,Bengaluru,Basic,2026-05-28,2,1551.9,1613.61,3071.89,2.4,5.3,18.3,0,6,14.2,64.7,2,0,13.9,0,0,4,0,78309.62
CUST-4352,Amit Saxena,amit.saxena.4352@example.com,40,Male,Ahmedabad,Basic,2023-11-27,32,1805.08,1876.86,57168.73,7.3,16.3,22.3,6,10,-17.6,36.9,1,0,11.4,0,0,4,0,105849.21
CUST-4353,Siddharth Saxena,siddharth.saxena.4353@example.com,29,Other,Chandigarh,Premium,2025-04-24,15,8221.77,8548.71,122058.69,5.1,11.4,21.4,6,7,2.8,51.8,3,1,29.1,1,1,3,0,335940.02
CUST-4354,Varun Nair,varun.nair.4354@example.com,49,Male,Pune,Enterprise,2026-03-29,4,23773.61,24718.96,94116.82,4.1,9.1,31.8,17,7,-1.6,41.8,1,1,18.4,0,0,3,0,1200000.0
CUST-4355,Rohan Mehta,rohan.mehta.4355@example.com,29,Male,Chennai,Standard,2025-12-17,7,4050.53,4211.6,28062.22,2.6,5.8,27.2,7,3,-1.1,45.0,0,0,8.5,0,0,4,0,179271.25
CUST-4356,Aditi Verma,aditi.verma.4356@example.com,52,Male,Chennai,Standard,2022-08-02,48,4082.63,4244.98,193951.61,6.1,13.6,29.7,31,2,26.6,20.7,1,0,29.0,1,0,4,0,224660.9
CUST-4357,Aditya Mishra,aditya.mishra.4357@example.com,24,Female,Bengaluru,Standard,2024-03-31,28,4785.72,4976.02,132622.57,3.3,7.3,6.7,0,10,-7.7,13.8,4,2,10.2,0,0,2,0,273033.83
CUST-4358,Aditi Malhotra,aditi.malhotra.4358@example.com,24,Female,Delhi NCR,Standard,2026-06-30,1,3614.78,3758.52,3577.62,5.7,12.7,23.6,9,8,23.5,38.3,2,2,33.1,0,0,4,0,173735.21
CUST-4359,Rohan Agarwal,rohan.agarwal.4359@example.com,43,Female,Chennai,Basic,2022-07-15,48,1685.46,1752.48,80070.37,5.0,11.1,18.6,0,9,-71.4,18.8,2,0,3.3,1,1,4,0,122737.45
CUST-4360,Rhea Iyer,rhea.iyer.4360@example.com,38,Female,Jaipur,Standard,2025-12-10,7,3782.89,3933.32,26208.0,6.9,15.4,38.1,9,8,29.1,75.4,3,0,37.7,0,0,3,0,194286.28
CUST-4361,Kavya Mishra,kavya.mishra.4361@example.com,57,Male,Chennai,Standard,2025-02-22,17,4751.31,4940.25,79941.89,4.5,10.0,23.9,3,8,-38.1,9.0,3,1,34.9,0,0,4,0,262629.82
CUST-4362,Tanvi Mehta,tanvi.mehta.4362@example.com,38,Female,Chennai,Standard,2025-01-10,18,4688.83,4875.28,83531.28,10.7,23.8,14.6,7,2,-32.0,98.1,0,0,31.3,0,1,5,0,227088.1
CUST-4363,Rhea Bose,rhea.bose.4363@example.com,35,Female,Bengaluru,Basic,2023-10-01,34,1611.38,1675.46,54223.68,5.4,12.0,31.4,2,4,-21.7,49.2,2,2,34.4,0,1,3,0,87455.75
CUST-4364,Swati Bhatia,swati.bhatia.4364@example.com,30,Male,Jaipur,Premium,2023-12-19,31,8768.99,9117.69,269044.05,4.5,10.0,28.2,1,6,28.3,43.7,2,0,23.6,0,0,3,0,537168.07
CUST-4365,Pooja Deshmukh,pooja.deshmukh.4365@example.com,51,Male,Hyderabad,Premium,2026-02-17,5,10097.54,10499.07,49968.66,3.4,7.6,13.0,9,8,-26.9,29.0,1,0,18.5,0,0,4,0,462904.73
CUST-4366,Sanjay Verma,sanjay.verma.4366@example.com,42,Female,Mumbai,Standard,2025-04-10,15,3817.81,3969.62,56678.41,6.0,13.4,18.2,17,2,-20.4,57.8,0,0,9.2,0,1,4,0,153436.88
CUST-4367,Aditi Bose,aditi.bose.4367@example.com,33,Female,Bengaluru,Premium,2025-11-28,8,8697.61,9043.47,68865.55,3.4,7.6,18.4,1,8,-28.9,37.1,4,2,53.3,0,1,3,0,399493.48
CUST-4368,Sanjay Kumar,sanjay.kumar.4368@example.com,58,Female,Delhi NCR,Standard,2025-08-23,11,4476.25,4654.25,48732.55,2.6,5.8,35.5,19,1,5.2,49.2,0,0,24.4,0,0,5,0,182661.35
CUST-4369,Harsh Mishra,harsh.mishra.4369@example.com,53,Female,Delhi NCR,Standard,2025-07-23,12,4986.47,5184.76,59222.48,3.2,7.1,24.2,1,6,18.8,62.2,2,1,14.1,1,0,3,0,266638.01
CUST-4370,Isha Mehta,isha.mehta.4370@example.com,32,Female,Pune,Standard,2025-11-21,8,4846.27,5038.98,38371.58,3.8,8.5,30.0,9,8,45.7,58.1,2,1,5.2,0,0,5,0,258528.37
CUST-4371,Aarav Mishra,aarav.mishra.4371@example.com,41,Female,Bengaluru,Premium,2025-10-25,9,9967.18,10363.52,88782.41,8.9,19.8,16.6,24,8,65.2,71.8,1,0,3.8,0,0,5,0,408869.79
CUST-4372,Priya Saxena,priya.saxena.4372@example.com,56,Female,Kolkata,Standard,2026-03-11,4,4352.86,4525.95,17232.44,4.8,10.7,25.7,1,7,16.2,54.9,2,1,24.7,0,1,4,0,257021.0
CUST-4373,Rajesh Saxena,rajesh.saxena.4373@example.com,32,Male,Bengaluru,Standard,2025-05-11,14,4996.49,5195.17,69231.73,2.8,6.2,36.3,4,7,8.2,19.2,1,1,16.2,0,0,3,0,259976.88
CUST-4374,Kavya Rao,kavya.rao.4374@example.com,29,Female,Hyderabad,Standard,2024-11-23,20,4365.26,4538.84,86407.66,6.5,14.5,18.0,3,10,-36.1,0.0,2,0,27.2,0,0,3,0,270599.18
CUST-4375,Aarav Mehta,aarav.mehta.4375@example.com,25,Male,Chennai,Premium,2025-11-24,8,9422.32,9797.0,74603.63,4.6,10.2,23.3,3,9,51.5,47.1,5,2,35.3,0,0,3,0,508654.83
CUST-4376,Kavya Gupta,kavya.gupta.4376@example.com,48,Female,Bengaluru,Premium,2022-07-23,48,10963.88,11399.86,520855.96,6.9,15.4,7.0,10,2,4.0,47.4,1,0,13.0,3,0,3,0,571578.7
CUST-4377,Divya Reddy,divya.reddy.4377@example.com,59,Male,Kolkata,Standard,2026-06-16,1,3926.88,4083.03,3886.51,8.2,18.3,13.6,8,1,-10.1,88.2,3,3,40.0,0,0,2,1,63068.91
CUST-4378,Isha Bhatia,isha.bhatia.4378@example.com,51,Male,Chandigarh,Premium,2025-06-10,13,8406.27,8740.54,108158.04,1.1,2.4,18.3,25,2,8.9,39.2,2,0,14.5,0,1,5,0,331672.05
CUST-4379,Kavya Bhatia,kavya.bhatia.4379@example.com,48,Male,Kolkata,Standard,2025-06-18,13,4486.6,4665.01,57726.18,0.2,0.5,10.3,1,3,-19.8,51.0,2,0,13.2,0,0,3,0,199104.81
CUST-4380,Harsh Nair,harsh.nair.4380@example.com,42,Male,Delhi NCR,Enterprise,2026-06-14,1,23337.75,24265.77,23097.83,8.4,18.7,36.5,5,9,-67.5,60.7,0,0,20.6,0,1,5,0,1200000.0
CUST-4381,Tanvi Nair,tanvi.nair.4381@example.com,41,Male,Hyderabad,Premium,2026-03-14,4,9274.39,9643.18,36716.18,2.8,6.2,12.8,4,10,14.0,54.3,2,0,9.8,0,1,5,0,523520.58
CUST-4382,Rohan Saxena,rohan.saxena.4382@example.com,25,Male,Chennai,Basic,2023-09-28,34,1571.33,1633.81,52875.98,0.6,1.3,30.7,18,7,35.6,62.3,3,2,18.0,0,1,4,0,91227.37
CUST-4383,Rohan Rao,rohan.rao.4383@example.com,32,Female,Kolkata,Premium,2025-07-29,12,9823.65,10214.29,116671.89,3.1,6.9,24.1,0,5,13.6,22.4,0,0,25.0,0,0,5,0,387065.57
CUST-4384,Amit Rao,amit.rao.4384@example.com,34,Male,Hyderabad,Standard,2025-10-25,9,4987.08,5185.39,44422.29,2.2,4.9,22.3,33,5,-2.2,18.6,2,1,14.5,0,0,4,0,163010.44
CUST-4385,Ananya Saxena,ananya.saxena.4385@example.com,30,Male,Chandigarh,Enterprise,2025-11-14,8,24432.61,25404.17,193451.44,2.6,5.8,38.3,4,6,-1.6,35.3,1,0,30.9,0,0,4,0,1200000.0
CUST-4386,Sanjay Gupta,sanjay.gupta.4386@example.com,25,Female,Jaipur,Premium,2023-12-13,31,9282.6,9651.72,284802.27,6.0,13.4,2.0,7,2,2.8,0.0,1,1,22.0,1,0,2,1,399698.85
CUST-4387,Arjun Mehta,arjun.mehta.4387@example.com,33,Female,Jaipur,Basic,2025-12-12,7,1418.48,1474.89,9827.28,3.4,7.6,19.8,3,1,2.0,41.1,2,2,26.6,0,0,3,0,39906.92
CUST-4388,Varun Agarwal,varun.agarwal.4388@example.com,30,Male,Jaipur,Standard,2024-03-19,28,4449.55,4626.49,123306.58,0.8,1.8,10.1,14,1,-3.7,26.2,3,1,12.8,0,0,4,0,192335.05
CUST-4389,Aditi Agarwal,aditi.agarwal.4389@example.com,34,Female,Chandigarh,Standard,2026-01-29,6,4617.59,4801.21,27420.71,4.3,9.6,2.0,6,3,-1.3,49.7,1,0,12.3,0,0,5,0,207255.8
CUST-4390,Sneha Iyer,sneha.iyer.4390@example.com,47,Female,Chennai,Premium,2025-08-19,11,9617.47,9999.91,104704.57,2.4,5.3,8.9,8,1,41.5,35.6,3,2,36.2,0,0,3,0,422079.93
CUST-4391,Varun Saxena,varun.saxena.4391@example.com,59,Male,Mumbai,Premium,2026-04-18,3,8873.38,9226.23,26346.47,3.7,8.2,22.2,7,9,11.2,17.6,1,0,6.5,2,0,3,0,428853.72
CUST-4392,Aditi Deshmukh,aditi.deshmukh.4392@example.com,34,Male,Mumbai,Standard,2024-06-20,25,4468.13,4645.8,110554.88,3.8,8.5,14.0,3,10,0.9,73.5,3,1,32.8,0,0,3,0,284785.05
CUST-4393,Priya Kumar,priya.kumar.4393@example.com,49,Female,Hyderabad,Standard,2024-12-12,19,4353.73,4526.86,81870.46,6.0,13.4,31.9,0,5,16.5,44.0,2,1,10.7,0,0,4,0,235458.81
CUST-4394,Sanjay Iyer,sanjay.iyer.4394@example.com,40,Female,Jaipur,Standard,2025-08-13,11,3838.7,3991.35,41791.6,3.1,6.9,19.6,12,9,16.5,62.7,1,1,35.0,0,1,2,0,190228.25
CUST-4395,Siddharth Mishra,siddharth.mishra.4395@example.com,45,Female,Delhi NCR,Basic,2026-06-12,1,1561.94,1624.05,1545.88,5.7,12.7,18.4,2,5,24.5,46.4,4,0,17.3,0,0,4,0,62860.69
CUST-4396,Priya Mehta,priya.mehta.4396@example.com,40,Male,Chennai,Basic,2025-09-23,10,1577.43,1640.16,15612.13,0.9,2.0,18.5,14,1,-23.2,53.1,1,0,10.6,0,1,4,0,62833.79
CUST-4397,Arjun Joshi,arjun.joshi.4397@example.com,34,Male,Mumbai,Basic,2026-03-11,4,1864.63,1938.78,7381.84,6.1,13.6,20.9,7,7,-15.5,9.3,0,0,20.6,0,0,4,0,79095.11
CUST-4398,Tara Verma,tara.verma.4398@example.com,34,Female,Bengaluru,Basic,2025-11-15,8,1794.68,1866.05,14209.84,6.9,15.4,17.4,3,7,-24.8,72.7,0,0,35.2,1,1,5,0,86341.78
CUST-4399,Neha Bose,neha.bose.4399@example.com,49,Male,Pune,Basic,2024-03-15,28,1734.39,1803.36,48063.67,3.7,8.2,12.6,6,4,19.5,63.1,1,1,37.8,0,0,3,0,93024.47
CUST-4400,Swati Singh,swati.singh.4400@example.com,23,Male,Ahmedabad,Basic,2024-10-08,21,1815.4,1887.59,37731.47,2.5,5.6,32.9,7,3,18.1,41.5,0,0,20.4,0,1,4,0,82358.81
CUST-4401,Swati Gupta,swati.gupta.4401@example.com,31,Female,Chandigarh,Premium,2026-03-30,4,10415.62,10829.8,41234.17,1.9,4.2,15.1,9,1,-37.7,48.9,3,0,27.2,1,0,5,0,350148.98
CUST-4402,Swati Singh,swati.singh.4402@example.com,43,Male,Chandigarh,Basic,2022-07-15,48,1823.07,1895.56,86607.74,4.1,9.1,17.8,12,7,8.9,66.1,1,1,18.9,0,1,4,0,121321.71
CUST-4403,Tara Reddy,tara.reddy.4403@example.com,34,Female,Mumbai,Basic,2023-10-24,33,1377.72,1432.5,44997.36,6.8,15.1,26.7,1,5,36.4,33.1,0,0,8.4,2,0,3,0,67935.98
CUST-4404,Arjun Mehta,arjun.mehta.4404@example.com,30,Female,Chandigarh,Basic,2025-08-11,11,1588.38,1651.54,17292.56,3.3,7.3,25.5,21,10,-8.6,4.0,1,0,24.5,0,1,4,0,85621.69
CUST-4405,Rajesh Bhatia,rajesh.bhatia.4405@example.com,54,Male,Jaipur,Standard,2025-08-30,11,4644.5,4829.19,50564.27,6.5,14.5,12.2,3,1,6.8,33.5,5,2,34.9,0,0,2,0,111030.29
CUST-4406,Kavya Singh,kavya.singh.4406@example.com,35,Female,Ahmedabad,Standard,2023-10-15,33,4415.51,4591.09,144213.84,1.8,4.0,30.3,14,1,18.5,45.7,2,1,20.5,0,0,4,0,211865.2
CUST-4407,Tanvi Patel,tanvi.patel.4407@example.com,41,Male,Delhi NCR,Basic,2025-04-24,15,1441.0,1498.3,21392.79,3.5,7.8,27.9,1,3,-39.0,41.2,1,0,25.7,0,0,5,0,63530.27
CUST-4408,Rhea Chopra,rhea.chopra.4408@example.com,36,Female,Bengaluru,Standard,2025-08-28,11,4075.67,4237.74,44371.47,4.1,9.1,24.0,0,3,2.3,73.6,0,0,16.5,0,0,3,0,150570.39
CUST-4409,Harsh Bhatia,harsh.bhatia.4409@example.com,53,Male,Hyderabad,Premium,2024-11-18,20,9099.98,9461.84,180128.55,4.7,10.5,17.3,6,2,33.6,19.0,2,0,31.4,0,0,4,0,413007.41
CUST-4410,Tara Chopra,tara.chopra.4410@example.com,54,Male,Ahmedabad,Standard,2026-03-27,4,3964.89,4122.55,15696.52,3.5,7.8,17.5,2,8,-18.6,22.0,2,0,1.0,0,0,3,0,164867.98
CUST-4411,Rajesh Verma,rajesh.verma.4411@example.com,38,Female,Delhi NCR,Standard,2024-01-12,30,4079.37,4241.59,121122.96,6.8,15.1,19.8,31,8,21.3,16.6,1,0,9.9,1,1,5,0,217888.4
CUST-4412,Ananya Saxena,ananya.saxena.4412@example.com,45,Male,Chandigarh,Standard,2025-08-27,11,4319.71,4491.48,47028.31,6.9,15.4,8.4,0,6,-1.2,52.3,4,1,35.1,0,0,4,0,208919.51
CUST-4413,Swati Singh,swati.singh.4413@example.com,51,Female,Mumbai,Basic,2025-06-09,13,1797.61,1869.09,23128.69,3.8,8.5,21.6,0,5,-20.9,5.4,0,0,35.8,0,0,4,0,89602.86
CUST-4414,Harsh Verma,harsh.verma.4414@example.com,34,Male,Kolkata,Premium,2026-05-26,2,10436.24,10851.24,20657.9,3.1,6.9,31.8,0,6,-4.7,59.9,2,0,31.9,1,1,4,0,501436.26
CUST-4415,Karan Verma,karan.verma.4415@example.com,37,Male,Hyderabad,Premium,2026-01-30,6,10729.84,11156.51,63717.19,2.9,6.5,31.6,1,1,-16.7,19.6,3,0,8.4,0,0,5,0,389059.05
CUST-4416,Simran Pandey,simran.pandey.4416@example.com,23,Male,Chennai,Standard,2025-11-07,8,4835.84,5028.14,38289.0,6.4,14.2,17.8,6,2,-26.9,23.4,0,0,31.2,1,1,4,0,158853.81
CUST-4417,Aditi Kapoor,aditi.kapoor.4417@example.com,38,Male,Pune,Basic,2025-11-18,8,1567.43,1629.76,12410.53,2.8,6.2,33.7,5,7,-9.1,84.5,1,0,1.0,0,0,4,0,75448.24
CUST-4418,Tara Malhotra,tara.malhotra.4418@example.com,53,Male,Mumbai,Enterprise,2024-09-11,22,25526.71,26541.78,555814.21,1.1,2.4,43.0,3,1,-0.1,71.6,5,2,21.0,0,0,3,0,1200000.0
CUST-4419,Deepak Malhotra,deepak.malhotra.4419@example.com,29,Female,Chandigarh,Standard,2026-02-24,5,3679.75,3826.07,18209.6,1.4,3.1,18.5,0,8,-6.6,44.9,3,0,12.9,0,0,4,0,187715.58
CUST-4420,Nikhil Das,nikhil.das.4420@example.com,24,Female,Mumbai,Basic,2026-04-30,3,1837.28,1910.34,5455.18,5.6,12.5,29.6,1,3,-9.4,10.5,0,0,21.4,0,1,5,0,67843.48
CUST-4421,Rajesh Reddy,rajesh.reddy.4421@example.com,33,Female,Jaipur,Standard,2025-06-13,13,3691.23,3838.01,47492.67,1.3,2.9,2.0,1,4,4.3,90.3,2,0,4.2,0,1,5,0,167419.84
CUST-4422,Nikhil Chopra,nikhil.chopra.4422@example.com,41,Female,Chandigarh,Standard,2025-05-12,14,4636.43,4820.8,64242.71,3.4,7.6,8.2,10,7,12.9,37.3,2,1,22.3,1,0,3,0,215835.85
CUST-4423,Vikram Kumar,vikram.kumar.4423@example.com,37,Male,Mumbai,Premium,2026-05-11,2,9290.01,9659.43,18389.01,4.4,9.8,23.0,11,10,-34.0,47.9,4,1,40.4,2,0,2,1,245932.87
CUST-4424,Nikhil Pandey,nikhil.pandey.4424@example.com,35,Female,Ahmedabad,Standard,2026-06-27,1,4927.06,5122.98,4876.41,0.7,1.6,10.9,11,7,-9.1,63.9,2,0,1.9,0,1,5,0,248241.73
CUST-4425,Aditi Sharma,aditi.sharma.4425@example.com,37,Male,Ahmedabad,Basic,2023-08-13,35,1569.24,1631.64,54358.76,4.6,10.2,44.4,26,2,-57.3,0.0,1,0,1.0,0,0,4,1,51004.24
CUST-4426,Pooja Kumar,pooja.kumar.4426@example.com,54,Female,Bengaluru,Standard,2026-05-20,2,4742.07,4930.64,9386.64,3.5,7.8,28.6,16,5,-6.5,26.6,1,1,14.5,2,0,3,1,139282.83
CUST-4427,Sanjay Deshmukh,sanjay.deshmukh.4427@example.com,51,Male,Bengaluru,Enterprise,2023-11-22,32,24972.23,25965.25,790896.09,0.2,0.5,32.6,5,8,2.2,40.4,1,1,52.7,1,0,2,0,1200000.0
CUST-4428,Aditi Chopra,aditi.chopra.4428@example.com,33,Other,Hyderabad,Basic,2025-11-14,8,1506.02,1565.91,11924.3,4.6,10.2,21.7,4,9,14.0,45.1,2,0,21.0,0,1,4,0,79395.84
CUST-4429,Simran Mehta,simran.mehta.4429@example.com,36,Female,Mumbai,Premium,2025-04-21,15,9974.78,10371.43,148083.51,5.0,11.1,11.0,18,5,2.3,10.7,1,0,5.7,0,0,4,0,510933.59
CUST-4430,Karan Reddy,karan.reddy.4430@example.com,39,Female,Bengaluru,Standard,2026-04-26,3,4995.93,5194.59,14833.71,4.6,10.2,16.3,7,2,13.3,49.8,0,0,27.0,0,0,5,0,192912.16
CUST-4431,Rhea Rao,rhea.rao.4431@example.com,49,Female,Jaipur,Premium,2024-06-28,25,9729.27,10116.15,240731.2,5.3,11.8,24.8,2,4,-0.2,42.8,1,1,2.0,0,0,4,0,509060.58
CUST-4432,Harsh Agarwal,harsh.agarwal.4432@example.com,44,Female,Delhi NCR,Standard,2026-04-21,3,4909.6,5104.83,14577.38,4.7,10.5,15.0,6,5,-20.9,82.0,2,2,30.4,0,1,3,0,186110.82
CUST-4433,Rajesh Joshi,rajesh.joshi.4433@example.com,35,Female,Bengaluru,Standard,2025-12-24,7,4699.57,4886.45,32558.79,5.7,12.7,29.4,36,6,-33.2,66.0,1,0,17.6,0,0,4,0,173477.91
CUST-4434,Meera Kapoor,meera.kapoor.4434@example.com,51,Male,Mumbai,Standard,2026-03-23,4,4713.03,4900.44,18658.31,2.2,4.9,29.8,14,6,-9.4,35.5,0,0,29.3,2,0,3,0,185690.12
CUST-4435,Siddharth Sharma,siddharth.sharma.4435@example.com,54,Male,Ahmedabad,Enterprise,2024-05-30,26,26313.6,27359.96,677120.15,1.3,2.9,22.1,2,1,-23.5,37.3,2,1,6.7,0,0,5,0,1200000.0
CUST-4436,Amit Kumar,amit.kumar.4436@example.com,36,Male,Pune,Basic,2024-03-20,28,1551.9,1613.61,43006.48,1.8,4.0,2.0,22,6,-5.4,66.3,1,0,31.4,0,0,3,0,70363.2
CUST-4437,Deepak Sharma,deepak.sharma.4437@example.com,28,Male,Kolkata,Standard,2025-12-21,7,3867.72,4021.52,26795.71,2.5,5.6,40.9,29,10,-15.8,48.8,1,0,28.3,0,0,4,0,211347.5
CUST-4438,Nikhil Rao,nikhil.rao.4438@example.com,36,Female,Chennai,Basic,2026-01-14,6,1854.83,1928.59,11014.57,8.4,18.7,19.7,1,1,9.7,9.1,3,1,40.0,0,1,4,1,60738.63
CUST-4439,Amit Chopra,amit.chopra.4439@example.com,59,Male,Bengaluru,Basic,2024-10-26,21,1852.45,1926.11,38501.52,2.5,5.6,51.8,16,5,-0.6,92.3,1,0,1.6,0,0,4,0,90914.06
CUST-4440,Rohan Singh,rohan.singh.4440@example.com,32,Female,Chennai,Premium,2024-01-10,30,10452.1,10867.73,310339.41,3.1,6.9,29.2,16,7,10.5,18.2,2,0,36.8,0,0,4,0,532339.46
CUST-4441,Varun Reddy,varun.reddy.4441@example.com,50,Female,Kolkata,Basic,2025-06-02,14,1504.53,1564.36,20846.88,3.7,8.2,19.7,0,8,10.4,100.0,1,0,1.0,0,0,3,0,75793.74
CUST-4442,Amit Verma,amit.verma.4442@example.com,52,Female,Hyderabad,Premium,2023-06-22,37,8871.33,9224.1,324864.74,3.5,7.8,26.9,8,5,-7.0,52.3,1,1,9.0,0,0,4,0,554454.52
CUST-4443,Tara Singh,tara.singh.4443@example.com,46,Male,Ahmedabad,Standard,2025-12-17,7,4982.81,5180.95,34521.09,8.0,17.8,2.0,2,2,-5.3,26.7,4,3,42.1,0,0,3,1,127392.81
CUST-4444,Simran Pandey,simran.pandey.4444@example.com,45,Male,Ahmedabad,Enterprise,2026-04-28,3,23081.33,23999.16,68532.13,0.6,1.3,33.3,8,3,12.0,0.0,1,0,11.5,0,1,4,0,1075866.1
CUST-4445,Kavya Mehta,kavya.mehta.4445@example.com,40,Male,Kolkata,Basic,2026-04-14,3,1791.68,1862.93,5319.78,8.8,19.6,50.2,18,7,66.5,60.6,0,0,1.0,0,0,4,0,97747.94
CUST-4446,Nikhil Joshi,nikhil.joshi.4446@example.com,23,Male,Mumbai,Basic,2025-03-09,16,1535.59,1596.65,24316.85,4.5,10.0,2.0,5,10,-29.7,4.8,3,1,52.4,0,1,4,0,80387.97
CUST-4447,Rahul Bhatia,rahul.bhatia.4447@example.com,43,Female,Chennai,Basic,2025-11-23,8,1568.86,1631.25,12421.85,6.2,13.8,18.8,4,4,-0.8,50.6,2,0,1.0,1,1,4,0,70073.36
CUST-4448,Divya Kumar,divya.kumar.4448@example.com,41,Female,Chennai,Premium,2026-04-10,3,10719.54,11145.8,31828.01,4.2,9.4,20.8,19,1,-35.5,88.4,1,0,1.0,0,0,5,0,417012.53
CUST-4449,Divya Chauhan,divya.chauhan.4449@example.com,54,Female,Kolkata,Standard,2026-02-22,5,3725.91,3874.07,18438.03,5.9,13.1,31.6,27,3,-2.6,14.7,3,2,35.9,0,0,3,0,61148.39
CUST-4450,Tara Agarwal,tara.agarwal.4450@example.com,29,Female,Chennai,Basic,2025-08-21,11,1534.92,1595.96,16710.54,2.2,4.9,45.2,0,10,-20.9,59.7,1,0,15.3,0,0,4,0,87832.63
CUST-4451,Aarav Kumar,aarav.kumar.4451@example.com,46,Female,Mumbai,Premium,2026-05-16,2,11097.64,11538.94,21967.1,1.4,3.1,26.2,19,2,-5.4,22.5,1,0,1.0,0,0,5,0,444679.13
CUST-4452,Priya Kumar,priya.kumar.4452@example.com,30,Male,Ahmedabad,Premium,2026-06-09,1,10300.91,10710.52,10195.01,9.6,21.4,45.6,0,9,2.3,69.2,0,0,42.2,0,0,4,0,545252.21
CUST-4453,Priya Bose,priya.bose.4453@example.com,55,Female,Hyderabad,Premium,2023-08-24,35,10476.89,10893.5,362921.38,8.2,18.3,23.9,3,1,-15.7,43.6,3,2,33.2,2,1,2,0,450423.94
CUST-4454,Rahul Patel,rahul.patel.4454@example.com,44,Male,Jaipur,Basic,2026-01-15,6,1746.53,1815.98,10371.45,2.0,4.5,27.0,10,9,-51.9,41.5,2,1,17.2,0,1,4,0,73422.3
CUST-4455,Sneha Joshi,sneha.joshi.4455@example.com,26,Male,Ahmedabad,Standard,2026-03-15,4,3683.88,3830.37,14584.03,5.7,12.7,25.6,11,10,37.9,71.0,3,1,24.0,1,0,2,0,189607.12
CUST-4456,Manish Patel,manish.patel.4456@example.com,46,Male,Delhi NCR,Premium,2025-02-08,17,8739.13,9086.64,147037.88,6.6,14.7,35.4,9,5,21.5,57.0,1,1,5.1,3,0,2,0,429646.97
CUST-4457,Vikram Singh,vikram.singh.4457@example.com,29,Male,Delhi NCR,Standard,2024-04-23,27,4286.7,4457.16,114551.02,5.6,12.5,17.4,0,6,-5.7,22.7,3,2,45.1,0,0,3,0,216812.52
CUST-4458,Rahul Kapoor,rahul.kapoor.4458@example.com,37,Male,Ahmedabad,Basic,2025-04-17,15,1542.25,1603.58,22895.92,3.8,8.5,31.0,1,6,-27.1,84.9,1,0,19.1,0,0,5,0,73667.02
CUST-4459,Tara Mishra,tara.mishra.4459@example.com,36,Male,Mumbai,Basic,2026-02-23,5,1564.69,1626.91,7743.02,8.5,18.9,8.5,20,6,0.4,5.1,2,0,13.0,0,0,4,1,65443.74
CUST-4460,Tanvi Verma,tanvi.verma.4460@example.com,22,Female,Jaipur,Enterprise,2024-03-10,28,29336.49,30503.05,812977.09,5.6,12.5,18.9,0,9,8.1,48.6,4,1,24.0,1,0,3,0,1200000.0
CUST-4461,Harsh Kapoor,harsh.kapoor.4461@example.com,43,Female,Hyderabad,Basic,2025-09-17,10,1356.8,1410.75,13428.51,2.3,5.1,15.0,0,9,19.6,22.3,0,0,5.3,0,0,5,0,67168.1
CUST-4462,Tanvi Malhotra,tanvi.malhotra.4462@example.com,24,Male,Chennai,Premium,2025-12-22,7,10179.42,10584.2,70523.39,3.4,7.6,23.0,13,10,22.1,6.3,2,1,37.6,0,0,2,0,490959.44
CUST-4463,Priya Verma,priya.verma.4463@example.com,59,Male,Delhi NCR,Standard,2025-06-26,13,3599.25,3742.37,46309.22,2.0,4.5,18.5,7,7,27.4,14.8,3,0,8.2,1,0,4,0,157239.02
CUST-4464,Tara Mishra,tara.mishra.4464@example.com,35,Female,Delhi NCR,Premium,2025-03-02,17,8297.71,8627.67,139610.89,4.0,8.9,34.5,3,3,-50.7,40.8,3,0,9.3,0,1,4,0,352961.53
CUST-4465,Ananya Saxena,ananya.saxena.4465@example.com,57,Male,Delhi NCR,Standard,2025-06-14,13,4170.56,4336.4,53659.9,3.9,8.7,12.3,1,7,-10.5,50.4,3,1,26.4,0,0,5,0,224841.43
CUST-4466,Rahul Nair,rahul.nair.4466@example.com,39,Female,Chandigarh,Standard,2023-07-26,36,4776.13,4966.05,170173.04,5.8,12.9,3.0,16,5,25.8,67.4,1,0,1.0,3,1,4,0,259070.8
CUST-4467,Rhea Singh,rhea.singh.4467@example.com,39,Female,Mumbai,Standard,2025-05-16,14,3802.04,3953.23,52681.34,5.8,12.9,7.1,33,9,-27.9,77.4,3,1,30.6,1,1,3,0,159418.89
CUST-4468,Rajesh Singh,rajesh.singh.4468@example.com,24,Male,Ahmedabad,Premium,2024-01-20,30,9845.96,10237.48,292342.16,5.0,11.1,32.9,0,8,32.1,48.7,2,0,15.7,0,0,4,0,570695.01
CUST-4469,Vikram Chauhan,vikram.chauhan.4469@example.com,31,Male,Jaipur,Basic,2025-06-10,13,1705.08,1772.88,21938.16,5.0,11.1,11.3,6,10,48.7,31.4,2,1,30.4,0,0,3,0,91621.06
CUST-4470,Tanvi Sharma,tanvi.sharma.4470@example.com,22,Male,Ahmedabad,Premium,2026-01-31,6,8822.05,9172.86,52388.13,6.4,14.2,26.4,2,6,31.4,66.9,2,0,13.1,1,1,3,0,439800.57
CUST-4471,Rajesh Bose,rajesh.bose.4471@example.com,48,Male,Chandigarh,Standard,2025-08-14,11,4316.18,4487.81,46989.88,3.7,8.2,18.8,13,5,16.5,27.2,2,2,21.9,2,0,1,0,71744.93
CUST-4472,Simran Pandey,simran.pandey.4472@example.com,48,Male,Delhi NCR,Standard,2026-05-21,2,4874.75,5068.59,9649.27,0.2,0.5,31.1,3,10,-14.5,3.7,3,1,25.4,0,0,3,0,201960.79
CUST-4473,Swati Gupta,swati.gupta.4473@example.com,32,Female,Kolkata,Standard,2026-03-20,4,4316.04,4487.67,17086.68,8.6,19.1,19.5,9,2,5.9,64.5,3,0,27.9,0,1,5,0,188344.29
CUST-4474,Harsh Mishra,harsh.mishra.4474@example.com,26,Male,Chandigarh,Basic,2024-10-16,21,1431.64,1488.57,29755.36,2.3,5.1,52.4,5,3,-39.7,73.8,1,1,17.3,0,1,5,0,70126.26
CUST-4475,Rohan Singh,rohan.singh.4475@example.com,28,Female,Mumbai,Premium,2025-03-12,16,10076.5,10477.19,159566.54,5.7,12.7,42.9,5,3,-23.9,22.3,1,0,26.0,0,0,4,0,410101.07
CUST-4476,Rahul Rao,rahul.rao.4476@example.com,40,Female,Hyderabad,Basic,2026-04-13,3,1659.8,1725.8,4928.21,3.5,7.8,18.5,14,4,-21.9,89.1,1,0,12.4,0,1,4,0,74744.72
CUST-4477,Aditya Iyer,aditya.iyer.4477@example.com,50,Male,Chennai,Enterprise,2025-11-01,9,22734.94,23638.99,202510.92,7.1,15.8,17.0,4,3,-0.3,56.0,1,1,18.5,1,1,5,0,939660.38
CUST-4478,Tara Mishra,tara.mishra.4478@example.com,36,Male,Pune,Enterprise,2026-04-28,3,23291.77,24217.96,69156.96,2.2,4.9,56.5,14,7,-13.0,52.4,2,1,34.6,0,0,4,0,1200000.0
CUST-4479,Isha Malhotra,isha.malhotra.4479@example.com,56,Male,Jaipur,Basic,2024-03-14,28,1431.36,1488.28,39666.06,2.7,6.0,10.1,3,6,5.3,29.6,1,1,28.2,0,0,3,0,84099.8
CUST-4480,Kavya Bose,kavya.bose.4480@example.com,58,Male,Chandigarh,Basic,2026-05-20,2,1420.6,1477.09,2811.99,3.2,7.1,21.4,1,8,22.6,66.4,2,0,1.0,0,0,4,0,76970.32
CUST-4481,Rahul Mishra,rahul.mishra.4481@example.com,33,Female,Hyderabad,Standard,2025-04-15,15,3962.26,4119.82,58822.89,5.4,12.0,22.2,4,2,-21.9,5.4,1,1,21.6,0,0,3,0,113359.6
CUST-4482,Vikram Saxena,vikram.saxena.4482@example.com,51,Male,Pune,Enterprise,2025-05-21,14,26472.36,27525.03,366802.95,4.7,10.5,22.0,5,2,2.2,33.8,3,0,2.1,0,0,4,0,1200000.0
CUST-4483,Harsh Agarwal,harsh.agarwal.4483@example.com,41,Female,Hyderabad,Standard,2025-10-10,9,4119.37,4283.18,36693.19,5.4,12.0,2.9,4,1,-13.6,24.4,2,2,38.3,0,0,3,0,80365.03
CUST-4484,Isha Kumar,isha.kumar.4484@example.com,58,Male,Ahmedabad,Standard,2026-02-19,5,4845.7,5038.39,23979.42,4.5,10.0,27.5,12,5,3.3,10.6,0,0,5.1,0,0,4,0,232566.37
CUST-4485,Vikram Gupta,vikram.gupta.4485@example.com,24,Male,Ahmedabad,Premium,2025-11-17,8,10027.03,10425.75,79391.58,6.2,13.8,11.3,6,7,17.2,62.7,1,0,17.9,0,1,4,0,518725.36
CUST-4486,Simran Malhotra,simran.malhotra.4486@example.com,30,Male,Delhi NCR,Basic,2024-08-09,23,1808.77,1880.7,41174.02,6.2,13.8,37.8,16,9,23.8,50.2,2,0,22.2,0,1,5,0,105555.33
CUST-4487,Deepak Verma,deepak.verma.4487@example.com,47,Female,Bengaluru,Standard,2024-10-29,21,4336.77,4509.22,90135.9,7.4,16.5,6.0,5,5,16.8,61.3,2,2,38.4,0,0,2,0,200600.26
CUST-4488,Aditi Verma,aditi.verma.4488@example.com,23,Male,Chennai,Basic,2024-12-24,19,1396.25,1451.77,26256.02,4.9,10.9,22.7,1,1,9.6,35.3,2,0,9.4,0,0,5,0,61115.82
CUST-4489,Simran Joshi,simran.joshi.4489@example.com,44,Male,Mumbai,Standard,2024-11-29,20,4247.54,4416.44,84077.46,4.9,10.9,2.0,1,3,-41.8,65.6,1,0,16.6,1,0,5,0,200232.88
CUST-4490,Aditya Chauhan,aditya.chauhan.4490@example.com,44,Female,Mumbai,Basic,2026-04-11,3,1780.38,1851.18,5286.23,7.9,17.6,2.0,15,8,-32.3,43.9,1,0,7.6,0,0,4,0,88536.18
CUST-4491,Varun Gupta,varun.gupta.4491@example.com,42,Male,Delhi NCR,Standard,2026-05-23,2,3870.78,4024.7,7661.97,6.7,14.9,12.8,0,3,-25.1,30.7,2,2,26.9,0,0,4,0,131026.32
CUST-4492,Isha Joshi,isha.joshi.4492@example.com,37,Male,Ahmedabad,Premium,2024-03-19,28,8386.39,8719.87,232404.86,5.3,11.8,14.3,0,7,8.0,26.7,3,1,12.6,0,0,2,0,462831.71
CUST-4493,Ananya Gupta,ananya.gupta.4493@example.com,30,Female,Delhi NCR,Standard,2024-05-18,26,4060.19,4221.64,104479.68,1.3,2.9,38.1,0,10,-38.1,0.0,1,0,16.7,0,1,4,0,231543.74
CUST-4494,Siddharth Singh,siddharth.singh.4494@example.com,34,Male,Kolkata,Standard,2025-02-25,17,4143.42,4308.18,69714.0,0.7,1.6,21.6,4,3,7.5,69.9,4,2,37.7,0,0,3,0,190496.86
CUST-4495,Varun Verma,varun.verma.4495@example.com,49,Female,Chandigarh,Basic,2025-05-27,14,1509.78,1569.82,20919.62,5.5,12.2,36.2,5,2,5.4,67.2,0,0,5.9,1,0,3,0,67206.43
CUST-4496,Pooja Malhotra,pooja.malhotra.4496@example.com,48,Female,Chandigarh,Standard,2025-12-11,7,3788.39,3939.03,26246.1,5.6,12.5,17.8,0,10,-56.2,100.0,1,0,5.9,0,1,5,0,217993.43
CUST-4497,Deepak Saxena,deepak.saxena.4497@example.com,38,Female,Jaipur,Basic,2026-03-25,4,1480.7,1539.58,5861.91,2.7,6.0,28.7,5,6,-32.5,34.0,4,4,67.1,0,1,3,1,25059.04
CUST-4498,Shreya Reddy,shreya.reddy.4498@example.com,59,Female,Ahmedabad,Standard,2025-03-17,16,4554.06,4735.15,72115.87,4.9,10.9,14.0,3,2,27.2,26.0,1,0,5.9,1,0,3,0,193807.73
CUST-4499,Meera Verma,meera.verma.4499@example.com,57,Female,Bengaluru,Basic,2023-08-21,35,1551.58,1613.28,53747.01,2.3,5.1,13.3,11,10,17.5,1.2,3,1,32.6,0,0,4,0,103699.44
